product_id,granule_id,collection,track,direction,frame,frame_id,Polarization,stac_Frame,OBSID,Platform,Node,DEMCorrection,InputResolutionAlong,Dumping_Date,datetime,InputResolutionAcross,GenerationTime,ID,Scene_Identifier_Scheme,ProductCode,Sat_Spec,Dumping_Orbit,SceneCenterLon,Mode,IncidenceAngle,RCID,Coverage,Look_dir,ImgLatLon,SceneCenterLat,SoftwareVersion,Producer,DEMSource,CycleNumber,SessionNumber,Imaging_Orbit,Instrument,ProdLatLon,Sat_Spec_Scheme,AcquistionMode,Online,updated,Scene_Identifier,stac_Track,Imaging_Date
NISAR_S2_PR_GUNW_025_172_D_128_027_3700_SH_20260720T035430_20260720T035508_20260813T035429_20260813T035507_P00500_M_F_I_001,NISAR_S2_PR_GUNW_025_172_D_128_027_3700_SH_20260720T035430_20260720T035508_20260813T035429_20260813T035507_P00500_M_F_I_001,NISAR_SSAR_GUNW,172,D,128,172_D_128,HH,128,2026225035420,NISAR,Descending,True,5.479584789,13-AUG-2026,2026-08-13T03:54:29Z,5.993008615,2026-08-16T02:19:44,NISAR_S2_PR_GUNW_025_172_D_128_027_3700_SH_20260720T035430_20260720T035508_20260813T035429_20260813T035507_P00500_M_F_I_001,ObsId_Track_Frame,STUCGUFED,NISAR_SSAR_W,5464,-165.4076432,W,41.45491409,247,F,Left,"[[""-169.0314886"", ""-78.38855312""], [""-157.6834404"", ""-79.07656171""], [""-160.5531131"", ""-81.2341438""], [""-174.1860587"", ""-80.41219474""], [""-169.0314886"", ""-78.38855312""]]",-79.83791677,1.4.00,ISRO,Copernicus GLO-30,25,2026225035340,5461,SSAR,"[[""-152.1070166"", ""-80.81177681""], [""-174.2339772"", ""-81.83440193""], [""-175.9353844"", ""-78.44510399""], [""-159.5699981"", ""-77.70583279""], [""-152.1070166"", ""-80.81177681""]]",SAT_SEN_MODE,J,Y,2026-08-16 02:30:03,2026225035420_172_128,172,13-AUG-2026
NISAR_S2_PR_GUNW_025_172_D_127_027_3700_SH_20260720T035417_20260720T035433_20260813T035416_20260813T035432_P00500_M_P_I_001,NISAR_S2_PR_GUNW_025_172_D_127_027_3700_SH_20260720T035417_20260720T035433_20260813T035416_20260813T035432_P00500_M_P_I_001,NISAR_SSAR_GUNW,172,D,127,172_D_127,HH,127,2026225035420,NISAR,Descending,True,5.480462025,13-AUG-2026,2026-08-13T03:54:16Z,5.99287081,2026-08-16T00:23:01,NISAR_S2_PR_GUNW_025_172_D_127_027_3700_SH_20260720T035417_20260720T035433_20260813T035416_20260813T035432_P00500_M_P_I_001,ObsId_Track_Frame,STUCGUFED,NISAR_SSAR_W,5464,-163.102193,W,41.47140884,247,P,Left,"[[""-167.6147593"", ""-77.66573272""], [""-156.9197182"", ""-78.31818201""], [""-157.9012188"", ""-79.25711479""], [""-169.4014782"", ""-78.56014896""], [""-167.6147593"", ""-77.66573272""]]",-78.50223557,1.4.00,ISRO,Copernicus GLO-30,25,2026225035340,5461,SSAR,"[[""-150.7394262"", ""-78.75498864""], [""-168.7642848"", ""-79.99165488""], [""-171.6790979"", ""-76.55146989""], [""-157.584156"", ""-75.61460454""], [""-150.7394262"", ""-78.75498864""]]",SAT_SEN_MODE,J,Y,2026-08-16 00:33:18,2026225035420_172_127,172,13-AUG-2026
NISAR_S2_PR_GUNW_025_142_D_131_027_3700_SH_20260718T015934_20260718T020007_20260811T015933_20260811T020006_P00500_M_P_I_001,NISAR_S2_PR_GUNW_025_142_D_131_027_3700_SH_20260718T015934_20260718T020007_20260811T015933_20260811T020006_P00500_M_P_I_001,NISAR_SSAR_GUNW,142,D,131,142_D_131,HH,131,2026223015632,NISAR,Descending,True,5.476360615,11-AUG-2026,2026-08-11T01:59:33Z,5.999428229,2026-08-16T11:28:33,NISAR_S2_PR_GUNW_025_142_D_131_027_3700_SH_20260718T015934_20260718T020007_20260811T015933_20260811T020006_P00500_M_P_I_001,ObsId_Track_Frame,STUCGUFED,NISAR_SSAR_W,5437,-155.7494208,W,41.38540649,247,P,Left,"[[""-158.505283"", ""-83.31118116""], [""-139.8452481"", ""-84.49661448""], [""-150.5732602"", ""-86.2528422""], [""-172.1657259"", ""-84.67817347""], [""-158.505283"", ""-83.31118116""]]",-84.79632575,1.4.00,ISRO,Copernicus GLO-30,25,2026223015608,5431,SSAR,"[[""-129.9166876"", ""-85.19027448""], [""-169.3061274"", ""-86.85816562""], [""-174.7841361"", ""-83.59178163""], [""-149.9806424"", ""-82.6320062""], [""-129.9166876"", ""-85.19027448""]]",SAT_SEN_MODE,J,Y,2026-08-16 11:43:58,2026223015632_142_131,142,11-AUG-2026
NISAR_S2_PR_GUNW_025_142_D_130_027_3700_SH_20260718T015902_20260718T015937_20260811T015901_20260811T015936_P00500_M_F_I_001,NISAR_S2_PR_GUNW_025_142_D_130_027_3700_SH_20260718T015902_20260718T015937_20260811T015901_20260811T015936_P00500_M_F_I_001,NISAR_SSAR_GUNW,142,D,130,142_D_130,HH,130,2026223015632,NISAR,Descending,True,5.478058816,11-AUG-2026,2026-08-11T01:59:01Z,5.991225152,2026-08-16T09:01:25,NISAR_S2_PR_GUNW_025_142_D_130_027_3700_SH_20260718T015902_20260718T015937_20260811T015901_20260811T015936_P00500_M_F_I_001,ObsId_Track_Frame,STUCGUFED,NISAR_SSAR_W,5437,-146.2957752,W,41.52118301,247,F,Left,"[[""-149.9507065"", ""-81.78508649""], [""-134.312824"", ""-82.73356245""], [""-140.4733612"", ""-84.67175874""], [""-159.5728159"", ""-83.45121545""], [""-149.9507065"", ""-81.78508649""]]",-83.25487541,1.4.00,ISRO,Copernicus GLO-30,25,2026223015608,5431,SSAR,"[[""-126.4692344"", ""-83.37367384""], [""-151.4300368"", ""-85.51268329""], [""-163.5879023"", ""-82.41174197""], [""-143.8026558"", ""-80.98516656""], [""-126.4692344"", ""-83.37367384""]]",SAT_SEN_MODE,J,Y,2026-08-16 09:12:01,2026223015632_142_130,142,11-AUG-2026
NISAR_S2_PR_GUNW_025_142_D_129_027_3700_SH_20260718T015833_20260718T015905_20260811T015832_20260811T015904_P00500_M_F_I_001,NISAR_S2_PR_GUNW_025_142_D_129_027_3700_SH_20260718T015833_20260718T015905_20260811T015832_20260811T015904_P00500_M_F_I_001,NISAR_SSAR_GUNW,142,D,129,142_D_129,HH,129,2026223015632,NISAR,Descending,True,5.479130261,11-AUG-2026,2026-08-11T01:58:32Z,5.993757243,2026-08-16T09:31:19,NISAR_S2_PR_GUNW_025_142_D_129_027_3700_SH_20260718T015833_20260718T015905_20260811T015832_20260811T015904_P00500_M_F_I_001,ObsId_Track_Frame,STUCGUFED,NISAR_SSAR_W,5437,-140.4428363,W,41.47344208,247,F,Left,"[[""-144.4887166"", ""-80.24865951""], [""-131.1368043"", ""-81.05228892""], [""-134.7814847"", ""-82.90876617""], [""-150.7074028"", ""-81.9378662""], [""-144.4887166"", ""-80.24865951""]]",-81.61139789,1.4.00,ISRO,Copernicus GLO-30,25,2026223015608,5431,SSAR,"[[""-125.0438515"", ""-81.61286579""], [""-141.69708"", ""-83.85818682""], [""-154.8372118"", ""-81.05606431""], [""-139.7007484"", ""-79.39425074""], [""-125.0438515"", ""-81.61286579""]]",SAT_SEN_MODE,J,Y,2026-08-16 09:43:28,2026223015632_142_129,142,11-AUG-2026
NISAR_S2_PR_GUNW_025_142_D_128_027_3700_SH_20260718T015758_20260718T015836_20260811T015757_20260811T015835_P00500_M_F_I_001,NISAR_S2_PR_GUNW_025_142_D_128_027_3700_SH_20260718T015758_20260718T015836_20260811T015757_20260811T015835_P00500_M_F_I_001,NISAR_SSAR_GUNW,142,D,128,142_D_128,HH,128,2026223015632,NISAR,Descending,True,5.480236017,11-AUG-2026,2026-08-11T01:57:57Z,5.995901288,2026-08-16T10:55:27,NISAR_S2_PR_GUNW_025_142_D_128_027_3700_SH_20260718T015758_20260718T015836_20260811T015757_20260811T015835_P00500_M_F_I_001,ObsId_Track_Frame,STUCGUFED,NISAR_SSAR_W,5437,-136.2910745,W,41.41300964,247,F,Left,"[[""-139.8137686"", ""-78.39385916""], [""-128.6122098"", ""-79.07242803""], [""-131.5284681"", ""-81.22771311""], [""-145.0056218"", ""-80.41371797""], [""-139.8137686"", ""-78.39385916""]]",-79.84201338,1.4.00,ISRO,Copernicus GLO-30,25,2026223015608,5431,SSAR,"[[""-122.9993008"", ""-79.66051983""], [""-136.4122978"", ""-82.21675687""], [""-149.3390006"", ""-79.48985338""], [""-136.197051"", ""-77.48743799""], [""-122.9993008"", ""-79.66051983""]]",SAT_SEN_MODE,J,Y,2026-08-16 11:09:28,2026223015632_142_128,142,11-AUG-2026
NISAR_S2_PR_GUNW_025_142_D_127_027_3700_SH_20260718T015722_20260718T015801_20260811T015721_20260811T015800_P00500_M_F_I_001,NISAR_S2_PR_GUNW_025_142_D_127_027_3700_SH_20260718T015722_20260718T015801_20260811T015721_20260811T015800_P00500_M_F_I_001,NISAR_SSAR_GUNW,142,D,127,142_D_127,HH,127,2026223015632,NISAR,Descending,True,5.567762474,11-AUG-2026,2026-08-11T01:57:21Z,5.989681308,2026-08-16T08:58:14,NISAR_S2_PR_GUNW_025_142_D_127_027_3700_SH_20260718T015722_20260718T015801_20260811T015721_20260811T015800_P00500_M_F_I_001,ObsId_Track_Frame,STUCGUFED,NISAR_SSAR_W,5437,-133.0430668,W,41.49734497,247,F,Left,"[[""-136.252397"", ""-76.39289248""], [""-126.6780344"", ""-76.98421962""], [""-128.8932816"", ""-79.25106409""], [""-140.2551971"", ""-78.56004212""], [""-136.252397"", ""-76.39289248""]]",-77.85256917,1.4.00,ISRO,Copernicus GLO-30,25,2026223015608,5431,SSAR,"[[""-121.7927122"", ""-77.55730704""], [""-132.4124321"", ""-80.26624918""], [""-144.3587779"", ""-77.68420777""], [""-133.4200808"", ""-75.45969951""], [""-121.7927122"", ""-77.55730704""]]",SAT_SEN_MODE,J,Y,2026-08-16 09:10:26,2026223015632_142_127,142,11-AUG-2026
NISAR_S2_PR_GUNW_025_142_D_126_027_3700_SH_20260718T015647_20260718T015725_20260811T015646_20260811T015724_P00500_M_F_I_001,NISAR_S2_PR_GUNW_025_142_D_126_027_3700_SH_20260718T015647_20260718T015725_20260811T015646_20260811T015724_P00500_M_F_I_001,NISAR_SSAR_GUNW,142,D,126,142_D_126,HH,126,2026223015632,NISAR,Descending,True,5.483689238,11-AUG-2026,2026-08-11T01:56:46Z,5.989951686,2026-08-16T09:31:03,NISAR_S2_PR_GUNW_025_142_D_126_027_3700_SH_20260718T015647_20260718T015725_20260811T015646_20260811T015724_P00500_M_F_I_001,ObsId_Track_Frame,STUCGUFED,NISAR_SSAR_W,5437,-130.6193185,W,41.44496918,247,F,Left,"[[""-133.6807961"", ""-74.39407348""], [""-125.2861816"", ""-74.92981558""], [""-126.8479099"", ""-77.16660432""], [""-136.5299751"", ""-76.56930777""], [""-133.6807961"", ""-74.39407348""]]",-75.80832809,1.4.00,ISRO,Copernicus GLO-30,25,2026223015608,5431,SSAR,"[[""-121.1019043"", ""-75.46383427""], [""-129.5553728"", ""-78.18815991""], [""-140.2828115"", ""-75.76994147""], [""-131.3231398"", ""-73.45205651""], [""-121.1019043"", ""-75.46383427""]]",SAT_SEN_MODE,J,Y,2026-08-16 09:46:12,2026223015632_142_126,142,11-AUG-2026
NISAR_S2_PR_GUNW_025_085_D_130_026_3700_SH_20260714T030538_20260714T030613_20260726T030537_20260726T030612_P00500_M_F_I_001,NISAR_S2_PR_GUNW_025_085_D_130_026_3700_SH_20260714T030538_20260714T030613_20260726T030537_20260726T030612_P00500_M_F_I_001,NISAR_SSAR_GUNW,85,D,130,085_D_130,HH,130,2026207030332,NISAR,Descending,True,5.478082109,26-JUL-2026,2026-07-26T03:05:37Z,5.993408849,2026-07-28T02:53:02,NISAR_S2_PR_GUNW_025_085_D_130_026_3700_SH_20260714T030538_20260714T030613_20260726T030537_20260726T030612_P00500_M_F_I_001,ObsId_Track_Frame,STUCGUFED,NISAR_SSAR_W,5204,-162.9437738,W,41.42556381,247,F,Left,"[[""-166.6469496"", ""-81.78125467""], [""-150.9435329"", ""-82.73462197""], [""-157.090895"", ""-84.67399081""], [""-176.2349187"", ""-83.45114912""], [""-166.6469496"", ""-81.78125467""]]",-83.25079911,1.4.00,ISRO,Copernicus GLO-30,25,2026207030316,5201,SSAR,"[[""-142.3466624"", ""-83.99568504""], [""-176.6522512"", ""-85.23657791""], [""-178.0443186"", ""-81.85766624""], [""-155.7528888"", ""-81.07797704""], [""-142.3466624"", ""-83.99568504""]]",SAT_SEN_MODE,J,Y,2026-07-28 03:06:29,2026207030332_85_130,85,26-JUL-2026
NISAR_S2_PR_GUNW_025_085_D_129_026_3700_SH_20260714T030508_20260714T030541_20260726T030508_20260726T030541_P00500_M_F_I_001,NISAR_S2_PR_GUNW_025_085_D_129_026_3700_SH_20260714T030508_20260714T030541_20260726T030508_20260726T030541_P00500_M_F_I_001,NISAR_SSAR_GUNW,85,D,129,085_D_129,HH,129,2026207030332,NISAR,Descending,True,5.47838465,26-JUL-2026,2026-07-26T03:05:08Z,5.994714698,2026-07-28T01:26:50,NISAR_S2_PR_GUNW_025_085_D_129_026_3700_SH_20260714T030508_20260714T030541_20260726T030508_20260726T030541_P00500_M_F_I_001,ObsId_Track_Frame,STUCGUFED,NISAR_SSAR_W,5204,-157.0847959,W,41.40751648,247,F,Left,"[[""-161.1326885"", ""-80.2508467""], [""-147.7871691"", ""-81.0538993""], [""-151.4220408"", ""-82.9114094""], [""-167.3692953"", ""-81.93931357""], [""-161.1326885"", ""-80.2508467""]]",-81.61160181,1.4.00,ISRO,Copernicus GLO-30,25,2026207030316,5201,SSAR,"[[""-140.983851"", ""-82.19068432""], [""-165.0996986"", ""-83.71798486""], [""-170.2297798"", ""-80.49285704""], [""-152.3298556"", ""-79.42641108""], [""-140.983851"", ""-82.19068432""]]",SAT_SEN_MODE,J,Y,2026-07-28 01:41:37,2026207030332_85_129,85,26-JUL-2026
NISAR_S2_PR_GUNW_025_085_D_128_026_3700_SH_20260714T030434_20260714T030512_20260726T030433_20260726T030511_P00500_M_F_I_001,NISAR_S2_PR_GUNW_025_085_D_128_026_3700_SH_20260714T030434_20260714T030512_20260726T030433_20260726T030511_P00500_M_F_I_001,NISAR_SSAR_GUNW,85,D,128,085_D_128,HH,128,2026207030332,NISAR,Descending,True,5.479255509,26-JUL-2026,2026-07-26T03:04:33Z,5.996496607,2026-07-28T04:49:33,NISAR_S2_PR_GUNW_025_085_D_128_026_3700_SH_20260714T030434_20260714T030512_20260726T030433_20260726T030511_P00500_M_F_I_001,ObsId_Track_Frame,STUCGUFED,NISAR_SSAR_W,5204,-152.9371246,W,41.45439911,247,F,Left,"[[""-156.5236907"", ""-78.39109236""], [""-145.2218451"", ""-79.07622891""], [""-148.122761"", ""-81.23269792""], [""-161.6786076"", ""-80.41479342""], [""-156.5236907"", ""-78.39109236""]]",-79.83926357,1.4.00,ISRO,Copernicus GLO-30,25,2026207030316,5201,SSAR,"[[""-138.8214374"", ""-80.31985409""], [""-158.5040214"", ""-82.16328188""], [""-165.1253416"", ""-78.83072812""], [""-149.4609558"", ""-77.47623821""], [""-138.8214374"", ""-80.31985409""]]",SAT_SEN_MODE,J,Y,2026-07-28 05:00:21,2026207030332_85_128,85,26-JUL-2026
NISAR_S2_PR_GUNW_025_085_D_127_026_3700_SH_20260714T030358_20260714T030437_20260726T030357_20260726T030437_P00500_M_F_I_001,NISAR_S2_PR_GUNW_025_085_D_127_026_3700_SH_20260714T030358_20260714T030437_20260726T030357_20260726T030437_P00500_M_F_I_001,NISAR_SSAR_GUNW,85,D,127,085_D_127,HH,127,2026207030332,NISAR,Descending,True,5.480969029,26-JUL-2026,2026-07-26T03:03:57Z,5.993476712,2026-07-28T02:21:29,NISAR_S2_PR_GUNW_025_085_D_127_026_3700_SH_20260714T030358_20260714T030437_20260726T030357_20260726T030437_P00500_M_F_I_001,ObsId_Track_Frame,STUCGUFED,NISAR_SSAR_W,5204,-149.6788075,W,41.49316025,247,F,Left,"[[""-152.9571064"", ""-76.39055513""], [""-143.2909288"", ""-76.98797659""], [""-145.4694879"", ""-79.25614865""], [""-156.8953361"", ""-78.56312135""], [""-152.9571064"", ""-76.39055513""]]",-77.84956797,1.4.00,ISRO,Copernicus GLO-30,25,2026207030316,5201,SSAR,"[[""-137.6397485"", ""-78.23797118""], [""-153.4697897"", ""-80.27544579""], [""-160.5454648"", ""-76.98216311""], [""-147.1714582"", ""-75.40811434""], [""-137.6397485"", ""-78.23797118""]]",SAT_SEN_MODE,J,Y,2026-07-28 02:37:43,2026207030332_85_127,85,26-JUL-2026
NISAR_S2_PR_GUNW_025_056_D_129_026_3700_SH_20260712T024830_20260712T024903_20260724T024829_20260724T024902_P00500_M_F_I_001,NISAR_S2_PR_GUNW_025_056_D_129_026_3700_SH_20260712T024830_20260712T024903_20260724T024829_20260724T024902_P00500_M_F_I_001,NISAR_SSAR_GUNW,56,D,129,056_D_129,HH,129,2026205024656,NISAR,Descending,True,5.478452597,24-JUL-2026,2026-07-24T02:48:29Z,5.990725503,2026-07-26T01:27:36,NISAR_S2_PR_GUNW_025_056_D_129_026_3700_SH_20260712T024830_20260712T024903_20260724T024829_20260724T024902_P00500_M_F_I_001,ObsId_Track_Frame,STUCGUFED,NISAR_SSAR_W,5177,-152.919538,W,41.46601486,247,F,Left,"[[""-156.9684751"", ""-80.25137836""], [""-143.6153153"", ""-81.05457952""], [""-147.2507493"", ""-82.91206171""], [""-163.2049678"", ""-81.93987671""], [""-156.9684751"", ""-80.25137836""]]",-81.6128349,1.4.00,ISRO,Copernicus GLO-30,25,2026205024628,5172,SSAR,"[[""-136.8193718"", ""-82.04252601""], [""-159.3795454"", ""-83.79645386""], [""-166.5419872"", ""-80.62399356""], [""-149.1708553"", ""-79.38739354""], [""-136.8193718"", ""-82.04252601""]]",SAT_SEN_MODE,J,Y,2026-07-26 01:39:07,2026205024656_56_129,56,24-JUL-2026
NISAR_S2_PR_GUNW_025_056_D_127_026_3700_SH_20260712T024719_20260712T024759_20260724T024719_20260724T024758_P00500_M_F_I_001,NISAR_S2_PR_GUNW_025_056_D_127_026_3700_SH_20260712T024719_20260712T024759_20260724T024719_20260724T024758_P00500_M_F_I_001,NISAR_SSAR_GUNW,56,D,127,056_D_127,HH,127,2026205024656,NISAR,Descending,True,5.481441992,24-JUL-2026,2026-07-24T02:47:19Z,5.996701313,2026-07-26T02:43:25,NISAR_S2_PR_GUNW_025_056_D_127_026_3700_SH_20260712T024719_20260712T024759_20260724T024719_20260724T024758_P00500_M_F_I_001,ObsId_Track_Frame,STUCGUFED,NISAR_SSAR_W,5177,-145.5370062,W,41.48075104,247,F,Left,"[[""-148.7879592"", ""-76.38985984""], [""-139.1615083"", ""-76.98540629""], [""-141.3830788"", ""-79.25194626""], [""-152.7167197"", ""-78.56318756""], [""-148.7879592"", ""-76.38985984""]]",-77.84579838,1.4.00,ISRO,Copernicus GLO-30,25,2026205024628,5172,SSAR,"[[""-133.5208602"", ""-78.06090373""], [""-148.1977631"", ""-80.31466599""], [""-156.6352232"", ""-77.15234929""], [""-143.7350439"", ""-75.38972022""], [""-133.5208602"", ""-78.06090373""]]",SAT_SEN_MODE,J,Y,2026-07-26 02:56:06,2026205024656_56_127,56,24-JUL-2026
NISAR_S2_PR_GUNW_025_012_D_129_026_3700_SH_20260709T013335_20260709T013408_20260721T013334_20260721T013407_P00500_M_F_I_001,NISAR_S2_PR_GUNW_025_012_D_129_026_3700_SH_20260709T013335_20260709T013408_20260721T013334_20260721T013407_P00500_M_F_I_001,NISAR_SSAR_GUNW,12,D,129,012_D_129,HH,129,2026202013120,NISAR,Descending,True,5.478874677,21-JUL-2026,2026-07-21T01:33:34Z,5.993635144,2026-07-30T17:20:53,NISAR_S2_PR_GUNW_025_012_D_129_026_3700_SH_20260709T013335_20260709T013408_20260721T013334_20260721T013407_P00500_M_F_I_001,ObsId_Track_Frame,STUCGUFED,NISAR_SSAR_W,5129,-141.0589743,W,34.18609238,247,F,Left,"[[""-138.2319742"", ""-80.2509141""], [""-138.2338949"", ""-80.25079347""], [""-144.4805285"", ""-81.9375983""], [""-144.4783237"", ""-81.93774955""], [""-138.2319742"", ""-80.2509141""]]",-81.10685769,1.4.00,ISRO,Copernicus GLO-30,25,2026202013116,5128,SSAR,"[[""-119.5477447"", ""-81.4155117""], [""-132.9299693"", ""-83.77914773""], [""-148.5518974"", ""-81.27766218""], [""-134.8983217"", ""-79.46689593""], [""-119.5477447"", ""-81.4155117""]]",SAT_SEN_MODE,J,Y,2026-07-30 17:53:12,2026202013120_12_129,12,21-JUL-2026
NISAR_S2_PR_GUNW_025_012_D_128_026_3700_SH_20260709T013301_20260709T013338_20260721T013300_20260721T013338_P00500_M_F_I_001,NISAR_S2_PR_GUNW_025_012_D_128_026_3700_SH_20260709T013301_20260709T013338_20260721T013300_20260721T013338_P00500_M_F_I_001,NISAR_SSAR_GUNW,12,D,128,012_D_128,HH,128,2026202013120,NISAR,Descending,True,5.480589893,21-JUL-2026,2026-07-21T01:33:00Z,5.991226714,2026-07-30T17:12:16,NISAR_S2_PR_GUNW_025_012_D_128_026_3700_SH_20260709T013301_20260709T013338_20260721T013300_20260721T013338_P00500_M_F_I_001,ObsId_Track_Frame,STUCGUFED,NISAR_SSAR_W,5129,-130.0463,W,41.47077942,247,F,Left,"[[""-133.572713"", ""-78.39442321""], [""-122.3714884"", ""-79.07301216""], [""-125.2804872"", ""-81.22856468""], [""-138.7688472"", ""-80.41392354""], [""-133.572713"", ""-78.39442321""]]",-79.84423692,1.4.00,ISRO,Copernicus GLO-30,25,2026202013116,5128,SSAR,"[[""-117.4960858"", ""-79.45049724""], [""-128.246426"", ""-82.12263334""], [""-142.9380584"", ""-79.74573393""], [""-131.163"", ""-77.5829764""], [""-117.4960858"", ""-79.45049724""]]",SAT_SEN_MODE,J,Y,2026-07-30 17:34:29,2026202013120_12_128,12,21-JUL-2026
NISAR_S2_PR_GUNW_024_172_D_129_025_3700_SH_20260708T035505_20260708T035538_20260720T035505_20260720T035537_P00500_M_F_I_001,NISAR_S2_PR_GUNW_024_172_D_129_025_3700_SH_20260708T035505_20260708T035538_20260720T035505_20260720T035537_P00500_M_F_I_001,NISAR_SSAR_GUNW,172,D,129,172_D_129,HH,129,2026201035420,NISAR,Descending,True,5.478354716,20-JUL-2026,2026-07-20T03:55:05Z,5.991981167,2026-07-22T13:15:24,NISAR_S2_PR_GUNW_024_172_D_129_025_3700_SH_20260708T035505_20260708T035538_20260720T035505_20260720T035537_P00500_M_F_I_001,ObsId_Track_Frame,STUCGUFED,NISAR_SSAR_W,5119,-169.556549,W,41.46040344,247,F,Left,"[[""-173.6310596"", ""-80.25171626""], [""-160.253121"", ""-81.05643443""], [""-163.881353"", ""-82.91418137""], [""-179.8689709"", ""-81.94010748""], [""-173.6310596"", ""-80.25171626""]]",-81.61210791,1.4.00,ISRO,Copernicus GLO-30,24,2026201035340,5115,SSAR,"[[""-154.5145731"", ""-82.61748422""], [""178.8053257"", ""-83.33275777""], [""179.1898107"", ""-80.18159035""], [""-162.0874906"", ""-79.68497485""], [""-154.5145731"", ""-82.61748422""]]",SAT_SEN_MODE,J,Y,2026-07-22 13:28:58,2026201035420_172_129,172,20-JUL-2026
NISAR_S2_PR_GUNW_024_172_D_128_025_3700_SH_20260708T035431_20260708T035509_20260720T035430_20260720T035508_P00500_M_F_I_001,NISAR_S2_PR_GUNW_024_172_D_128_025_3700_SH_20260708T035431_20260708T035509_20260720T035430_20260720T035508_P00500_M_F_I_001,NISAR_SSAR_GUNW,172,D,128,172_D_128,HH,128,2026201035420,NISAR,Descending,True,5.479204141,20-JUL-2026,2026-07-20T03:54:30Z,5.992431162,2026-07-22T14:57:06,NISAR_S2_PR_GUNW_024_172_D_128_025_3700_SH_20260708T035431_20260708T035509_20260720T035430_20260720T035508_P00500_M_F_I_001,ObsId_Track_Frame,STUCGUFED,NISAR_SSAR_W,5119,-165.4063376,W,41.45733261,247,F,Left,"[[""-169.033485"", ""-78.38952811""], [""-157.6783005"", ""-79.07782661""], [""-160.5469165"", ""-81.23544951""], [""-174.1889698"", ""-80.41312983""], [""-169.033485"", ""-78.38952811""]]",-79.83910994,1.4.00,ISRO,Copernicus GLO-30,24,2026201035340,5115,SSAR,"[[""-152.1070166"", ""-80.81177681""], [""-174.2339772"", ""-81.83440193""], [""-175.9353844"", ""-78.44510399""], [""-159.5699981"", ""-77.70583279""], [""-152.1070166"", ""-80.81177681""]]",SAT_SEN_MODE,J,Y,2026-07-22 15:12:33,2026201035420_172_128,172,20-JUL-2026
NISAR_S2_PR_GUNW_023_156_D_129_025_3700_SH_20260625T011657_20260625T011730_20260719T011656_20260719T011728_P00500_M_F_I_001,NISAR_S2_PR_GUNW_023_156_D_129_025_3700_SH_20260625T011657_20260625T011730_20260719T011656_20260719T011728_P00500_M_F_I_001,NISAR_SSAR_GUNW,156,D,129,156_D_129,HH,129,2026200011444,NISAR,Descending,True,5.479781354,19-JUL-2026,2026-07-19T01:16:56Z,5.992680431,2026-07-21T16:16:02,NISAR_S2_PR_GUNW_023_156_D_129_025_3700_SH_20260625T011657_20260625T011730_20260719T011656_20260719T011728_P00500_M_F_I_001,ObsId_Track_Frame,STUCGUFED,NISAR_SSAR_W,5105,-130.0211682,W,41.49026489,247,F,Left,"[[""-134.0043372"", ""-80.25441595""], [""-120.7746815"", ""-81.0497204""], [""-124.4442068"", ""-82.90525506""], [""-140.2554268"", ""-81.94095239""], [""-134.0043372"", ""-80.25441595""]]",-81.61420426,1.4.00,ISRO,Copernicus GLO-30,23,2026200011440,5099,SSAR,"[[""-116.0195791"", ""-81.29996879""], [""-127.2788885"", ""-83.69342489""], [""-144.2260311"", ""-81.4230645""], [""-131.6696236"", ""-79.54230813""], [""-116.0195791"", ""-81.29996879""]]",SAT_SEN_MODE,J,Y,2026-07-21 16:25:23,2026200011444_156_129,156,19-JUL-2026
NISAR_S2_PR_GUNW_023_142_D_130_025_3700_SH_20260624T015904_20260624T015939_20260718T015902_20260718T015937_P00500_M_F_I_001,NISAR_S2_PR_GUNW_023_142_D_130_025_3700_SH_20260624T015904_20260624T015939_20260718T015902_20260718T015937_P00500_M_F_I_001,NISAR_SSAR_GUNW,142,D,130,142_D_130,HH,130,2026199015632,NISAR,Descending,True,5.478026069,18-JUL-2026,2026-07-18T01:59:02Z,5.991629052,2026-07-20T22:04:21,NISAR_S2_PR_GUNW_023_142_D_130_025_3700_SH_20260624T015904_20260624T015939_20260718T015902_20260718T015937_P00500_M_F_I_001,ObsId_Track_Frame,STUCGUFED,NISAR_SSAR_W,5087,-146.2931767,W,41.52396774,247,F,Left,"[[""-149.8953273"", ""-81.79007107""], [""-134.3787193"", ""-82.73119139""], [""-140.5606952"", ""-84.66855718""], [""-159.5112749"", ""-83.45737521""], [""-149.8953273"", ""-81.79007107""]]",-83.25507555,1.4.00,ISRO,Copernicus GLO-30,23,2026199015608,5085,SSAR,"[[""-126.4692344"", ""-83.37367384""], [""-151.4300368"", ""-85.51268329""], [""-163.5879023"", ""-82.41174197""], [""-143.8026558"", ""-80.98516656""], [""-126.4692344"", ""-83.37367384""]]",SAT_SEN_MODE,J,Y,2026-07-20 22:18:31,2026199015632_142_130,142,18-JUL-2026
NISAR_S2_PR_GUNW_023_142_D_129_025_3700_SH_20260624T015834_20260624T015907_20260718T015833_20260718T015905_P00500_M_F_I_001,NISAR_S2_PR_GUNW_023_142_D_129_025_3700_SH_20260624T015834_20260624T015907_20260718T015833_20260718T015905_P00500_M_F_I_001,NISAR_SSAR_GUNW,142,D,129,142_D_129,HH,129,2026199015632,NISAR,Descending,True,5.479249797,18-JUL-2026,2026-07-18T01:58:33Z,5.993492868,2026-07-20T22:15:24,NISAR_S2_PR_GUNW_023_142_D_129_025_3700_SH_20260624T015834_20260624T015907_20260718T015833_20260718T015905_P00500_M_F_I_001,ObsId_Track_Frame,STUCGUFED,NISAR_SSAR_W,5087,-140.4342932,W,41.4761734,247,F,Left,"[[""-144.4360034"", ""-80.25298528""], [""-131.1830645"", ""-81.05038653""], [""-134.8387206"", ""-82.90647215""], [""-150.647421"", ""-81.94303003""], [""-144.4360034"", ""-80.25298528""]]",-81.61173266,1.4.00,ISRO,Copernicus GLO-30,23,2026199015608,5085,SSAR,"[[""-125.0438515"", ""-81.61286579""], [""-141.69708"", ""-83.85818682""], [""-154.8372118"", ""-81.05606431""], [""-139.7007484"", ""-79.39425074""], [""-125.0438515"", ""-81.61286579""]]",SAT_SEN_MODE,J,Y,2026-07-20 22:27:42,2026199015632_142_129,142,18-JUL-2026
NISAR_S2_PR_GUNW_023_142_D_127_025_3700_SH_20260624T015724_20260624T015803_20260718T015722_20260718T015801_P00500_M_F_I_001,NISAR_S2_PR_GUNW_023_142_D_127_025_3700_SH_20260624T015724_20260624T015803_20260718T015722_20260718T015801_P00500_M_F_I_001,NISAR_SSAR_GUNW,142,D,127,142_D_127,HH,127,2026199015632,NISAR,Descending,True,5.482479208,18-JUL-2026,2026-07-18T01:57:22Z,5.987852042,2026-07-20T22:07:41,NISAR_S2_PR_GUNW_023_142_D_127_025_3700_SH_20260624T015724_20260624T015803_20260718T015722_20260718T015801_P00500_M_F_I_001,ObsId_Track_Frame,STUCGUFED,NISAR_SSAR_W,5087,-133.0285056,W,41.49990845,247,F,Left,"[[""-136.2255081"", ""-76.39508804""], [""-126.6794679"", ""-76.98412131""], [""-128.8950989"", ""-79.25094618""], [""-140.224611"", ""-78.5625543""], [""-136.2255081"", ""-76.39508804""]]",-77.85342001,1.4.00,ISRO,Copernicus GLO-30,23,2026199015608,5085,SSAR,"[[""-121.7927122"", ""-77.55730704""], [""-132.4124321"", ""-80.26624918""], [""-144.3587779"", ""-77.68420777""], [""-133.4200808"", ""-75.45969951""], [""-121.7927122"", ""-77.55730704""]]",SAT_SEN_MODE,J,Y,2026-07-20 22:27:27,2026199015632_142_127,142,18-JUL-2026
NISAR_S2_PR_GUNW_023_142_D_126_025_3700_SH_20260624T015648_20260624T015727_20260718T015647_20260718T015725_P00500_M_F_I_001,NISAR_S2_PR_GUNW_023_142_D_126_025_3700_SH_20260624T015648_20260624T015727_20260718T015647_20260718T015725_P00500_M_F_I_001,NISAR_SSAR_GUNW,142,D,126,142_D_126,HH,126,2026199015632,NISAR,Descending,True,5.484020808,18-JUL-2026,2026-07-18T01:56:47Z,5.983627164,2026-07-20T22:33:14,NISAR_S2_PR_GUNW_023_142_D_126_025_3700_SH_20260624T015648_20260624T015727_20260718T015647_20260718T015725_P00500_M_F_I_001,ObsId_Track_Frame,STUCGUFED,NISAR_SSAR_W,5087,-130.5826663,W,41.5414772,247,F,Left,"[[""-133.6390058"", ""-74.39647374""], [""-125.2578445"", ""-74.92995421""], [""-126.8194589"", ""-77.1666686""], [""-136.4823568"", ""-76.57211955""], [""-133.6390058"", ""-74.39647374""]]",-75.80929482,1.4.00,ISRO,Copernicus GLO-30,23,2026199015608,5085,SSAR,"[[""-121.1019043"", ""-75.46383427""], [""-129.5553728"", ""-78.18815991""], [""-140.2828115"", ""-75.76994147""], [""-131.3231398"", ""-73.45205651""], [""-121.1019043"", ""-75.46383427""]]",SAT_SEN_MODE,J,Y,2026-07-20 22:44:17,2026199015632_142_126,142,18-JUL-2026
NISAR_S2_PR_GUNW_023_099_D_128_025_3700_SH_20260621T022258_20260621T022336_20260715T022257_20260715T022334_P00500_M_F_I_001,NISAR_S2_PR_GUNW_023_099_D_128_025_3700_SH_20260621T022258_20260621T022336_20260715T022257_20260715T022334_P00500_M_F_I_001,NISAR_SSAR_GUNW,99,D,128,099_D_128,HH,128,2026196022140,NISAR,Descending,True,5.480189825,15-JUL-2026,2026-07-15T02:22:57Z,5.994170232,2026-07-19T23:13:56,NISAR_S2_PR_GUNW_023_099_D_128_025_3700_SH_20260621T022258_20260621T022336_20260715T022257_20260715T022334_P00500_M_F_I_001,ObsId_Track_Frame,STUCGUFED,NISAR_SSAR_W,5047,-142.5099197,W,41.50931168,247,F,Left,"[[""-146.0038803"", ""-78.39809345""], [""-134.864325"", ""-79.07190745""], [""-137.7754607"", ""-81.22802733""], [""-151.2011776"", ""-80.41828243""], [""-146.0038803"", ""-78.39809345""]]",-79.84326916,1.4.00,ISRO,Copernicus GLO-30,23,2026196022124,5042,SSAR,"[[""-128.6773747"", ""-79.89862869""], [""-144.7071015"", ""-82.25787732""], [""-155.4803573"", ""-79.23639396""], [""-141.1661696"", ""-77.44120453""], [""-128.6773747"", ""-79.89862869""]]",SAT_SEN_MODE,J,Y,2026-07-19 23:25:04,2026196022140_99_128,99,15-JUL-2026
NISAR_S2_PR_GUNW_023_099_D_127_025_3700_SH_20260621T022222_20260621T022301_20260715T022221_20260715T022300_P00500_M_F_I_001,NISAR_S2_PR_GUNW_023_099_D_127_025_3700_SH_20260621T022222_20260621T022301_20260715T022221_20260715T022300_P00500_M_F_I_001,NISAR_SSAR_GUNW,99,D,127,099_D_127,HH,127,2026196022140,NISAR,Descending,True,5.482749037,15-JUL-2026,2026-07-15T02:22:21Z,5.99128124,2026-07-19T19:36:54,NISAR_S2_PR_GUNW_023_099_D_127_025_3700_SH_20260621T022222_20260621T022301_20260715T022221_20260715T022300_P00500_M_F_I_001,ObsId_Track_Frame,STUCGUFED,NISAR_SSAR_W,5047,-139.2779672,W,41.50643158,247,F,Left,"[[""-142.489299"", ""-76.39276086""], [""-132.9158459"", ""-76.98384038""], [""-135.1443846"", ""-79.25010709""], [""-146.4588107"", ""-78.56265031""], [""-142.489299"", ""-76.39276086""]]",-77.84892387,1.4.00,ISRO,Copernicus GLO-30,23,2026196022124,5042,SSAR,"[[""-127.5459044"", ""-77.80021721""], [""-140.2946751"", ""-80.32344854""], [""-150.6389731"", ""-77.41215212""], [""-138.6048517"", ""-75.39505041""], [""-127.5459044"", ""-77.80021721""]]",SAT_SEN_MODE,J,Y,2026-07-19 19:56:33,2026196022140_99_127,99,15-JUL-2026
NISAR_S2_PR_GUNW_023_099_D_126_025_3700_SH_20260621T022147_20260621T022225_20260715T022145_20260715T022224_P00500_M_F_I_001,NISAR_S2_PR_GUNW_023_099_D_126_025_3700_SH_20260621T022147_20260621T022225_20260715T022145_20260715T022224_P00500_M_F_I_001,NISAR_SSAR_GUNW,99,D,126,099_D_126,HH,126,2026196022140,NISAR,Descending,True,5.570765887,15-JUL-2026,2026-07-15T02:21:45Z,5.987560281,2026-07-19T20:36:59,NISAR_S2_PR_GUNW_023_099_D_126_025_3700_SH_20260621T022147_20260621T022225_20260715T022145_20260715T022224_P00500_M_F_I_001,ObsId_Track_Frame,STUCGUFED,NISAR_SSAR_W,5047,-136.8329669,W,41.45480728,247,F,Left,"[[""-139.8739386"", ""-74.39704582""], [""-131.4999942"", ""-74.92989157""], [""-133.0839171"", ""-77.16566138""], [""-142.7588328"", ""-76.56917109""], [""-139.8739386"", ""-74.39704582""]]",-75.80839552,1.4.00,ISRO,Copernicus GLO-30,23,2026196022124,5042,SSAR,"[[""-126.9016053"", ""-75.70246173""], [""-137.1210964"", ""-78.2655757""], [""-146.6208872"", ""-75.51268454""], [""-136.6209946"", ""-73.38266731""], [""-126.9016053"", ""-75.70246173""]]",SAT_SEN_MODE,J,Y,2026-07-19 20:54:04,2026196022140_99_126,99,15-JUL-2026
NISAR_S2_PR_GUNW_023_085_D_130_025_3700_SH_20260620T030539_20260620T030614_20260714T030538_20260714T030617_P00500_M_F_I_001,NISAR_S2_PR_GUNW_023_085_D_130_025_3700_SH_20260620T030539_20260620T030614_20260714T030538_20260714T030617_P00500_M_F_I_001,NISAR_SSAR_GUNW,85,D,130,085_D_130,HH,130,2026195030332,NISAR,Descending,True,5.477847602,14-JUL-2026,2026-07-14T03:05:38Z,5.994785674,2026-07-16T09:49:45,NISAR_S2_PR_GUNW_023_085_D_130_025_3700_SH_20260620T030539_20260620T030614_20260714T030538_20260714T030617_P00500_M_F_I_001,ObsId_Track_Frame,STUCGUFED,NISAR_SSAR_W,5031,-162.9608856,W,41.43181229,247,F,Left,"[[""-166.6"", ""-81.7864088""], [""-151.0378381"", ""-82.73198731""], [""-157.2160844"", ""-84.67018942""], [""-176.1839525"", ""-83.45728351""], [""-166.6"", ""-81.7864088""]]",-83.25066827,1.4.00,ISRO,Copernicus GLO-30,23,2026195030316,5028,SSAR,"[[""-142.3466624"", ""-83.99568504""], [""-176.6522512"", ""-85.23657791""], [""-178.0443186"", ""-81.85766624""], [""-155.7528888"", ""-81.07797704""], [""-142.3466624"", ""-83.99568504""]]",SAT_SEN_MODE,J,Y,2026-07-16 10:05:03,2026195030332_85_130,85,14-JUL-2026
NISAR_S2_PR_GUNW_023_085_D_129_025_3700_SH_20260620T030510_20260620T030542_20260714T030508_20260714T030541_P00500_M_F_I_001,NISAR_S2_PR_GUNW_023_085_D_129_025_3700_SH_20260620T030510_20260620T030542_20260714T030508_20260714T030541_P00500_M_F_I_001,NISAR_SSAR_GUNW,85,D,129,085_D_129,HH,129,2026195030332,NISAR,Descending,True,5.47849147,14-JUL-2026,2026-07-14T03:05:08Z,5.996441591,2026-07-19T19:30:33,NISAR_S2_PR_GUNW_023_085_D_129_025_3700_SH_20260620T030510_20260620T030542_20260714T030508_20260714T030541_P00500_M_F_I_001,ObsId_Track_Frame,STUCGUFED,NISAR_SSAR_W,5031,-157.0986151,W,41.41373444,247,F,Left,"[[""-161.0797943"", ""-80.25558283""], [""-147.8779468"", ""-81.05066494""], [""-151.5340404"", ""-82.90743057""], [""-167.3091508"", ""-81.94491111""], [""-161.0797943"", ""-80.25558283""]]",-81.61099445,1.4.00,ISRO,Copernicus GLO-30,23,2026195030316,5028,SSAR,"[[""-140.983851"", ""-82.19068432""], [""-165.0996986"", ""-83.71798486""], [""-170.2297798"", ""-80.49285704""], [""-152.3298556"", ""-79.42641108""], [""-140.983851"", ""-82.19068432""]]",SAT_SEN_MODE,J,Y,2026-07-19 19:43:10,2026195030332_85_129,85,14-JUL-2026
NISAR_S2_PR_GUNW_023_085_D_128_025_3700_SH_20260620T030435_20260620T030513_20260714T030434_20260714T030516_P00500_M_F_I_001,NISAR_S2_PR_GUNW_023_085_D_128_025_3700_SH_20260620T030435_20260620T030513_20260714T030434_20260714T030516_P00500_M_F_I_001,NISAR_SSAR_GUNW,85,D,128,085_D_128,HH,128,2026195030332,NISAR,Descending,True,5.479682904,14-JUL-2026,2026-07-14T03:04:34Z,5.997122047,2026-07-16T09:57:40,NISAR_S2_PR_GUNW_023_085_D_128_025_3700_SH_20260620T030435_20260620T030513_20260714T030434_20260714T030516_P00500_M_F_I_001,ObsId_Track_Frame,STUCGUFED,NISAR_SSAR_W,5031,-152.9376072,W,41.46061325,247,F,Left,"[[""-156.4842341"", ""-78.39297343""], [""-145.2680865"", ""-79.07309063""], [""-148.1795423"", ""-81.22919337""], [""-161.632025"", ""-80.41729119""], [""-156.4842341"", ""-78.39297343""]]",-79.83783132,1.4.00,ISRO,Copernicus GLO-30,23,2026195030316,5028,SSAR,"[[""-138.8214374"", ""-80.31985409""], [""-158.5040214"", ""-82.16328188""], [""-165.1253416"", ""-78.83072812""], [""-149.4609558"", ""-77.47623821""], [""-138.8214374"", ""-80.31985409""]]",SAT_SEN_MODE,J,Y,2026-07-16 10:10:18,2026195030332_85_128,85,14-JUL-2026
NISAR_S2_PR_GUNW_023_085_D_127_025_3700_SH_20260620T030359_20260620T030438_20260714T030358_20260714T030437_P00500_M_F_I_001,NISAR_S2_PR_GUNW_023_085_D_127_025_3700_SH_20260620T030359_20260620T030438_20260714T030358_20260714T030437_P00500_M_F_I_001,NISAR_SSAR_GUNW,85,D,127,085_D_127,HH,127,2026195030332,NISAR,Descending,True,5.481521058,14-JUL-2026,2026-07-14T03:03:58Z,5.996249896,2026-07-19T21:51:21,NISAR_S2_PR_GUNW_023_085_D_127_025_3700_SH_20260620T030359_20260620T030438_20260714T030358_20260714T030437_P00500_M_F_I_001,ObsId_Track_Frame,STUCGUFED,NISAR_SSAR_W,5031,-149.6925536,W,41.4992981,247,F,Left,"[[""-152.9270209"", ""-76.39112852""], [""-143.3511358"", ""-76.98366843""], [""-145.5410527"", ""-79.25148381""], [""-156.859887"", ""-78.56409761""], [""-152.9270209"", ""-76.39112852""]]",-77.84683862,1.4.00,ISRO,Copernicus GLO-30,23,2026195030316,5028,SSAR,"[[""-137.6397485"", ""-78.23797118""], [""-153.4697897"", ""-80.27544579""], [""-160.5454648"", ""-76.98216311""], [""-147.1714582"", ""-75.40811434""], [""-137.6397485"", ""-78.23797118""]]",SAT_SEN_MODE,J,Y,2026-07-19 22:05:19,2026195030332_85_127,85,14-JUL-2026
NISAR_S2_PR_GUNW_023_056_D_129_025_3700_SH_20260618T024831_20260618T024904_20260712T024830_20260712T024903_P00500_M_F_I_001,NISAR_S2_PR_GUNW_023_056_D_129_025_3700_SH_20260618T024831_20260618T024904_20260712T024830_20260712T024903_P00500_M_F_I_001,NISAR_SSAR_GUNW,56,D,129,056_D_129,HH,129,2026193024656,NISAR,Descending,True,5.478838428,12-JUL-2026,2026-07-12T02:48:30Z,5.991365585,2026-07-19T09:24:20,NISAR_S2_PR_GUNW_023_056_D_129_025_3700_SH_20260618T024831_20260618T024904_20260712T024830_20260712T024903_P00500_M_F_I_001,ObsId_Track_Frame,STUCGUFED,NISAR_SSAR_W,5004,-152.9157973,W,41.46590424,247,F,Left,"[[""-156.9109813"", ""-80.25600699""], [""-143.6767177"", ""-81.05199083""], [""-147.327431"", ""-82.9089325""], [""-163.1391929"", ""-81.94545289""], [""-156.9109813"", ""-80.25600699""]]",-81.61275242,1.4.00,ISRO,Copernicus GLO-30,23,2026193024628,4999,SSAR,"[[""-136.8193718"", ""-82.04252601""], [""-159.3795454"", ""-83.79645386""], [""-166.5419872"", ""-80.62399356""], [""-149.1708553"", ""-79.38739354""], [""-136.8193718"", ""-82.04252601""]]",SAT_SEN_MODE,J,Y,2026-07-19 09:33:05,2026193024656_56_129,56,12-JUL-2026
NISAR_S2_PR_GUNW_023_056_D_127_025_3700_SH_20260618T024720_20260618T024800_20260712T024719_20260712T024759_P00500_M_F_I_001,NISAR_S2_PR_GUNW_023_056_D_127_025_3700_SH_20260618T024720_20260618T024800_20260712T024719_20260712T024759_P00500_M_F_I_001,NISAR_SSAR_GUNW,56,D,127,056_D_127,HH,127,2026193024656,NISAR,Descending,True,5.481704031,12-JUL-2026,2026-07-12T02:47:19Z,5.995502588,2026-07-19T12:05:38,NISAR_S2_PR_GUNW_023_056_D_127_025_3700_SH_20260618T024720_20260618T024800_20260712T024719_20260712T024759_P00500_M_F_I_001,ObsId_Track_Frame,STUCGUFED,NISAR_SSAR_W,5004,-145.5247851,W,41.48067856,247,F,Left,"[[""-148.7533067"", ""-76.39188478""], [""-139.1763155"", ""-76.98395168""], [""-141.4006912"", ""-79.25039701""], [""-152.6764728"", ""-78.56566295""], [""-148.7533067"", ""-76.39188478""]]",-77.84568341,1.4.00,ISRO,Copernicus GLO-30,23,2026193024628,4999,SSAR,"[[""-133.5208602"", ""-78.06090373""], [""-148.1977631"", ""-80.31466599""], [""-156.6352232"", ""-77.15234929""], [""-143.7350439"", ""-75.38972022""], [""-133.5208602"", ""-78.06090373""]]",SAT_SEN_MODE,J,Y,2026-07-19 12:19:07,2026193024656_56_127,56,12-JUL-2026
NISAR_S2_PR_GUNW_024_012_D_129_025_3700_SH_20260627T013336_20260627T013408_20260709T013335_20260709T013408_P00500_M_F_I_001,NISAR_S2_PR_GUNW_024_012_D_129_025_3700_SH_20260627T013336_20260627T013408_20260709T013335_20260709T013408_P00500_M_F_I_001,NISAR_SSAR_GUNW,12,D,129,012_D_129,HH,129,2026190013120,NISAR,Descending,True,5.478905196,09-JUL-2026,2026-07-09T01:33:35Z,5.991636956,2026-07-18T18:25:59,NISAR_S2_PR_GUNW_024_012_D_129_025_3700_SH_20260627T013336_20260627T013408_20260709T013335_20260709T013408_P00500_M_F_I_001,ObsId_Track_Frame,STUCGUFED,NISAR_SSAR_W,4956,-134.1767796,W,41.48406982,247,F,Left,"[[""-138.1658713"", ""-80.25652357""], [""-124.9254951"", ""-81.05203988""], [""-128.5913786"", ""-82.90775229""], [""-144.4038563"", ""-81.94437402""], [""-138.1658713"", ""-80.25652357""]]",-81.61560276,1.4.00,ISRO,Copernicus GLO-30,24,2026190013116,4955,SSAR,"[[""-119.5477447"", ""-81.4155117""], [""-132.9299693"", ""-83.77914773""], [""-148.5518974"", ""-81.27766218""], [""-134.8983217"", ""-79.46689593""], [""-119.5477447"", ""-81.4155117""]]",SAT_SEN_MODE,J,Y,2026-07-18 18:34:04,2026190013120_12_129,12,09-JUL-2026
NISAR_S2_PR_GUNW_024_012_D_128_025_3700_SH_20260627T013301_20260627T013339_20260709T013301_20260709T013338_P00500_M_F_I_001,NISAR_S2_PR_GUNW_024_012_D_128_025_3700_SH_20260627T013301_20260627T013339_20260709T013301_20260709T013338_P00500_M_F_I_001,NISAR_SSAR_GUNW,12,D,128,012_D_128,HH,128,2026190013120,NISAR,Descending,True,5.567601878,09-JUL-2026,2026-07-09T01:33:01Z,5.989652966,2026-07-18T17:51:29,NISAR_S2_PR_GUNW_024_012_D_128_025_3700_SH_20260627T013301_20260627T013339_20260709T013301_20260709T013338_P00500_M_F_I_001,ObsId_Track_Frame,STUCGUFED,NISAR_SSAR_W,4956,-130.0208943,W,41.48265457,247,F,Left,"[[""-133.5279872"", ""-78.39700941""], [""-122.3733275"", ""-79.07186343""], [""-125.2826757"", ""-81.22740228""], [""-138.716802"", ""-80.41718626""], [""-133.5279872"", ""-78.39700941""]]",-79.84464124,1.4.00,ISRO,Copernicus GLO-30,24,2026190013116,4955,SSAR,"[[""-117.4960858"", ""-79.45049724""], [""-128.246426"", ""-82.12263334""], [""-142.9380584"", ""-79.74573393""], [""-131.163"", ""-77.5829764""], [""-117.4960858"", ""-79.45049724""]]",SAT_SEN_MODE,J,Y,2026-07-18 18:02:04,2026190013120_12_128,12,09-JUL-2026
NISAR_S2_PR_GUNW_023_172_D_129_024_3700_SH_20260626T035506_20260626T035539_20260708T035505_20260708T035538_P00500_M_F_I_001,NISAR_S2_PR_GUNW_023_172_D_129_024_3700_SH_20260626T035506_20260626T035539_20260708T035505_20260708T035538_P00500_M_F_I_001,NISAR_SSAR_GUNW,172,D,129,172_D_129,HH,129,2026189035420,NISAR,Descending,True,5.478535404,08-JUL-2026,2026-07-08T03:55:05Z,5.996624912,2026-07-18T14:01:13,NISAR_S2_PR_GUNW_023_172_D_129_024_3700_SH_20260626T035506_20260626T035539_20260708T035505_20260708T035538_P00500_M_F_I_001,ObsId_Track_Frame,STUCGUFED,NISAR_SSAR_W,4947,-169.5807134,W,41.40942001,247,F,Left,"[[""-173.5796356"", ""-80.25536971""], [""-160.3626941"", ""-81.05161601""], [""-164.0171884"", ""-82.9084446""], [""-179.8098049"", ""-81.94461669""], [""-173.5796356"", ""-80.25536971""]]",-81.60994832,1.4.00,ISRO,Copernicus GLO-30,23,2026189035340,4942,SSAR,"[[""-154.5145731"", ""-82.61748422""], [""178.8053257"", ""-83.33275777""], [""179.1898107"", ""-80.18159035""], [""-162.0874906"", ""-79.68497485""], [""-154.5145731"", ""-82.61748422""]]",SAT_SEN_MODE,J,Y,2026-07-18 14:10:43,2026189035420_172_129,172,08-JUL-2026
NISAR_S2_PR_GUNW_023_172_D_128_024_3700_SH_20260626T035432_20260626T035509_20260708T035431_20260708T035509_P00500_M_F_I_001,NISAR_S2_PR_GUNW_023_172_D_128_024_3700_SH_20260626T035432_20260626T035509_20260708T035431_20260708T035509_P00500_M_F_I_001,NISAR_SSAR_GUNW,172,D,128,172_D_128,HH,128,2026189035420,NISAR,Descending,True,5.479404099,08-JUL-2026,2026-07-08T03:54:31Z,5.995288375,2026-07-18T15:39:25,NISAR_S2_PR_GUNW_023_172_D_128_024_3700_SH_20260626T035432_20260626T035509_20260708T035431_20260708T035509_P00500_M_F_I_001,ObsId_Track_Frame,STUCGUFED,NISAR_SSAR_W,4947,-165.4153118,W,41.40649414,247,F,Left,"[[""-168.9700927"", ""-78.39588503""], [""-157.7674511"", ""-79.07530019""], [""-160.6572247"", ""-81.23225111""], [""-174.1155866"", ""-80.4204982""], [""-168.9700927"", ""-78.39588503""]]",-79.83957874,1.4.00,ISRO,Copernicus GLO-30,23,2026189035340,4942,SSAR,"[[""-152.1070166"", ""-80.81177681""], [""-174.2339772"", ""-81.83440193""], [""-175.9353844"", ""-78.44510399""], [""-159.5699981"", ""-77.70583279""], [""-152.1070166"", ""-80.81177681""]]",SAT_SEN_MODE,J,Y,2026-07-18 15:57:22,2026189035420_172_128,172,08-JUL-2026
NISAR_S2_PR_GUNW_025_169_D_132_027_3700_SH_20260719T225657_20260719T225707_20260812T225655_20260812T225706_P00500_M_P_I_001,NISAR_S2_PR_GUNW_025_169_D_132_027_3700_SH_20260719T225657_20260719T225707_20260812T225655_20260812T225706_P00500_M_P_I_001,NISAR_SSAR_GUNW,169,D,132,169_D_132,HH,132,2026224225636,NISAR,Descending,True,5.477626653,13-AUG-2026,2026-08-12T22:56:55Z,5.987342301,2026-08-16T05:31:27,NISAR_S2_PR_GUNW_025_169_D_132_027_3700_SH_20260719T225657_20260719T225707_20260812T225655_20260812T225706_P00500_M_P_I_001,ObsId_Track_Frame,STUCGUFED,NISAR_SSAR_W,5460,-118.6992757,W,41.50843811,247,P,Left,"[[""-124.886794"", ""-84.55890497""], [""-103.4866956"", ""-86.0924719""], [""-108.6985628"", ""-86.60637697""], [""-130.3669058"", ""-84.91747538""], [""-124.886794"", ""-84.55890497""]]",-85.62317576,1.4.00,ISRO,Copernicus GLO-30,25,2026224225244,5458,SSAR,"[[""-98.95136659"", ""-85.3602656""], [""-115.0707176"", ""-88.29551637""], [""-158.4833085"", ""-85.79210334""], [""-130.4988589"", ""-83.97493272""], [""-98.95136659"", ""-85.3602656""]]",SAT_SEN_MODE,J,Y,2026-08-16 05:41:23,2026224225636_169_132,169,12-AUG-2026
NISAR_S2_PR_GUNW_025_169_D_131_027_3700_SH_20260719T225627_20260719T225700_20260812T225635_20260812T225659_P00500_M_F_I_001,NISAR_S2_PR_GUNW_025_169_D_131_027_3700_SH_20260719T225627_20260719T225700_20260812T225635_20260812T225659_P00500_M_F_I_001,NISAR_SSAR_GUNW,169,D,131,169_D_131,HH,131,2026224225636,NISAR,Descending,True,5.478326797,13-AUG-2026,2026-08-12T22:56:35Z,5.988431065,2026-08-16T06:55:17,NISAR_S2_PR_GUNW_025_169_D_131_027_3700_SH_20260719T225627_20260719T225700_20260812T225635_20260812T225659_P00500_M_F_I_001,ObsId_Track_Frame,STUCGUFED,NISAR_SSAR_W,5460,-109.9947214,W,41.50975037,247,F,Left,"[[""-112.7169505"", ""-83.31370188""], [""-94.13111168"", ""-84.49558857""], [""-104.930376"", ""-86.24958257""], [""-126.4633473"", ""-84.67172344""], [""-112.7169505"", ""-83.31370188""]]",-84.78948715,1.4.00,ISRO,Copernicus GLO-30,25,2026224225244,5458,SSAR,"[[""-91.80873932"", ""-83.70763552""], [""-93.26428372"", ""-86.50976184""], [""-133.7763927"", ""-85.17532663""], [""-117.9471272"", ""-82.88241966""], [""-91.80873932"", ""-83.70763552""]]",SAT_SEN_MODE,J,Y,2026-08-16 07:05:07,2026224225636_169_131,169,12-AUG-2026
NISAR_S2_PR_GUNW_025_142_D_125_027_3700_SH_20260718T015629_20260718T015650_20260811T015628_20260811T015649_P00500_M_P_I_001,NISAR_S2_PR_GUNW_025_142_D_125_027_3700_SH_20260718T015629_20260718T015650_20260811T015628_20260811T015649_P00500_M_P_I_001,NISAR_SSAR_GUNW,142,D,125,142_D_125,HH,125,2026223015632,NISAR,Descending,True,5.482959839,11-AUG-2026,2026-08-11T01:56:28Z,5.993114834,2026-08-16T07:46:30,NISAR_S2_PR_GUNW_025_142_D_125_027_3700_SH_20260718T015629_20260718T015650_20260811T015628_20260811T015649_P00500_M_P_I_001,ObsId_Track_Frame,STUCGUFED,NISAR_SSAR_W,5437,-129.1374697,W,41.49030304,247,P,Left,"[[""-132.5771229"", ""-73.40504341""], [""-124.5541335"", ""-73.92245903""], [""-125.2680229"", ""-75.11878902""], [""-133.8995186"", ""-74.57205403""], [""-132.5771229"", ""-73.40504341""]]",-74.29699441,1.4.00,ISRO,Copernicus GLO-30,25,2026223015608,5431,SSAR,"[[""-120.3966439"", ""-73.34985217""], [""-127.5187277"", ""-76.13785538""], [""-137.2602851"", ""-73.82704575""], [""-129.5827323"", ""-71.39740469""], [""-120.3966439"", ""-73.34985217""]]",SAT_SEN_MODE,J,Y,2026-08-16 07:55:16,2026223015632_142_125,142,11-AUG-2026
NISAR_S2_PR_GUNW_025_135_A_140_027_3700_SH_20260717T142527_20260717T142605_20260810T142526_20260810T142604_P00500_M_F_I_001,NISAR_S2_PR_GUNW_025_135_A_140_027_3700_SH_20260717T142527_20260717T142605_20260810T142526_20260810T142604_P00500_M_F_I_001,NISAR_SSAR_GUNW,135,A,140,135_A_140,HH,140,2026222142152,NISAR,Ascending,True,5.484050043,11-AUG-2026,2026-08-10T14:25:26Z,5.991778371,2026-08-12T04:20:28,NISAR_S2_PR_GUNW_025_135_A_140_027_3700_SH_20260717T142527_20260717T142605_20260810T142526_20260810T142604_P00500_M_F_I_001,ObsId_Track_Frame,STUCGUFED,NISAR_SSAR_W,5430,-114.3163725,W,41.32178497,247,F,Left,"[[""-119.6732023"", ""-74.94315807""], [""-111.2674893"", ""-74.40822489""], [""-108.3402865"", ""-76.57693063""], [""-118.0664436"", ""-77.17794689""], [""-119.6732023"", ""-74.94315807""]]",-75.81732495,1.4.00,ISRO,Copernicus GLO-30,25,2026222142148,5424,SSAR,"[[""-105.4790056"", ""-74.76692449""], [""-110.0347488"", ""-78.1066836""], [""-124.3645604"", ""-76.47757699""], [""-117.4428441"", ""-73.47469221""], [""-105.4790056"", ""-74.76692449""]]",SAT_SEN_MODE,J,Y,2026-08-12 04:32:08,2026222142152_135_140,135,10-AUG-2026
NISAR_S2_PR_GUNW_025_135_A_139_027_3700_SH_20260717T142451_20260717T142530_20260810T142450_20260810T142529_P00500_M_F_I_001,NISAR_S2_PR_GUNW_025_135_A_139_027_3700_SH_20260717T142451_20260717T142530_20260810T142450_20260810T142529_P00500_M_F_I_001,NISAR_SSAR_GUNW,135,A,139,135_A_139,HH,139,2026222142152,NISAR,Ascending,True,5.483141457,11-AUG-2026,2026-08-10T14:24:50Z,5.992762529,2026-08-12T04:19:20,NISAR_S2_PR_GUNW_025_135_A_139_027_3700_SH_20260717T142451_20260717T142530_20260810T142450_20260810T142529_P00500_M_F_I_001,ObsId_Track_Frame,STUCGUFED,NISAR_SSAR_W,5430,-111.8708033,W,41.31818008,247,F,Left,"[[""-118.258643"", ""-76.99755997""], [""-108.5611187"", ""-76.39687168""], [""-104.6473695"", ""-78.57165428""], [""-116.0833606"", ""-79.26587291""], [""-118.258643"", ""-76.99755997""]]",-77.85554948,1.4.00,ISRO,Copernicus GLO-30,25,2026222142148,5424,SSAR,"[[""-101.888658"", ""-76.67667504""], [""-106.1453069"", ""-80.11017075""], [""-123.6624551"", ""-78.59536765""], [""-115.8414518"", ""-75.52528244""], [""-101.888658"", ""-76.67667504""]]",SAT_SEN_MODE,J,Y,2026-08-12 04:32:57,2026222142152_135_139,135,10-AUG-2026
NISAR_S2_PR_GUNW_025_135_A_138_027_3700_SH_20260717T142416_20260717T142454_20260810T142415_20260810T142453_P00500_M_F_I_001,NISAR_S2_PR_GUNW_025_135_A_138_027_3700_SH_20260717T142416_20260717T142454_20260810T142415_20260810T142453_P00500_M_F_I_001,NISAR_SSAR_GUNW,135,A,138,135_A_138,HH,138,2026222142152,NISAR,Ascending,True,5.482664492,11-AUG-2026,2026-08-10T14:24:15Z,5.992848783,2026-08-12T03:51:04,NISAR_S2_PR_GUNW_025_135_A_138_027_3700_SH_20260717T142416_20260717T142454_20260810T142415_20260810T142453_P00500_M_F_I_001,ObsId_Track_Frame,STUCGUFED,NISAR_SSAR_W,5430,-108.5960268,W,41.34127808,247,F,Left,"[[""-116.2870128"", ""-79.08479795""], [""-104.9998467"", ""-78.39859998""], [""-99.86703748"", ""-80.42446539""], [""-113.3889777"", ""-81.24146785""], [""-116.2870128"", ""-79.08479795""]]",-79.84564483,1.4.00,ISRO,Copernicus GLO-30,25,2026222142148,5424,SSAR,"[[""-97.52691273"", ""-78.55318122""], [""-100.7732629"", ""-81.96524697""], [""-122.396548"", ""-80.65712155""], [""-113.7796637"", ""-77.60586266""], [""-97.52691273"", ""-78.55318122""]]",SAT_SEN_MODE,J,Y,2026-08-12 04:02:10,2026222142152_135_138,135,10-AUG-2026
NISAR_S2_PR_GUNW_025_135_A_137_027_3700_SH_20260717T142347_20260717T142419_20260810T142346_20260810T142418_P00500_M_F_I_001,NISAR_S2_PR_GUNW_025_135_A_137_027_3700_SH_20260717T142347_20260717T142419_20260810T142346_20260810T142418_P00500_M_F_I_001,NISAR_SSAR_GUNW,135,A,137,135_A_137,HH,137,2026222142152,NISAR,Ascending,True,5.482069178,11-AUG-2026,2026-08-10T14:23:46Z,5.988805354,2026-08-12T03:25:42,NISAR_S2_PR_GUNW_025_135_A_137_027_3700_SH_20260717T142347_20260717T142419_20260810T142346_20260810T142418_P00500_M_F_I_001,ObsId_Track_Frame,STUCGUFED,NISAR_SSAR_W,5430,-104.4306306,W,41.41104126,247,F,Left,"[[""-113.7273882"", ""-81.06367322""], [""-100.3938571"", ""-80.25983817""], [""-94.1321172"", ""-81.94654405""], [""-110.0757207"", ""-82.92069424""], [""-113.7273882"", ""-81.06367322""]]",-81.61959634,1.4.00,ISRO,Copernicus GLO-30,25,2026222142148,5424,SSAR,"[[""-92.57073711"", ""-80.2715295""], [""-93.84115406"", ""-83.47811892""], [""-120.0639874"", ""-82.48380587""], [""-111.1601663"", ""-79.58220003""], [""-92.57073711"", ""-80.2715295""]]",SAT_SEN_MODE,J,Y,2026-08-12 03:37:10,2026222142152_135_137,135,10-AUG-2026
NISAR_S2_PR_GUNW_024_083_D_130_026_3700_SH_20260701T234552_20260701T234627_20260725T234551_20260725T234626_P00500_P_F_I_001,NISAR_S2_PR_GUNW_024_083_D_130_026_3700_SH_20260701T234552_20260701T234627_20260725T234551_20260725T234626_P00500_P_F_I_001,NISAR_SSAR_GUNW,83,D,130,083_D_130,HH,130,2026206234240,NISAR,Descending,True,5.479335268,26-JUL-2026,2026-07-25T23:45:51Z,5.995160918,2026-07-27T00:34:53,NISAR_S2_PR_GUNW_024_083_D_130_026_3700_SH_20260701T234552_20260701T234627_20260725T234551_20260725T234626_P00500_P_F_I_001,ObsId_Track_Frame,STUCGUFED,NISAR_SSAR_W,5200,-113.0244399,W,41.44159317,247,F,Left,"[[""-116.6788423"", ""-81.78353563""], [""-101.1366865"", ""-82.72959412""], [""-107.3255676"", ""-84.66733873""], [""-126.3167965"", ""-83.44870772""], [""-116.6788423"", ""-81.78353563""]]",-83.24475874,1.4.00,ISRO,Copernicus GLO-30,24,2026206234236,5199,SSAR,"[[""-99.11602872"", ""-82.44008156""], [""-103.5853889"", ""-84.89702324""], [""-129.2977372"", ""-83.59270309""], [""-118.5214137"", ""-81.50765261""], [""-99.11602872"", ""-82.44008156""]]",SAT_SEN_MODE,J,Y,2026-07-27 00:45:33,2026206234240_83_130,83,25-JUL-2026
NISAR_S2_PR_GUNW_024_083_D_129_026_3700_SH_20260701T234523_20260701T234555_20260725T234522_20260725T234554_P00500_P_F_I_001,NISAR_S2_PR_GUNW_024_083_D_129_026_3700_SH_20260701T234523_20260701T234555_20260725T234522_20260725T234554_P00500_P_F_I_001,NISAR_SSAR_GUNW,83,D,129,083_D_129,HH,129,2026206234240,NISAR,Descending,True,5.480302777,26-JUL-2026,2026-07-25T23:45:22Z,5.989328909,2026-07-27T00:09:34,NISAR_S2_PR_GUNW_024_083_D_129_026_3700_SH_20260701T234523_20260701T234555_20260725T234522_20260725T234554_P00500_P_F_I_001,ObsId_Track_Frame,STUCGUFED,NISAR_SSAR_W,5200,-107.1355097,W,41.46466064,247,F,Left,"[[""-111.1569319"", ""-80.25241508""], [""-97.91237148"", ""-81.05019431""], [""-101.567476"", ""-82.90695183""], [""-117.4304064"", ""-81.93761397""], [""-111.1569319"", ""-80.25241508""]]",-81.60663408,1.4.00,ISRO,Copernicus GLO-30,24,2026206234236,5199,SSAR,"[[""-96.38984537"", ""-80.73084606""], [""-98.61235248"", ""-83.10472378""], [""-119.7628499"", ""-82.14919996""], [""-112.9200232"", ""-80.00226212""], [""-96.38984537"", ""-80.73084606""]]",SAT_SEN_MODE,J,Y,2026-07-27 00:21:07,2026206234240_83_129,83,25-JUL-2026
NISAR_S2_PR_GUNW_025_069_D_129_026_3700_SH_20260713T002659_20260713T002732_20260725T002659_20260725T002731_P00500_M_F_I_001,NISAR_S2_PR_GUNW_025_069_D_129_026_3700_SH_20260713T002659_20260713T002732_20260725T002659_20260725T002731_P00500_M_F_I_001,NISAR_SSAR_GUNW,69,D,129,069_D_129,HH,129,2026206002500,NISAR,Descending,True,5.479772064,25-JUL-2026,2026-07-25T00:26:59Z,5.993596269,2026-07-26T01:55:29,NISAR_S2_PR_GUNW_025_069_D_129_026_3700_SH_20260713T002659_20260713T002732_20260725T002659_20260725T002731_P00500_M_F_I_001,ObsId_Track_Frame,STUCGUFED,NISAR_SSAR_W,5186,-124.3941838,W,34.22512817,247,F,Left,"[[""-121.5517785"", ""-80.25249834""], [""-121.5543262"", ""-80.25232434""], [""-127.8332247"", ""-81.93627012""], [""-127.8303364"", ""-81.93648267""], [""-121.5517785"", ""-80.25249834""]]",-81.10712459,1.4.00,ISRO,Copernicus GLO-30,25,2026206002408,5185,SSAR,"[[""-105.8524305"", ""-81.04168548""], [""-111.4232943"", ""-83.29463907""], [""-130.3451304"", ""-81.81441772""], [""-121.5805072"", ""-79.88973184""], [""-105.8524305"", ""-81.04168548""]]",SAT_SEN_MODE,J,Y,2026-07-26 02:03:20,2026206002500_69_129,69,25-JUL-2026
NISAR_S2_PR_GUNW_025_069_D_128_026_3700_SH_20260713T002625_20260713T002703_20260725T002624_20260725T002702_P00500_M_F_I_001,NISAR_S2_PR_GUNW_025_069_D_128_026_3700_SH_20260713T002625_20260713T002703_20260725T002624_20260725T002702_P00500_M_F_I_001,NISAR_SSAR_GUNW,69,D,128,069_D_128,HH,128,2026206002500,NISAR,Descending,True,5.481129996,25-JUL-2026,2026-07-25T00:26:24Z,5.989935481,2026-07-26T02:25:23,NISAR_S2_PR_GUNW_025_069_D_128_026_3700_SH_20260713T002625_20260713T002703_20260725T002624_20260725T002702_P00500_M_F_I_001,ObsId_Track_Frame,STUCGUFED,NISAR_SSAR_W,5186,-113.3859015,W,41.47341537,247,F,Left,"[[""-116.9570469"", ""-78.39177826""], [""-105.7156713"", ""-79.0733864""], [""-108.5892928"", ""-81.23023657""], [""-122.1337344"", ""-80.41285463""], [""-116.9570469"", ""-78.39177826""]]",-79.84661923,1.4.00,ISRO,Copernicus GLO-30,25,2026206002408,5185,SSAR,"[[""-103.6840198"", ""-79.05152679""], [""-107.9784184"", ""-81.59857849""], [""-124.3310061"", ""-80.32842323""], [""-117.1316164"", ""-78.05368971""], [""-103.6840198"", ""-79.05152679""]]",SAT_SEN_MODE,J,Y,2026-07-26 02:36:12,2026206002500_69_128,69,25-JUL-2026
NISAR_S2_PR_GUNW_025_069_D_127_026_3700_SH_20260713T002549_20260713T002628_20260725T002548_20260725T002628_P00500_M_F_I_001,NISAR_S2_PR_GUNW_025_069_D_127_026_3700_SH_20260713T002549_20260713T002628_20260725T002548_20260725T002628_P00500_M_F_I_001,NISAR_SSAR_GUNW,69,D,127,069_D_127,HH,127,2026206002500,NISAR,Descending,True,5.482036999,25-JUL-2026,2026-07-25T00:25:48Z,5.992550261,2026-07-26T02:20:59,NISAR_S2_PR_GUNW_025_069_D_127_026_3700_SH_20260713T002549_20260713T002628_20260725T002548_20260725T002628_P00500_M_F_I_001,ObsId_Track_Frame,STUCGUFED,NISAR_SSAR_W,5186,-110.1482359,W,41.44075775,247,F,Left,"[[""-113.4552639"", ""-76.38509054""], [""-103.7635833"", ""-76.98526894""], [""-105.9054157"", ""-79.25487831""], [""-117.3746929"", ""-78.55918576""], [""-113.4552639"", ""-76.38509054""]]",-77.85512499,1.4.00,ISRO,Copernicus GLO-30,25,2026206002408,5185,SSAR,"[[""-102.1453538"", ""-76.95184799""], [""-105.3157424"", ""-79.59105409""], [""-119.2017128"", ""-78.50573285""], [""-113.7117372"", ""-76.07582123""], [""-102.1453538"", ""-76.95184799""]]",SAT_SEN_MODE,J,Y,2026-07-26 02:33:03,2026206002500_69_127,69,25-JUL-2026
NISAR_S2_PR_GUNW_025_069_D_126_026_3700_SH_20260713T002514_20260713T002552_20260725T002513_20260725T002551_P00500_M_F_I_001,NISAR_S2_PR_GUNW_025_069_D_126_026_3700_SH_20260713T002514_20260713T002552_20260725T002513_20260725T002551_P00500_M_F_I_001,NISAR_SSAR_GUNW,69,D,126,069_D_126,HH,126,2026206002500,NISAR,Descending,True,5.482760746,25-JUL-2026,2026-07-25T00:25:13Z,5.992858926,2026-07-26T02:41:36,NISAR_S2_PR_GUNW_025_069_D_126_026_3700_SH_20260713T002514_20260713T002552_20260725T002513_20260725T002551_P00500_M_F_I_001,ObsId_Track_Frame,STUCGUFED,NISAR_SSAR_W,5186,-107.6940179,W,41.46898651,247,F,Left,"[[""-110.7694204"", ""-74.39504613""], [""-102.3250957"", ""-74.93212381""], [""-103.914367"", ""-77.16758066""], [""-113.6776106"", ""-76.56525534""], [""-110.7694204"", ""-74.39504613""]]",-75.81522008,1.4.00,ISRO,Copernicus GLO-30,25,2026206002408,5185,SSAR,"[[""-101.0062647"", ""-74.88196519""], [""-103.3547065"", ""-77.48208036""], [""-115.2205627"", ""-76.54526069""], [""-111.1005652"", ""-74.10295879""], [""-101.0062647"", ""-74.88196519""]]",SAT_SEN_MODE,J,Y,2026-07-26 02:50:05,2026206002500_69_126,69,25-JUL-2026
NISAR_S2_PR_GUNW_025_012_D_127_026_3700_SH_20260709T013225_20260709T013304_20260721T013224_20260721T013303_P00500_M_F_I_001,NISAR_S2_PR_GUNW_025_012_D_127_026_3700_SH_20260709T013225_20260709T013304_20260721T013224_20260721T013303_P00500_M_F_I_001,NISAR_SSAR_GUNW,12,D,127,012_D_127,HH,127,2026202013120,NISAR,Descending,True,5.482684954,21-JUL-2026,2026-07-21T01:32:24Z,5.989779406,2026-07-30T17:21:01,NISAR_S2_PR_GUNW_025_012_D_127_026_3700_SH_20260709T013225_20260709T013304_20260721T013224_20260721T013303_P00500_M_F_I_001,ObsId_Track_Frame,STUCGUFED,NISAR_SSAR_W,5129,-126.8023714,W,41.47756958,247,F,Left,"[[""-130.0306108"", ""-76.39112158""], [""-120.4388049"", ""-76.98407469""], [""-122.6331202"", ""-79.25172483""], [""-134.0207266"", ""-78.55931358""], [""-130.0306108"", ""-76.39112158""]]",-77.8535521,1.4.00,ISRO,Copernicus GLO-30,25,2026202013116,5128,SSAR,"[[""-116.2443692"", ""-77.34187931""], [""-124.6708448"", ""-80.14507638""], [""-137.8402525"", ""-77.93886325""], [""-128.2101503"", ""-75.56801255""], [""-116.2443692"", ""-77.34187931""]]",SAT_SEN_MODE,J,Y,2026-07-30 17:52:26,2026202013120_12_127,12,21-JUL-2026
NISAR_S2_PR_GUNW_025_012_D_126_026_3700_SH_20260709T013149_20260709T013228_20260721T013149_20260721T013227_P00500_M_F_I_001,NISAR_S2_PR_GUNW_025_012_D_126_026_3700_SH_20260709T013149_20260709T013228_20260721T013149_20260721T013227_P00500_M_F_I_001,NISAR_SSAR_GUNW,12,D,126,012_D_126,HH,126,2026202013120,NISAR,Descending,True,5.484227163,21-JUL-2026,2026-07-21T01:31:49Z,5.986679524,2026-07-30T18:16:31,NISAR_S2_PR_GUNW_025_012_D_126_026_3700_SH_20260709T013149_20260709T013228_20260721T013149_20260721T013227_P00500_M_F_I_001,ObsId_Track_Frame,STUCGUFED,NISAR_SSAR_W,5129,-124.388858,W,41.52150726,247,F,Left,"[[""-127.4616533"", ""-74.39106066""], [""-119.0132402"", ""-74.93017363""], [""-120.6113634"", ""-77.1653949""], [""-130.3070553"", ""-76.56661349""], [""-127.4616533"", ""-74.39106066""]]",-75.80635725,1.4.00,ISRO,Copernicus GLO-30,25,2026202013116,5128,SSAR,"[[""-115.4765623"", ""-75.25829899""], [""-122.126246"", ""-78.05415552""], [""-133.7193267"", ""-76.02029932""], [""-125.9648916"", ""-73.57858411""], [""-115.4765623"", ""-75.25829899""]]",SAT_SEN_MODE,J,Y,2026-07-30 18:26:05,2026202013120_12_126,12,21-JUL-2026
NISAR_S2_PR_GUNW_024_169_D_130_025_3700_SH_20260707T225556_20260707T225630_20260719T225555_20260719T225630_P00500_M_F_I_001,NISAR_S2_PR_GUNW_024_169_D_130_025_3700_SH_20260707T225556_20260707T225630_20260719T225555_20260719T225630_P00500_M_F_I_001,NISAR_SSAR_GUNW,169,D,130,169_D_130,HH,130,2026200225248,NISAR,Descending,True,5.560272071,20-JUL-2026,2026-07-19T22:55:55Z,5.989357278,2026-07-22T14:21:01,NISAR_S2_PR_GUNW_024_169_D_130_025_3700_SH_20260707T225556_20260707T225630_20260719T225555_20260719T225630_P00500_M_F_I_001,ObsId_Track_Frame,STUCGUFED,NISAR_SSAR_W,5113,-100.5826885,W,41.49291992,247,F,Left,"[[""-104.2278305"", ""-81.78190167""], [""-88.64231646"", ""-82.73120406""], [""-94.79151183"", ""-84.67046606""], [""-113.8796032"", ""-83.44550447""], [""-104.2278305"", ""-81.78190167""]]",-83.24563494,1.4.00,ISRO,Copernicus GLO-30,24,2026200225244,5112,SSAR,"[[""-87.46975406"", ""-81.90728738""], [""-86.04474289"", ""-84.81563958""], [""-118.553889"", ""-84.11290994""], [""-109.1771895"", ""-81.44178886""], [""-87.46975406"", ""-81.90728738""]]",SAT_SEN_MODE,J,Y,2026-07-22 14:35:52,2026200225248_169_130,169,19-JUL-2026
NISAR_S2_PR_GUNW_023_156_D_128_025_3700_SH_20260625T011623_20260625T011700_20260719T011621_20260719T011659_P00500_M_F_I_001,NISAR_S2_PR_GUNW_023_156_D_128_025_3700_SH_20260625T011623_20260625T011700_20260719T011621_20260719T011659_P00500_M_F_I_001,NISAR_SSAR_GUNW,156,D,128,156_D_128,HH,128,2026200011444,NISAR,Descending,True,5.481027593,19-JUL-2026,2026-07-19T01:16:21Z,5.988815707,2026-07-21T16:45:29,NISAR_S2_PR_GUNW_023_156_D_128_025_3700_SH_20260625T011623_20260625T011700_20260719T011621_20260719T011659_P00500_M_F_I_001,ObsId_Track_Frame,STUCGUFED,NISAR_SSAR_W,5105,-125.8613257,W,41.53295898,247,F,Left,"[[""-129.3822491"", ""-78.39523268""], [""-118.204757"", ""-79.07172483""], [""-121.1081053"", ""-81.22745628""], [""-134.5777207"", ""-80.41476753""], [""-129.3822491"", ""-78.39523268""]]",-79.84485663,1.4.00,ISRO,Copernicus GLO-30,23,2026200011440,5099,SSAR,"[[""-113.962489"", ""-79.32630442""], [""-122.9521682"", ""-82.02055882""], [""-138.4786646"", ""-79.90870751""], [""-127.7538511"", ""-77.67507724""], [""-113.962489"", ""-79.32630442""]]",SAT_SEN_MODE,J,Y,2026-07-21 17:04:24,2026200011444_156_128,156,19-JUL-2026
NISAR_S2_PR_GUNW_023_156_D_127_025_3700_SH_20260625T011546_20260625T011626_20260719T011545_20260719T011624_P00500_M_F_I_001,NISAR_S2_PR_GUNW_023_156_D_127_025_3700_SH_20260625T011546_20260625T011626_20260719T011545_20260719T011624_P00500_M_F_I_001,NISAR_SSAR_GUNW,156,D,127,156_D_127,HH,127,2026200011444,NISAR,Descending,True,5.482955087,19-JUL-2026,2026-07-19T01:15:45Z,5.987631562,2026-07-21T17:00:07,NISAR_S2_PR_GUNW_023_156_D_127_025_3700_SH_20260625T011546_20260625T011626_20260719T011545_20260719T011624_P00500_M_F_I_001,ObsId_Track_Frame,STUCGUFED,NISAR_SSAR_W,5105,-122.6106538,W,41.49517822,247,F,Left,"[[""-125.8445709"", ""-76.39222489""], [""-116.2666649"", ""-76.98363229""], [""-118.4361126"", ""-79.25221097""], [""-129.8337813"", ""-78.56046368""], [""-125.8445709"", ""-76.39222489""]]",-77.85570764,1.4.00,ISRO,Copernicus GLO-30,23,2026200011440,5099,SSAR,"[[""-112.6585568"", ""-77.21889736""], [""-119.6600267"", ""-80.03440164""], [""-133.3351554"", ""-78.10624117""], [""-124.6701372"", ""-75.67373359""], [""-112.6585568"", ""-77.21889736""]]",SAT_SEN_MODE,J,Y,2026-07-21 19:06:10,2026200011444_156_127,156,19-JUL-2026
NISAR_S2_PR_GUNW_023_156_D_126_025_3700_SH_20260625T011511_20260625T011550_20260719T011510_20260719T011548_P00500_M_F_I_001,NISAR_S2_PR_GUNW_023_156_D_126_025_3700_SH_20260625T011511_20260625T011550_20260719T011510_20260719T011548_P00500_M_F_I_001,NISAR_SSAR_GUNW,156,D,126,156_D_126,HH,126,2026200011444,NISAR,Descending,True,5.571953662,19-JUL-2026,2026-07-19T01:15:10Z,5.983214577,2026-07-21T19:21:07,NISAR_S2_PR_GUNW_023_156_D_126_025_3700_SH_20260625T011511_20260625T011550_20260719T011510_20260719T011548_P00500_M_F_I_001,ObsId_Track_Frame,STUCGUFED,NISAR_SSAR_W,5105,-120.1896625,W,41.56361008,247,F,Left,"[[""-123.252325"", ""-74.39429773""], [""-114.8288021"", ""-74.930384""], [""-116.4244857"", ""-77.16563328""], [""-126.0850463"", ""-76.57081816""], [""-123.252325"", ""-74.39429773""]]",-75.8089996,1.4.00,ISRO,Copernicus GLO-30,23,2026200011440,5099,SSAR,"[[""-111.7872554"", ""-75.13692557""], [""-117.2663109"", ""-77.93607638""], [""-129.210548"", ""-76.17566255""], [""-122.324003"", ""-73.68589732""], [""-111.7872554"", ""-75.13692557""]]",SAT_SEN_MODE,J,Y,2026-07-21 19:34:07,2026200011444_156_126,156,19-JUL-2026
NISAR_S2_PR_GUNW_024_069_D_129_025_3700_SH_20260701T002700_20260701T002733_20260713T002659_20260713T002732_P00500_M_F_I_001,NISAR_S2_PR_GUNW_024_069_D_129_025_3700_SH_20260701T002700_20260701T002733_20260713T002659_20260713T002732_P00500_M_F_I_001,NISAR_SSAR_GUNW,69,D,129,069_D_129,HH,129,2026194002500,NISAR,Descending,True,5.479311982,13-JUL-2026,2026-07-13T00:26:59Z,5.963965464,2026-07-14T20:34:21,NISAR_S2_PR_GUNW_024_069_D_129_025_3700_SH_20260701T002700_20260701T002733_20260713T002659_20260713T002732_P00500_M_F_I_001,ObsId_Track_Frame,STUCGUFED,NISAR_SSAR_W,5013,-117.2133958,W,41.81445312,247,F,Left,"[[""-120.9631527"", ""-80.30223304""], [""-108.3336964"", ""-81.04902245""], [""-112.008541"", ""-82.9043844""], [""-127.1538666"", ""-81.99631162""], [""-120.9631527"", ""-80.30223304""]]",-81.63570556,1.4.00,ISRO,Copernicus GLO-30,24,2026194002408,5012,SSAR,"[[""-105.8524305"", ""-81.04168548""], [""-111.4232943"", ""-83.29463907""], [""-130.3451304"", ""-81.81441772""], [""-121.5805072"", ""-79.88973184""], [""-105.8524305"", ""-81.04168548""]]",SAT_SEN_MODE,J,Y,2026-07-14 20:43:04,2026194002500_69_129,69,13-JUL-2026
NISAR_S2_PR_GUNW_024_069_D_127_025_3700_SH_20260701T002549_20260701T002629_20260713T002549_20260713T002628_P00500_M_F_I_001,NISAR_S2_PR_GUNW_024_069_D_127_025_3700_SH_20260701T002549_20260701T002629_20260713T002549_20260713T002628_P00500_M_F_I_001,NISAR_SSAR_GUNW,69,D,127,069_D_127,HH,127,2026194002500,NISAR,Descending,True,5.569221649,13-JUL-2026,2026-07-13T00:25:49Z,5.964014737,2026-07-14T21:03:20,NISAR_S2_PR_GUNW_024_069_D_127_025_3700_SH_20260701T002549_20260701T002629_20260713T002549_20260713T002628_P00500_M_F_I_001,ObsId_Track_Frame,STUCGUFED,NISAR_SSAR_W,5013,-109.9056086,W,41.75465775,247,F,Left,"[[""-112.9938917"", ""-76.42264288""], [""-103.8053181"", ""-76.98272792""], [""-105.9553937"", ""-79.25209075""], [""-116.8402152"", ""-78.60279542""], [""-112.9938917"", ""-76.42264288""]]",-77.86860334,1.4.00,ISRO,Copernicus GLO-30,24,2026194002408,5012,SSAR,"[[""-102.1453538"", ""-76.95184799""], [""-105.3157424"", ""-79.59105409""], [""-119.2017128"", ""-78.50573285""], [""-113.7117372"", ""-76.07582123""], [""-102.1453538"", ""-76.95184799""]]",SAT_SEN_MODE,J,Y,2026-07-14 21:18:11,2026194002500_69_127,69,13-JUL-2026
NISAR_S2_PR_GUNW_024_069_D_126_025_3700_SH_20260701T002514_20260701T002553_20260713T002514_20260713T002552_P00500_M_F_I_001,NISAR_S2_PR_GUNW_024_069_D_126_025_3700_SH_20260701T002514_20260701T002553_20260713T002514_20260713T002552_P00500_M_F_I_001,NISAR_SSAR_GUNW,69,D,126,069_D_126,HH,126,2026194002500,NISAR,Descending,True,5.570143561,13-JUL-2026,2026-07-13T00:25:14Z,5.965295139,2026-07-14T21:16:52,NISAR_S2_PR_GUNW_024_069_D_126_025_3700_SH_20260701T002514_20260701T002553_20260713T002514_20260713T002552_P00500_M_F_I_001,ObsId_Track_Frame,STUCGUFED,NISAR_SSAR_W,5013,-107.5029894,W,41.78694534,247,F,Left,"[[""-110.4016616"", ""-74.42507265""], [""-102.3541358"", ""-74.92996646""], [""-103.9485184"", ""-77.16528058""], [""-113.240725"", ""-76.60059405""], [""-110.4016616"", ""-74.42507265""]]",-75.82564404,1.4.00,ISRO,Copernicus GLO-30,24,2026194002408,5012,SSAR,"[[""-101.0062647"", ""-74.88196519""], [""-103.3547065"", ""-77.48208036""], [""-115.2205627"", ""-76.54526069""], [""-111.1005652"", ""-74.10295879""], [""-101.0062647"", ""-74.88196519""]]",SAT_SEN_MODE,J,Y,2026-07-14 21:36:03,2026194002500_69_126,69,13-JUL-2026
NISAR_S2_PR_GUNW_024_012_D_127_025_3700_SH_20260627T013225_20260627T013304_20260709T013225_20260709T013304_P00500_M_F_I_001,NISAR_S2_PR_GUNW_024_012_D_127_025_3700_SH_20260627T013225_20260627T013304_20260709T013225_20260709T013304_P00500_M_F_I_001,NISAR_SSAR_GUNW,12,D,127,012_D_127,HH,127,2026190013120,NISAR,Descending,True,5.482763439,09-JUL-2026,2026-07-09T01:32:25Z,5.988342493,2026-07-18T18:14:36,NISAR_S2_PR_GUNW_024_012_D_127_025_3700_SH_20260627T013225_20260627T013304_20260709T013225_20260709T013304_P00500_M_F_I_001,ObsId_Track_Frame,STUCGUFED,NISAR_SSAR_W,4956,-126.785989,W,41.47009659,247,F,Left,"[[""-130.0090327"", ""-76.392449""], [""-120.4311488"", ""-76.98393982""], [""-122.6239191"", ""-79.25164206""], [""-133.9955225"", ""-78.56094993""], [""-130.0090327"", ""-76.392449""]]",-77.85407932,1.4.00,ISRO,Copernicus GLO-30,24,2026190013116,4955,SSAR,"[[""-116.2443692"", ""-77.34187931""], [""-124.6708448"", ""-80.14507638""], [""-137.8402525"", ""-77.93886325""], [""-128.2101503"", ""-75.56801255""], [""-116.2443692"", ""-77.34187931""]]",SAT_SEN_MODE,J,Y,2026-07-18 18:29:23,2026190013120_12_127,12,09-JUL-2026
NISAR_S2_PR_GUNW_024_012_D_126_025_3700_SH_20260627T013150_20260627T013228_20260709T013149_20260709T013228_P00500_M_F_I_001,NISAR_S2_PR_GUNW_024_012_D_126_025_3700_SH_20260627T013150_20260627T013228_20260709T013149_20260709T013228_P00500_M_F_I_001,NISAR_SSAR_GUNW,12,D,126,012_D_126,HH,126,2026190013120,NISAR,Descending,True,5.570738343,09-JUL-2026,2026-07-09T01:31:49Z,5.983009522,2026-07-18T18:46:26,NISAR_S2_PR_GUNW_024_012_D_126_025_3700_SH_20260627T013150_20260627T013228_20260709T013149_20260709T013228_P00500_M_F_I_001,ObsId_Track_Frame,STUCGUFED,NISAR_SSAR_W,4956,-124.36106,W,41.51394653,247,F,Left,"[[""-127.4305312"", ""-74.39389457""], [""-118.9930378"", ""-74.93122835""], [""-120.5881466"", ""-77.1665327""], [""-130.2714117"", ""-76.56979227""], [""-127.4305312"", ""-74.39389457""]]",-75.80826207,1.4.00,ISRO,Copernicus GLO-30,24,2026190013116,4955,SSAR,"[[""-115.4765623"", ""-75.25829899""], [""-122.126246"", ""-78.05415552""], [""-133.7193267"", ""-76.02029932""], [""-125.9648916"", ""-73.57858411""], [""-115.4765623"", ""-75.25829899""]]",SAT_SEN_MODE,J,Y,2026-07-18 18:57:25,2026190013120_12_126,12,09-JUL-2026
NISAR_S2_PR_GUNW_025_169_D_127_027_3700_SH_20260719T225415_20260719T225454_20260812T225414_20260812T225445_P00500_M_F_I_001,NISAR_S2_PR_GUNW_025_169_D_127_027_3700_SH_20260719T225415_20260719T225454_20260812T225414_20260812T225445_P00500_M_F_I_001,NISAR_SSAR_GUNW,169,D,127,169_D_127,HH,127,2026224225248,NISAR,Descending,True,5.482246341,13-AUG-2026,2026-08-12T22:54:14Z,5.988990342,2026-08-16T09:00:39,NISAR_S2_PR_GUNW_025_169_D_127_027_3700_SH_20260719T225415_20260719T225454_20260812T225414_20260812T225445_P00500_M_F_I_001,ObsId_Track_Frame,STUCGUFED,NISAR_SSAR_W,5460,-87.24492716,W,41.43655777,247,F,Left,"[[""-90.57242429"", ""-76.38471398""], [""-80.87721889"", ""-76.9853774""], [""-83.07902503"", ""-79.2526099""], [""-94.49238724"", ""-78.5587139""], [""-90.57242429"", ""-76.38471398""]]",-77.8420518,1.4.00,ISRO,Copernicus GLO-30,25,2026224225244,5458,SSAR,"[[""-80.75201686"", ""-76.08765502""], [""-77.98632528"", ""-79.2378664""], [""-95.73551983"", ""-79.41961263""], [""-94.39449645"", ""-76.22669808""], [""-80.75201686"", ""-76.08765502""]]",SAT_SEN_MODE,J,Y,2026-08-16 09:12:08,2026224225248_169_127,169,12-AUG-2026
NISAR_S2_PR_GUNW_025_169_D_126_027_3700_SH_20260719T225339_20260719T225418_20260812T225338_20260812T225417_P00500_M_F_I_001,NISAR_S2_PR_GUNW_025_169_D_126_027_3700_SH_20260719T225339_20260719T225418_20260812T225338_20260812T225417_P00500_M_F_I_001,NISAR_SSAR_GUNW,169,D,126,169_D_126,HH,126,2026224225248,NISAR,Descending,True,5.482887101,13-AUG-2026,2026-08-12T22:53:38Z,5.992359191,2026-08-16T08:04:12,NISAR_S2_PR_GUNW_025_169_D_126_027_3700_SH_20260719T225339_20260719T225418_20260812T225338_20260812T225417_P00500_M_F_I_001,ObsId_Track_Frame,STUCGUFED,NISAR_SSAR_W,5460,-84.80493443,W,41.43829346,247,F,Left,"[[""-87.88655898"", ""-74.39522366""], [""-79.42073139"", ""-74.93353809""], [""-81.05670666"", ""-77.16702439""], [""-90.84050412"", ""-76.56155524""], [""-87.88655898"", ""-74.39522366""]]",-75.80380436,1.4.00,ISRO,Copernicus GLO-30,25,2026224225244,5458,SSAR,"[[""-79.41224499"", ""-74.01529818""], [""-76.78973839"", ""-77.11949514""], [""-91.65809901"", ""-77.45248236""], [""-91.3204987"", ""-74.28002416""], [""-79.41224499"", ""-74.01529818""]]",SAT_SEN_MODE,J,Y,2026-08-16 08:15:22,2026224225248_169_126,169,12-AUG-2026
NISAR_S2_PR_GUNW_025_135_A_136_027_3700_SH_20260717T142315_20260717T142350_20260810T142314_20260810T142349_P00500_M_F_I_001,NISAR_S2_PR_GUNW_025_135_A_136_027_3700_SH_20260717T142315_20260717T142350_20260810T142314_20260810T142349_P00500_M_F_I_001,NISAR_SSAR_GUNW,135,A,136,135_A_136,HH,136,2026222142152,NISAR,Ascending,True,5.481649557,11-AUG-2026,2026-08-10T14:23:14Z,5.988262121,2026-08-12T03:04:36,NISAR_S2_PR_GUNW_025_135_A_136_027_3700_SH_20260717T142315_20260717T142350_20260810T142314_20260810T142349_P00500_M_F_I_001,ObsId_Track_Frame,STUCGUFED,NISAR_SSAR_W,5430,-98.52914241,W,41.37021255,247,F,Left,"[[""-110.4924505"", ""-82.7433945""], [""-94.91234077"", ""-81.79564542""], [""-85.24512489"", ""-83.45938881""], [""-104.346361"", ""-84.68316409""], [""-110.4924505"", ""-82.7433945""]]",-83.26174238,1.4.00,ISRO,Copernicus GLO-30,25,2026222142148,5424,SSAR,"[[""-85.31929181"", ""-81.65001122""], [""-82.24159814"", ""-84.94712721""], [""-118.4722184"", ""-84.3054585""], [""-108.051522"", ""-81.24849037""], [""-85.31929181"", ""-81.65001122""]]",SAT_SEN_MODE,J,Y,2026-08-12 03:18:57,2026222142152_135_136,135,10-AUG-2026
NISAR_S2_PR_GUNW_025_135_A_135_027_3700_SH_20260717T142245_20260717T142318_20260810T142244_20260810T142317_P00500_M_F_I_001,NISAR_S2_PR_GUNW_025_135_A_135_027_3700_SH_20260717T142245_20260717T142318_20260810T142244_20260810T142317_P00500_M_F_I_001,NISAR_SSAR_GUNW,135,A,135,135_A_135,HH,135,2026222142152,NISAR,Ascending,True,5.481779945,11-AUG-2026,2026-08-10T14:22:44Z,5.99185022,2026-08-12T02:51:23,NISAR_S2_PR_GUNW_025_135_A_135_027_3700_SH_20260717T142245_20260717T142318_20260810T142244_20260810T142317_P00500_M_F_I_001,ObsId_Track_Frame,STUCGUFED,NISAR_SSAR_W,5430,-89.06602019,W,41.31718445,247,F,Left,"[[""-105.0211068"", ""-84.50944235""], [""-86.36048094"", ""-83.32357982""], [""-72.58085964"", ""-84.68021666""], [""-94.11916465"", ""-86.26054431""], [""-105.0211068"", ""-84.50944235""]]",-84.80209939,1.4.00,ISRO,Copernicus GLO-30,25,2026222142148,5424,SSAR,"[[""-75.70177491"", ""-82.97850142""], [""-64.15963358"", ""-86.0182477""], [""-114.0116024"", ""-86.07683653""], [""-103.1939127"", ""-83.01145142""], [""-75.70177491"", ""-82.97850142""]]",SAT_SEN_MODE,J,Y,2026-08-12 03:05:15,2026222142152_135_135,135,10-AUG-2026
NISAR_S2_PR_GUNW_025_135_A_134_027_3700_SH_20260717T142211_20260717T142248_20260810T142210_20260810T142247_P00500_M_F_I_001,NISAR_S2_PR_GUNW_025_135_A_134_027_3700_SH_20260717T142211_20260717T142248_20260810T142210_20260810T142247_P00500_M_F_I_001,NISAR_SSAR_GUNW,135,A,134,135_A_134,HH,134,2026222142152,NISAR,Ascending,True,5.480459827,11-AUG-2026,2026-08-10T14:22:10Z,5.991643292,2026-08-12T03:14:54,NISAR_S2_PR_GUNW_025_135_A_134_027_3700_SH_20260717T142211_20260717T142248_20260810T142210_20260810T142247_P00500_M_F_I_001,ObsId_Track_Frame,STUCGUFED,NISAR_SSAR_W,5430,-71.87495983,W,41.41028595,247,F,Left,"[[""-95.61943163"", ""-86.1044008""], [""-74.16176459"", ""-84.56604466""], [""-50.88137362"", ""-85.60146198""], [""-66.5527463"", ""-87.72777766""], [""-95.61943163"", ""-86.1044008""]]",-86.15225136,1.4.00,ISRO,Copernicus GLO-30,25,2026222142148,5424,SSAR,"[[""-61.40934359"", ""-83.8850445""], [""-33.54023581"", ""-86.48698411""], [""-105.997037"", ""-87.98038124""], [""-95.91337208"", ""-84.60088663""], [""-61.40934359"", ""-83.8850445""]]",SAT_SEN_MODE,J,Y,2026-08-12 03:29:03,2026222142152_135_134,135,10-AUG-2026
NISAR_S2_PR_GUNW_024_083_D_128_026_3700_SH_20260701T234448_20260701T234526_20260725T234447_20260725T234525_P00500_P_F_I_001,NISAR_S2_PR_GUNW_024_083_D_128_026_3700_SH_20260701T234448_20260701T234526_20260725T234447_20260725T234525_P00500_P_F_I_001,NISAR_SSAR_GUNW,83,D,128,083_D_128,HH,128,2026206234240,NISAR,Descending,True,5.48142501,26-JUL-2026,2026-07-25T23:44:47Z,5.989653338,2026-07-27T00:29:12,NISAR_S2_PR_GUNW_024_083_D_128_026_3700_SH_20260701T234448_20260701T234526_20260725T234447_20260725T234525_P00500_P_F_I_001,ObsId_Track_Frame,STUCGUFED,NISAR_SSAR_W,5200,-102.9802216,W,41.49662018,247,F,Left,"[[""-106.6023963"", ""-78.38730168""], [""-95.3232805"", ""-79.07267314""], [""-98.18789683"", ""-81.23052028""], [""-111.7520629"", ""-80.41130995""], [""-106.6023963"", ""-78.38730168""]]",-79.83442678,1.4.00,ISRO,Copernicus GLO-30,24,2026206234236,5199,SSAR,"[[""-94.16451019"", ""-78.7200678""], [""-95.48218431"", ""-81.41449857""], [""-113.5828336"", ""-80.67797172""], [""-108.3238519"", ""-78.15274584""], [""-94.16451019"", ""-78.7200678""]]",SAT_SEN_MODE,J,Y,2026-07-27 00:42:06,2026206234240_83_128,83,25-JUL-2026
NISAR_S2_PR_GUNW_024_083_D_127_026_3700_SH_20260701T234412_20260701T234451_20260725T234411_20260725T234450_P00500_P_F_I_001,NISAR_S2_PR_GUNW_024_083_D_127_026_3700_SH_20260701T234412_20260701T234451_20260725T234411_20260725T234450_P00500_P_F_I_001,NISAR_SSAR_GUNW,83,D,127,083_D_127,HH,127,2026206234240,NISAR,Descending,True,5.482246399,26-JUL-2026,2026-07-25T23:44:11Z,5.990928691,2026-07-27T01:14:31,NISAR_S2_PR_GUNW_024_083_D_127_026_3700_SH_20260701T234412_20260701T234451_20260725T234411_20260725T234450_P00500_P_F_I_001,ObsId_Track_Frame,STUCGUFED,NISAR_SSAR_W,5200,-99.7072096,W,41.47941971,247,F,Left,"[[""-103.0397719"", ""-76.38562241""], [""-93.3684217"", ""-76.98452723""], [""-95.51828929"", ""-79.25380667""], [""-106.9520305"", ""-78.56027675""], [""-103.0397719"", ""-76.38562241""]]",-77.84421598,1.4.00,ISRO,Copernicus GLO-30,24,2026206234236,5199,SSAR,"[[""-92.45644886"", ""-76.60766887""], [""-93.11433565"", ""-79.4173119""], [""-108.4026937"", ""-78.86668848""], [""-104.6990526"", ""-76.17128763""], [""-92.45644886"", ""-76.60766887""]]",SAT_SEN_MODE,J,Y,2026-07-27 01:24:18,2026206234240_83_127,83,25-JUL-2026
NISAR_S2_PR_GUNW_024_083_D_126_026_3700_SH_20260701T234337_20260701T234415_20260725T234336_20260725T234414_P00500_P_F_I_001,NISAR_S2_PR_GUNW_024_083_D_126_026_3700_SH_20260701T234337_20260701T234415_20260725T234336_20260725T234414_P00500_P_F_I_001,NISAR_SSAR_GUNW,83,D,126,083_D_126,HH,126,2026206234240,NISAR,Descending,True,5.567980284,26-JUL-2026,2026-07-25T23:43:36Z,5.992797863,2026-07-27T01:43:16,NISAR_S2_PR_GUNW_024_083_D_126_026_3700_SH_20260701T234337_20260701T234415_20260725T234336_20260725T234414_P00500_P_F_I_001,ObsId_Track_Frame,STUCGUFED,NISAR_SSAR_W,5200,-97.25080958,W,41.42615128,247,F,Left,"[[""-100.3634922"", ""-74.39477195""], [""-91.90823004"", ""-74.93228123""], [""-93.52183732"", ""-77.16669333""], [""-103.2659781"", ""-76.56541672""], [""-100.3634922"", ""-74.39477195""]]",-75.80447658,1.4.00,ISRO,Copernicus GLO-30,24,2026206234236,5199,SSAR,"[[""-91.14673853"", ""-74.52844646""], [""-91.40154321"", ""-77.3163839""], [""-104.4775103"", ""-76.90771843""], [""-101.9280062"", ""-74.19424454""], [""-91.14673853"", ""-74.52844646""]]",SAT_SEN_MODE,J,Y,2026-07-27 01:54:03,2026206234240_83_126,83,25-JUL-2026
NISAR_S2_PR_GUNW_024_083_D_125_026_3700_SH_20260701T234301_20260701T234340_20260725T234300_20260725T234339_P00500_P_F_I_001,NISAR_S2_PR_GUNW_024_083_D_125_026_3700_SH_20260701T234301_20260701T234340_20260725T234300_20260725T234339_P00500_P_F_I_001,NISAR_SSAR_GUNW,83,D,125,083_D_125,HH,125,2026206234240,NISAR,Descending,True,5.484678074,26-JUL-2026,2026-07-25T23:43:00Z,5.983336159,2026-07-27T00:26:37,NISAR_S2_PR_GUNW_024_083_D_125_026_3700_SH_20260701T234301_20260701T234340_20260725T234300_20260725T234339_P00500_P_F_I_001,ObsId_Track_Frame,STUCGUFED,NISAR_SSAR_W,5200,-95.38003326,W,41.52244568,247,F,Left,"[[""-98.17273403"", ""-72.34330008""], [""-90.71080514"", ""-72.8329994""], [""-92.02993968"", ""-75.11602528""], [""-100.5927329"", ""-74.57268462""], [""-98.17273403"", ""-72.34330008""]]",-73.74990848,1.4.00,ISRO,Copernicus GLO-30,24,2026206234236,5199,SSAR,"[[""-90.08564385"", ""-72.40119614""], [""-90.10245099"", ""-75.25482921""], [""-101.5707463"", ""-74.95231564""], [""-99.71212662"", ""-72.14925094""], [""-90.08564385"", ""-72.40119614""]]",SAT_SEN_MODE,J,Y,2026-07-27 00:36:11,2026206234240_83_125,83,25-JUL-2026
NISAR_S2_PR_GUNW_024_169_D_129_025_3700_SH_20260707T225526_20260707T225559_20260719T225525_20260719T225558_P00500_M_F_I_001,NISAR_S2_PR_GUNW_024_169_D_129_025_3700_SH_20260707T225526_20260707T225559_20260719T225525_20260719T225558_P00500_M_F_I_001,NISAR_SSAR_GUNW,169,D,129,169_D_129,HH,129,2026200225248,NISAR,Descending,True,5.479952631,20-JUL-2026,2026-07-19T22:55:25Z,5.98759564,2026-07-22T13:45:30,NISAR_S2_PR_GUNW_024_169_D_129_025_3700_SH_20260707T225526_20260707T225559_20260719T225525_20260719T225558_P00500_M_F_I_001,ObsId_Track_Frame,STUCGUFED,NISAR_SSAR_W,5113,-94.670675,W,41.43201447,247,F,Left,"[[""-98.7411469"", ""-80.24776751""], [""-85.39587338"", ""-81.05260122""], [""-89.02057682"", ""-82.91046864""], [""-104.9865222"", ""-81.93526025""], [""-98.7411469"", ""-80.24776751""]]",-81.60724078,1.4.00,ISRO,Copernicus GLO-30,24,2026200225244,5112,SSAR,"[[""-84.73557873"", ""-80.20064732""], [""-82.61991978"", ""-82.99230746""], [""-107.9424471"", ""-82.69585299""], [""-102.9719344"", ""-79.98747165""], [""-84.73557873"", ""-80.20064732""]]",SAT_SEN_MODE,J,Y,2026-07-22 13:57:14,2026200225248_169_129,169,19-JUL-2026
NISAR_S2_PR_GUNW_024_169_D_128_025_3700_SH_20260707T225452_20260707T225529_20260719T225451_20260719T225528_P00500_M_F_I_001,NISAR_S2_PR_GUNW_024_169_D_128_025_3700_SH_20260707T225452_20260707T225529_20260719T225451_20260719T225528_P00500_M_F_I_001,NISAR_SSAR_GUNW,169,D,128,169_D_128,HH,128,2026200225248,NISAR,Descending,True,5.5647695,20-JUL-2026,2026-07-19T22:54:51Z,5.986679208,2026-07-22T13:54:50,NISAR_S2_PR_GUNW_024_169_D_128_025_3700_SH_20260707T225452_20260707T225529_20260719T225451_20260719T225528_P00500_M_F_I_001,ObsId_Track_Frame,STUCGUFED,NISAR_SSAR_W,5113,-90.51627327,W,41.44331741,247,F,Left,"[[""-94.13491668"", ""-78.38675205""], [""-82.85697798"", ""-79.07286119""], [""-85.69167311"", ""-81.23184421""], [""-99.26107945"", ""-80.41276733""], [""-94.13491668"", ""-78.38675205""]]",-79.83474293,1.4.00,ISRO,Copernicus GLO-30,24,2026200225244,5112,SSAR,"[[""-82.47737879"", ""-78.19590426""], [""-79.80370485"", ""-81.25672928""], [""-101.2167411"", ""-81.22734741""], [""-98.2839526"", ""-78.17425812""], [""-82.47737879"", ""-78.19590426""]]",SAT_SEN_MODE,J,Y,2026-07-22 14:05:17,2026200225248_169_128,169,19-JUL-2026
NISAR_S2_PR_GUNW_024_169_D_127_025_3700_SH_20260707T225415_20260707T225455_20260719T225415_20260719T225454_P00500_M_F_I_001,NISAR_S2_PR_GUNW_024_169_D_127_025_3700_SH_20260707T225415_20260707T225455_20260719T225415_20260719T225454_P00500_M_F_I_001,NISAR_SSAR_GUNW,169,D,127,169_D_127,HH,127,2026200225248,NISAR,Descending,True,5.482220827,20-JUL-2026,2026-07-19T22:54:15Z,5.989430046,2026-07-22T14:02:44,NISAR_S2_PR_GUNW_024_169_D_127_025_3700_SH_20260707T225415_20260707T225455_20260719T225415_20260719T225454_P00500_M_F_I_001,ObsId_Track_Frame,STUCGUFED,NISAR_SSAR_W,5113,-87.25051461,W,41.43924713,247,F,Left,"[[""-90.57340043"", ""-76.38513136""], [""-80.88695717"", ""-76.98545134""], [""-83.09071849"", ""-79.25262369""], [""-94.49348339"", ""-78.55913038""], [""-90.57340043"", ""-76.38513136""]]",-77.84219474,1.4.00,ISRO,Copernicus GLO-30,24,2026200225244,5112,SSAR,"[[""-80.75201686"", ""-76.08765502""], [""-77.98632528"", ""-79.2378664""], [""-95.73551983"", ""-79.41961263""], [""-94.39449645"", ""-76.22669808""], [""-80.75201686"", ""-76.08765502""]]",SAT_SEN_MODE,J,Y,2026-07-22 14:16:16,2026200225248_169_127,169,19-JUL-2026
NISAR_S2_PR_GUNW_024_169_D_126_025_3700_SH_20260707T225340_20260707T225419_20260719T225339_20260719T225418_P00500_M_F_I_001,NISAR_S2_PR_GUNW_024_169_D_126_025_3700_SH_20260707T225340_20260707T225419_20260719T225339_20260719T225418_P00500_M_F_I_001,NISAR_SSAR_GUNW,169,D,126,169_D_126,HH,126,2026200225248,NISAR,Descending,True,5.568411068,20-JUL-2026,2026-07-19T22:53:39Z,5.992120731,2026-07-22T11:59:12,NISAR_S2_PR_GUNW_024_169_D_126_025_3700_SH_20260707T225340_20260707T225419_20260719T225339_20260719T225418_P00500_M_F_I_001,ObsId_Track_Frame,STUCGUFED,NISAR_SSAR_W,5113,-89.25566595,W,34.19676971,247,F,Left,"[[""-87.88917911"", ""-74.39447661""], [""-87.89041672"", ""-74.39441215""], [""-90.84491734"", ""-76.56069161""], [""-90.84341275"", ""-76.56077703""], [""-87.88917911"", ""-74.39447661""]]",-75.48108647,1.4.00,ISRO,Copernicus GLO-30,24,2026200225244,5112,SSAR,"[[""-79.41224499"", ""-74.01529818""], [""-76.78973839"", ""-77.11949514""], [""-91.65809901"", ""-77.45248236""], [""-91.3204987"", ""-74.28002416""], [""-79.41224499"", ""-74.01529818""]]",SAT_SEN_MODE,J,Y,2026-07-22 12:57:32,2026200225248_169_126,169,19-JUL-2026
NISAR_S2_PR_GUNW_023_126_D_127_025_3700_SH_20260622T231914_20260622T231954_20260716T231913_20260716T231952_P00500_M_F_I_001,NISAR_S2_PR_GUNW_023_126_D_127_025_3700_SH_20260622T231914_20260622T231954_20260716T231913_20260716T231952_P00500_M_F_I_001,NISAR_SSAR_GUNW,126,D,127,126_D_127,HH,127,2026197231752,NISAR,Descending,True,5.482063254,17-JUL-2026,2026-07-16T23:19:13Z,5.989220201,2026-07-21T11:24:31,NISAR_S2_PR_GUNW_023_126_D_127_025_3700_SH_20260622T231914_20260622T231954_20260716T231913_20260716T231952_P00500_M_F_I_001,ObsId_Track_Frame,STUCGUFED,NISAR_SSAR_W,5071,-93.47019119,W,41.51799011,247,F,Left,"[[""-96.80048756"", ""-76.38608559""], [""-87.13069746"", ""-76.9850711""], [""-89.26131709"", ""-79.25508202""], [""-100.7025587"", ""-78.56158773""], [""-96.80048756"", ""-76.38608559""]]",-77.84464791,1.4.00,ISRO,Copernicus GLO-30,23,2026197231748,5069,SSAR,"[[""-86.4840696"", ""-76.33938301""], [""-85.47854739"", ""-79.35389928""], [""-102.2262586"", ""-79.14194251""], [""-99.55669164"", ""-76.17473975""], [""-86.4840696"", ""-76.33938301""]]",SAT_SEN_MODE,J,Y,2026-07-21 11:39:11,2026197231752_126_127,126,16-JUL-2026
NISAR_S2_PR_GUNW_023_126_D_126_025_3700_SH_20260622T231839_20260622T231918_20260716T231838_20260716T231916_P00500_M_F_I_001,NISAR_S2_PR_GUNW_023_126_D_126_025_3700_SH_20260622T231839_20260622T231918_20260716T231838_20260716T231916_P00500_M_F_I_001,NISAR_SSAR_GUNW,126,D,126,126_D_126,HH,126,2026197231752,NISAR,Descending,True,5.483133228,17-JUL-2026,2026-07-16T23:18:38Z,5.993124927,2026-07-21T12:03:21,NISAR_S2_PR_GUNW_023_126_D_126_025_3700_SH_20260622T231839_20260622T231918_20260716T231838_20260716T231916_P00500_M_F_I_001,ObsId_Track_Frame,STUCGUFED,NISAR_SSAR_W,5071,-91.03155967,W,41.42044067,247,F,Left,"[[""-94.0993459"", ""-74.39721093""], [""-85.68531001"", ""-74.93205323""], [""-87.32789985"", ""-77.16531068""], [""-97.03866133"", ""-76.56473209""], [""-94.0993459"", ""-74.39721093""]]",-75.80366494,1.4.00,ISRO,Copernicus GLO-30,23,2026197231748,5069,SSAR,"[[""-85.19852223"", ""-74.26212063""], [""-84.05928087"", ""-77.24564032""], [""-98.20103876"", ""-77.18356567""], [""-96.63582753"", ""-74.21218949""], [""-85.19852223"", ""-74.26212063""]]",SAT_SEN_MODE,J,Y,2026-07-21 12:18:04,2026197231752_126_126,126,16-JUL-2026
NISAR_S2_PR_GUNW_024_125_D_131_025_3700_SH_20260704T214133_20260704T214206_20260716T214132_20260716T214205_P00500_M_F_I_001,NISAR_S2_PR_GUNW_024_125_D_131_025_3700_SH_20260704T214133_20260704T214206_20260716T214132_20260716T214205_P00500_M_F_I_001,NISAR_SSAR_GUNW,125,D,131,125_D_131,HH,131,2026197213456,NISAR,Descending,True,5.47793372,17-JUL-2026,2026-07-16T21:41:32Z,5.9689725,2026-07-21T12:48:57,NISAR_S2_PR_GUNW_024_125_D_131_025_3700_SH_20260704T214133_20260704T214206_20260716T214132_20260716T214205_P00500_M_F_I_001,ObsId_Track_Frame,STUCGUFED,NISAR_SSAR_W,5071,-90.92236785,W,41.741539,247,F,Left,"[[""-93.3255148"", ""-83.38189443""], [""-75.63545841"", ""-84.49059246""], [""-86.51244883"", ""-86.24344731""], [""-107.0377625"", ""-84.76559527""], [""-93.3255148"", ""-83.38189443""]]",-84.82026386,1.4.00,ISRO,Copernicus GLO-30,24,2026197213452,5068,SSAR,"[[""-77.12348508"", ""-83.02038734""], [""-66.52080017"", ""-86.09282898""], [""-116.4378217"", ""-85.99783559""], [""-104.663974"", ""-82.96694375""], [""-77.12348508"", ""-83.02038734""]]",SAT_SEN_MODE,J,Y,2026-07-21 13:04:32,2026197213456_125_131,125,16-JUL-2026
NISAR_S2_PR_GUNW_024_083_D_127_025_3700_SH_20260701T234412_20260701T234451_20260713T234412_20260713T234451_P00500_P_F_I_001,NISAR_S2_PR_GUNW_024_083_D_127_025_3700_SH_20260701T234412_20260701T234451_20260713T234412_20260713T234451_P00500_P_F_I_001,NISAR_SSAR_GUNW,83,D,127,083_D_127,HH,127,2026194234240,NISAR,Descending,True,5.482246399,14-JUL-2026,2026-07-13T23:44:12Z,5.990928691,2026-08-06T15:37:41,NISAR_S2_PR_GUNW_024_083_D_127_025_3700_SH_20260701T234412_20260701T234451_20260713T234412_20260713T234451_P00500_P_F_I_001,ObsId_Track_Frame,STUCGUFED,NISAR_SSAR_W,5027,-99.7072096,W,41.47941971,247,F,Left,"[[""-103.0397719"", ""-76.38562241""], [""-93.3684217"", ""-76.98452723""], [""-95.51828929"", ""-79.25380667""], [""-106.9520305"", ""-78.56027675""], [""-103.0397719"", ""-76.38562241""]]",-77.84421598,1.4.00,ISRO,Copernicus GLO-30,24,2026194234236,5026,SSAR,"[[""-92.45644886"", ""-76.60766887""], [""-93.11433565"", ""-79.4173119""], [""-108.4026937"", ""-78.86668848""], [""-104.6990526"", ""-76.17128763""], [""-92.45644886"", ""-76.60766887""]]",SAT_SEN_MODE,J,Y,2026-08-06 17:54:00,2026194234240_83_127,83,13-JUL-2026
NISAR_S2_PR_GUNW_025_135_A_141_027_3700_SH_20260717T142602_20260717T142623_20260810T142601_20260810T142622_P00500_M_P_I_001,NISAR_S2_PR_GUNW_025_135_A_141_027_3700_SH_20260717T142602_20260717T142623_20260810T142601_20260810T142622_P00500_M_P_I_001,NISAR_SSAR_GUNW,135,A,141,135_A_141,HH,141,2026222142152,NISAR,Ascending,True,5.484222885,11-AUG-2026,2026-08-10T14:26:01Z,5.996912393,2026-08-12T03:00:20,NISAR_S2_PR_GUNW_025_135_A_141_027_3700_SH_20260717T142602_20260717T142623_20260810T142601_20260810T142622_P00500_M_P_I_001,ObsId_Track_Frame,STUCGUFED,NISAR_SSAR_W,5430,-111.7227058,W,34.09094238,247,P,Left,"[[""-112.3578422"", ""-73.40398572""], [""-112.3589574"", ""-73.40412238""], [""-111.038273"", ""-74.58515528""], [""-111.0370737"", ""-74.58501214""], [""-112.3578422"", ""-73.40398572""]]",-73.99520616,1.4.00,ISRO,Copernicus GLO-30,25,2026222142148,5424,SSAR,"[[""-108.2202551"", ""-72.78895919""], [""-112.8521269"", ""-76.10786394""], [""-125.0968849"", ""-74.37307967""], [""-118.7620909"", ""-71.37439519""], [""-108.2202551"", ""-72.78895919""]]",SAT_SEN_MODE,J,Y,2026-08-12 03:09:04,2026222142152_135_141,135,10-AUG-2026
NISAR_S2_PR_GUNW_023_126_D_125_025_3700_SH_20260622T231803_20260622T231842_20260716T231802_20260716T231841_P00500_M_F_I_001,NISAR_S2_PR_GUNW_023_126_D_125_025_3700_SH_20260622T231803_20260622T231842_20260716T231802_20260716T231841_P00500_M_F_I_001,NISAR_SSAR_GUNW,126,D,125,126_D_125,HH,125,2026197231752,NISAR,Descending,True,5.484540724,17-JUL-2026,2026-07-16T23:18:02Z,5.992373283,2026-07-21T11:47:47,NISAR_S2_PR_GUNW_023_126_D_125_025_3700_SH_20260622T231803_20260622T231842_20260716T231802_20260716T231841_P00500_M_F_I_001,ObsId_Track_Frame,STUCGUFED,NISAR_SSAR_W,5071,-89.15889812,W,41.43824005,247,F,Left,"[[""-91.99740817"", ""-72.33745335""], [""-84.49418704"", ""-72.83182348""], [""-85.80447606"", ""-75.11526977""], [""-94.35696086"", ""-74.57203799""], [""-91.99740817"", ""-72.33745335""]]",-73.74728848,1.4.00,ISRO,Copernicus GLO-30,23,2026197231748,5069,SSAR,"[[""-84.10471104"", ""-72.13982941""], [""-82.87498365"", ""-75.17418538""], [""-95.22220194"", ""-75.22678878""], [""-94.31761883"", ""-72.18304746""], [""-84.10471104"", ""-72.13982941""]]",SAT_SEN_MODE,J,Y,2026-07-21 11:58:14,2026197231752_126_125,126,16-JUL-2026
NISAR_S2_PR_GUNW_025_139_D_130_027_3700_SH_20260717T205923_20260717T205958_20260810T205922_20260810T205957_P00500_M_F_I_001,NISAR_S2_PR_GUNW_025_139_D_130_027_3700_SH_20260717T205923_20260717T205958_20260810T205922_20260810T205957_P00500_M_F_I_001,NISAR_SSAR_GUNW,139,D,130,139_D_130,HH,130,2026222205712,NISAR,Descending,True,5.477976508,11-AUG-2026,2026-08-10T20:59:22Z,5.990032607,2026-08-12T05:33:12,NISAR_S2_PR_GUNW_025_139_D_130_027_3700_SH_20260717T205923_20260717T205958_20260810T205922_20260810T205957_P00500_M_F_I_001,ObsId_Track_Frame,STUCGUFED,NISAR_SSAR_W,5431,-71.39916388,W,41.44450378,247,F,Left,"[[""-75.16727641"", ""-81.7779129""], [""-59.39387926"", ""-82.73768763""], [""-65.47916136"", ""-84.6801734""], [""-84.6820457"", ""-83.45559067""], [""-75.16727641"", ""-81.7779129""]]",-83.25233289,1.4.00,ISRO,Copernicus GLO-30,25,2026222205708,5428,SSAR,"[[""-64.60949932"", ""-81.05391378""], [""-50.67535589"", ""-83.94046607""], [""-84.43366786"", ""-85.28866402""], [""-86.76823626"", ""-81.90231518""], [""-64.60949932"", ""-81.05391378""]]",SAT_SEN_MODE,J,Y,2026-08-12 05:46:04,2026222205712_139_130,139,10-AUG-2026
NISAR_S2_PR_GUNW_025_096_D_129_026_3700_SH_20260714T212352_20260714T212425_20260726T212351_20260726T212424_P00500_M_F_I_001,NISAR_S2_PR_GUNW_025_096_D_129_026_3700_SH_20260714T212352_20260714T212425_20260726T212351_20260726T212424_P00500_M_F_I_001,NISAR_SSAR_GUNW,96,D,129,096_D_129,HH,129,2026207212020,NISAR,Descending,True,5.478821367,27-JUL-2026,2026-07-26T21:23:51Z,5.990480972,2026-07-29T05:41:27,NISAR_S2_PR_GUNW_025_096_D_129_026_3700_SH_20260714T212352_20260714T212425_20260726T212351_20260726T212424_P00500_M_F_I_001,ObsId_Track_Frame,STUCGUFED,NISAR_SSAR_W,5215,-71.74373083,W,41.4737854,247,F,Left,"[[""-75.8433754"", ""-80.24965978""], [""-62.4552321"", ""-81.05565613""], [""-66.06805681"", ""-82.91464511""], [""-82.01675871"", ""-81.9444954""], [""-75.8433754"", ""-80.24965978""]]",-81.61127111,1.4.00,ISRO,Copernicus GLO-30,25,2026207211836,5212,SSAR,"[[""-65.95324181"", ""-79.5064743""], [""-55.91071318"", ""-82.36136102""], [""-81.37547508"", ""-83.5988803""], [""-84.28940686"", ""-80.36530635""], [""-65.95324181"", ""-79.5064743""]]",SAT_SEN_MODE,J,Y,2026-07-29 05:51:06,2026207212020_96_129,96,26-JUL-2026
NISAR_S2_PR_GUNW_024_139_D_130_025_3700_SH_20260705T205924_20260705T205959_20260717T205923_20260717T205958_P00500_M_F_I_001,NISAR_S2_PR_GUNW_024_139_D_130_025_3700_SH_20260705T205924_20260705T205959_20260717T205923_20260717T205958_P00500_M_F_I_001,NISAR_SSAR_GUNW,139,D,130,139_D_130,HH,130,2026198205712,NISAR,Descending,True,5.47752068,18-JUL-2026,2026-07-17T20:59:23Z,5.988887047,2026-07-19T03:13:59,NISAR_S2_PR_GUNW_024_139_D_130_025_3700_SH_20260705T205924_20260705T205959_20260717T205923_20260717T205958_P00500_M_F_I_001,ObsId_Track_Frame,STUCGUFED,NISAR_SSAR_W,5085,-71.39624018,W,41.48790359,247,F,Left,"[[""-75.17072718"", ""-81.77907788""], [""-59.38219816"", ""-82.7394004""], [""-65.46493449"", ""-84.68201351""], [""-84.68785455"", ""-83.45665687""], [""-75.17072718"", ""-81.77907788""]]",-83.25391614,1.4.00,ISRO,Copernicus GLO-30,24,2026198205708,5082,SSAR,"[[""-64.60949932"", ""-81.05391378""], [""-50.67535589"", ""-83.94046607""], [""-84.43366786"", ""-85.28866402""], [""-86.76823626"", ""-81.90231518""], [""-64.60949932"", ""-81.05391378""]]",SAT_SEN_MODE,J,Y,2026-07-19 03:24:04,2026198205712_139_130,139,17-JUL-2026
NISAR_S2_PR_GUNW_023_125_D_129_025_3700_SH_20260622T214032_20260622T214105_20260716T214031_20260716T214103_P00500_M_F_I_001,NISAR_S2_PR_GUNW_023_125_D_129_025_3700_SH_20260622T214032_20260622T214105_20260716T214031_20260716T214103_P00500_M_F_I_001,NISAR_SSAR_GUNW,125,D,129,125_D_129,HH,129,2026197213456,NISAR,Descending,True,5.479078368,17-JUL-2026,2026-07-16T21:40:31Z,5.997524611,2026-07-21T12:55:36,NISAR_S2_PR_GUNW_023_125_D_129_025_3700_SH_20260622T214032_20260622T214105_20260716T214031_20260716T214103_P00500_M_F_I_001,ObsId_Track_Frame,STUCGUFED,NISAR_SSAR_W,5071,-75.93770672,W,41.39608765,247,F,Left,"[[""-79.99700682"", ""-80.24984491""], [""-66.68858164"", ""-81.05249919""], [""-70.31308388"", ""-82.9110737""], [""-86.18483659"", ""-81.94337062""], [""-79.99700682"", ""-80.24984491""]]",-81.60903856,1.4.00,ISRO,Copernicus GLO-30,23,2026197213452,5068,SSAR,"[[""-69.20545444"", ""-79.59345879""], [""-60.44948972"", ""-82.49943154""], [""-86.69145169"", ""-83.46204641""], [""-87.78245342"", ""-80.26085339""], [""-69.20545444"", ""-79.59345879""]]",SAT_SEN_MODE,J,Y,2026-07-21 13:06:08,2026197213456_125_129,125,16-JUL-2026
NISAR_S2_PR_GUNW_023_096_D_129_025_3700_SH_20260620T212353_20260620T212426_20260714T212352_20260714T212425_P00500_M_F_I_001,NISAR_S2_PR_GUNW_023_096_D_129_025_3700_SH_20260620T212353_20260620T212426_20260714T212352_20260714T212425_P00500_M_F_I_001,NISAR_SSAR_GUNW,96,D,129,096_D_129,HH,129,2026195212020,NISAR,Descending,True,5.478774805,15-JUL-2026,2026-07-14T21:23:52Z,5.991273319,2026-07-17T00:44:14,NISAR_S2_PR_GUNW_023_096_D_129_025_3700_SH_20260620T212353_20260620T212426_20260714T212352_20260714T212425_P00500_M_F_I_001,ObsId_Track_Frame,STUCGUFED,NISAR_SSAR_W,5042,-71.75070778,W,41.48034286,247,F,Left,"[[""-75.80485941"", ""-80.25301126""], [""-62.51491289"", ""-81.05346087""], [""-66.14211295"", ""-82.91194292""], [""-81.9730731"", ""-81.948441""], [""-75.80485941"", ""-80.25301126""]]",-81.61091874,1.4.00,ISRO,Copernicus GLO-30,23,2026195211836,5039,SSAR,"[[""-65.95324181"", ""-79.5064743""], [""-55.91071318"", ""-82.36136102""], [""-81.37547508"", ""-83.5988803""], [""-84.28940686"", ""-80.36530635""], [""-65.95324181"", ""-79.5064743""]]",SAT_SEN_MODE,J,Y,2026-07-17 07:16:05,2026195212020_96_129,96,14-JUL-2026
NISAR_S2_PR_GUNW_024_023_D_131_025_3700_SH_20260627T195321_20260627T195354_20260709T195320_20260709T195353_P00500_M_F_I_001,NISAR_S2_PR_GUNW_024_023_D_131_025_3700_SH_20260627T195321_20260627T195354_20260709T195320_20260709T195353_P00500_M_F_I_001,NISAR_SSAR_GUNW,23,D,131,023_D_131,HH,131,2026190195116,NISAR,Descending,True,5.477211543,10-JUL-2026,2026-07-09T19:53:20Z,5.990558836,2026-07-18T21:52:13,NISAR_S2_PR_GUNW_024_023_D_131_025_3700_SH_20260627T195321_20260627T195354_20260709T195320_20260709T195353_P00500_M_F_I_001,ObsId_Track_Frame,STUCGUFED,NISAR_SSAR_W,4969,-64.23372336,W,41.43012238,247,F,Left,"[[""-67.00692894"", ""-83.31319747""], [""-48.25504758"", ""-84.50438372""], [""-59.05111423"", ""-86.26238789""], [""-80.69242528"", ""-84.68317831""], [""-67.00692894"", ""-83.31319747""]]",-84.80184067,1.4.00,ISRO,Copernicus GLO-30,24,2026190195112,4966,SSAR,"[[""-59.00975444"", ""-82.63526755""], [""-38.6354115"", ""-85.14183921""], [""-76.61313993"", ""-86.88097367""], [""-83.48189209"", ""-83.64332566""], [""-59.00975444"", ""-82.63526755""]]",SAT_SEN_MODE,J,Y,2026-07-18 22:14:08,2026190195116_23_131,23,09-JUL-2026
NISAR_S2_PR_GUNW_024_023_D_130_025_3700_SH_20260627T195249_20260627T195324_20260709T195248_20260709T195323_P00500_M_F_I_001,NISAR_S2_PR_GUNW_024_023_D_130_025_3700_SH_20260627T195249_20260627T195324_20260709T195248_20260709T195323_P00500_M_F_I_001,NISAR_SSAR_GUNW,23,D,130,023_D_130,HH,130,2026190195116,NISAR,Descending,True,5.478418815,10-JUL-2026,2026-07-09T19:52:48Z,5.983958427,2026-07-18T22:25:56,NISAR_S2_PR_GUNW_024_023_D_130_025_3700_SH_20260627T195249_20260627T195324_20260709T195248_20260709T195323_P00500_M_F_I_001,ObsId_Track_Frame,STUCGUFED,NISAR_SSAR_W,4969,-54.7662209,W,41.45545197,247,F,Left,"[[""-58.41903161"", ""-81.7885367""], [""-42.8413702"", ""-82.73558217""], [""-48.97503342"", ""-84.67701421""], [""-67.96966526"", ""-83.46475058""], [""-58.41903161"", ""-81.7885367""]]",-83.25835499,1.4.00,ISRO,Copernicus GLO-30,24,2026190195112,4966,SSAR,"[[""-52.70083394"", ""-80.99607329""], [""-35.10838027"", ""-83.324451""], [""-58.96366208"", ""-85.51659167""], [""-72.13830833"", ""-82.47033827""], [""-52.70083394"", ""-80.99607329""]]",SAT_SEN_MODE,J,Y,2026-07-18 22:40:04,2026190195116_23_130,23,09-JUL-2026
NISAR_S2_PR_GUNW_026_010_D_128_028_3700_SH_20260720T221314_20260720T221351_20260813T221313_20260813T221350_P00500_M_F_I_001,NISAR_S2_PR_GUNW_026_010_D_128_028_3700_SH_20260720T221314_20260720T221351_20260813T221313_20260813T221350_P00500_M_F_I_001,NISAR_SSAR_GUNW,10,D,128,010_D_128,HH,128,2026225220936,NISAR,Descending,True,5.480058253,14-AUG-2026,2026-08-13T22:13:13Z,5.991431657,2026-08-16T07:09:48,NISAR_S2_PR_GUNW_026_010_D_128_028_3700_SH_20260720T221314_20260720T221351_20260813T221313_20260813T221350_P00500_M_F_I_001,ObsId_Track_Frame,STUCGUFED,NISAR_SSAR_W,5474,-80.04897427,W,41.41840744,247,F,Left,"[[""-83.71507854"", ""-78.3884047""], [""-72.38726922"", ""-79.0757621""], [""-75.25451044"", ""-81.23343457""], [""-88.7662438"", ""-80.42088191""], [""-83.71507854"", ""-78.3884047""]]",-79.83554587,1.4.00,ISRO,Copernicus GLO-30,26,2026225220904,5472,SSAR,"[[""-73.47354825"", ""-77.83711341""], [""-67.41889206"", ""-80.97514207""], [""-89.77263699"", ""-81.66451346""], [""-89.83778135"", ""-78.33613709""], [""-73.47354825"", ""-77.83711341""]]",SAT_SEN_MODE,J,Y,2026-08-16 07:27:04,2026225220936_10_128,10,13-AUG-2026
NISAR_S2_PR_GUNW_026_010_D_127_028_3700_SH_20260720T221238_20260720T221317_20260813T221236_20260813T221316_P00500_M_F_I_001,NISAR_S2_PR_GUNW_026_010_D_127_028_3700_SH_20260720T221238_20260720T221317_20260813T221236_20260813T221316_P00500_M_F_I_001,NISAR_SSAR_GUNW,10,D,127,010_D_127,HH,127,2026225220936,NISAR,Descending,True,5.4812048,14-AUG-2026,2026-08-13T22:12:36Z,5.991417898,2026-08-16T07:47:12,NISAR_S2_PR_GUNW_026_010_D_127_028_3700_SH_20260720T221238_20260720T221317_20260813T221236_20260813T221316_P00500_M_F_I_001,ObsId_Track_Frame,STUCGUFED,NISAR_SSAR_W,5474,-76.8272919,W,41.41600037,247,F,Left,"[[""-80.10527055"", ""-76.39114972""], [""-70.44776011"", ""-76.98752761""], [""-72.61254072"", ""-79.25615395""], [""-84.07034124"", ""-78.56138264""], [""-80.10527055"", ""-76.39114972""]]",-77.84846732,1.4.00,ISRO,Copernicus GLO-30,26,2026225220904,5472,SSAR,"[[""-71.56505118"", ""-75.73773027""], [""-65.91254769"", ""-78.92739244""], [""-84.21526161"", ""-79.83502282""], [""-85.68030558"", ""-76.42470713""], [""-71.56505118"", ""-75.73773027""]]",SAT_SEN_MODE,J,Y,2026-08-16 08:02:10,2026225220936_10_127,10,13-AUG-2026
NISAR_S2_PR_GUNW_025_169_D_125_027_3700_SH_20260719T225303_20260719T225343_20260812T225302_20260812T225341_P00500_M_F_I_001,NISAR_S2_PR_GUNW_025_169_D_125_027_3700_SH_20260719T225303_20260719T225343_20260812T225302_20260812T225341_P00500_M_F_I_001,NISAR_SSAR_GUNW,169,D,125,169_D_125,HH,125,2026224225248,NISAR,Descending,True,5.483396809,13-AUG-2026,2026-08-12T22:53:02Z,5.999825313,2026-08-16T08:02:04,NISAR_S2_PR_GUNW_025_169_D_125_027_3700_SH_20260719T225303_20260719T225343_20260812T225302_20260812T225341_P00500_M_F_I_001,ObsId_Track_Frame,STUCGUFED,NISAR_SSAR_W,5460,-82.89486871,W,41.43450546,247,F,Left,"[[""-85.75616196"", ""-72.3386314""], [""-78.2169432"", ""-72.83464562""], [""-79.54416664"", ""-75.11728985""], [""-88.09490038"", ""-74.57500217""], [""-85.75616196"", ""-72.3386314""]]",-73.74822581,1.4.00,ISRO,Copernicus GLO-30,25,2026224225244,5458,SSAR,"[[""-78.28603674"", ""-71.90054896""], [""-75.74336569"", ""-75.0402849""], [""-88.64598824"", ""-75.49221295""], [""-88.89502554"", ""-72.26843855""], [""-78.28603674"", ""-71.90054896""]]",SAT_SEN_MODE,J,Y,2026-08-16 08:12:04,2026224225248_169_125,169,12-AUG-2026
NISAR_S2_PR_GUNW_025_139_D_129_027_3700_SH_20260717T205853_20260717T205926_20260810T205852_20260810T205925_P00500_M_F_I_001,NISAR_S2_PR_GUNW_025_139_D_129_027_3700_SH_20260717T205853_20260717T205926_20260810T205852_20260810T205925_P00500_M_F_I_001,NISAR_SSAR_GUNW,139,D,129,139_D_129,HH,129,2026222205712,NISAR,Descending,True,5.478755555,11-AUG-2026,2026-08-10T20:58:52Z,5.993555706,2026-08-12T05:18:50,NISAR_S2_PR_GUNW_025_139_D_129_027_3700_SH_20260717T205853_20260717T205926_20260810T205852_20260810T205925_P00500_M_F_I_001,ObsId_Track_Frame,STUCGUFED,NISAR_SSAR_W,5431,-65.53249734,W,41.39057922,247,F,Left,"[[""-69.59989872"", ""-80.24977428""], [""-56.2220245"", ""-81.05534147""], [""-59.85256612"", ""-82.91369739""], [""-75.82211745"", ""-81.94026759""], [""-69.59989872"", ""-80.24977428""]]",-81.61225262,1.4.00,ISRO,Copernicus GLO-30,25,2026222205708,5428,SSAR,"[[""-61.16414728"", ""-79.40833758""], [""-49.40393689"", ""-82.13999834""], [""-72.98658628"", ""-83.75515793""], [""-78.87853981"", ""-80.53882881""], [""-61.16414728"", ""-79.40833758""]]",SAT_SEN_MODE,J,Y,2026-08-12 05:29:26,2026222205712_139_129,139,10-AUG-2026
NISAR_S2_PR_GUNW_025_139_D_128_027_3700_SH_20260717T205819_20260717T205857_20260810T205818_20260810T205856_P00500_M_F_I_001,NISAR_S2_PR_GUNW_025_139_D_128_027_3700_SH_20260717T205819_20260717T205857_20260810T205818_20260810T205856_P00500_M_F_I_001,NISAR_SSAR_GUNW,139,D,128,139_D_128,HH,128,2026222205712,NISAR,Descending,True,5.47973601,11-AUG-2026,2026-08-10T20:58:18Z,5.991502804,2026-08-12T05:57:55,NISAR_S2_PR_GUNW_025_139_D_128_027_3700_SH_20260717T205819_20260717T205857_20260810T205818_20260810T205856_P00500_M_F_I_001,ObsId_Track_Frame,STUCGUFED,NISAR_SSAR_W,5431,-61.36171282,W,41.39719772,247,F,Left,"[[""-64.96107006"", ""-78.39150591""], [""-53.64292371"", ""-79.07725755""], [""-56.51113061"", ""-81.23491459""], [""-70.11251054"", ""-80.41549917""], [""-64.96107006"", ""-78.39150591""]]",-79.84178773,1.4.00,ISRO,Copernicus GLO-30,25,2026222205708,5428,SSAR,"[[""-58.19288236"", ""-77.46287382""], [""-47.22689438"", ""-80.2548423""], [""-66.47626724"", ""-82.19172687""], [""-73.73161661"", ""-78.89202367""], [""-58.19288236"", ""-77.46287382""]]",SAT_SEN_MODE,J,Y,2026-08-12 06:09:07,2026222205712_139_128,139,10-AUG-2026
NISAR_S2_PR_GUNW_025_096_D_128_026_3700_SH_20260714T212317_20260714T212355_20260726T212317_20260726T212354_P00500_M_F_I_001,NISAR_S2_PR_GUNW_025_096_D_128_026_3700_SH_20260714T212317_20260714T212355_20260726T212317_20260726T212354_P00500_M_F_I_001,NISAR_SSAR_GUNW,96,D,128,096_D_128,HH,128,2026207212020,NISAR,Descending,True,5.479140378,27-JUL-2026,2026-07-26T21:23:17Z,5.991902211,2026-07-29T05:18:52,NISAR_S2_PR_GUNW_025_096_D_128_026_3700_SH_20260714T212317_20260714T212355_20260726T212317_20260726T212354_P00500_M_F_I_001,ObsId_Track_Frame,STUCGUFED,NISAR_SSAR_W,5215,-67.59796171,W,41.4171257,247,F,Left,"[[""-71.19788934"", ""-78.39295056""], [""-59.88788581"", ""-79.07805414""], [""-62.75707751"", ""-81.23566714""], [""-76.34881671"", ""-80.41701373""], [""-71.19788934"", ""-78.39295056""]]",-79.84174961,1.4.00,ISRO,Copernicus GLO-30,25,2026207211836,5212,SSAR,"[[""-63.20419237"", ""-77.53824999""], [""-53.64101676"", ""-80.50863808""], [""-74.57307409"", ""-82.06548705""], [""-79.27977911"", ""-78.67134366""], [""-63.20419237"", ""-77.53824999""]]",SAT_SEN_MODE,J,Y,2026-07-29 05:31:04,2026207212020_96_128,96,26-JUL-2026
NISAR_S2_PR_GUNW_025_096_D_127_026_3700_SH_20260714T212241_20260714T212321_20260726T212241_20260726T212320_P00500_M_F_I_001,NISAR_S2_PR_GUNW_025_096_D_127_026_3700_SH_20260714T212241_20260714T212321_20260726T212241_20260726T212320_P00500_M_F_I_001,NISAR_SSAR_GUNW,96,D,127,096_D_127,HH,127,2026207212020,NISAR,Descending,True,5.480017301,27-JUL-2026,2026-07-26T21:22:41Z,5.992285795,2026-07-29T05:47:07,NISAR_S2_PR_GUNW_025_096_D_127_026_3700_SH_20260714T212241_20260714T212321_20260726T212241_20260726T212320_P00500_M_F_I_001,ObsId_Track_Frame,STUCGUFED,NISAR_SSAR_W,5215,-64.34869091,W,41.45180893,247,F,Left,"[[""-67.64024218"", ""-76.39168271""], [""-57.95633639"", ""-76.98990251""], [""-60.12049562"", ""-79.25856952""], [""-71.58058556"", ""-78.56406""], [""-67.64024218"", ""-76.39168271""]]",-77.85115201,1.4.00,ISRO,Copernicus GLO-30,25,2026207211836,5212,SSAR,"[[""-61.0286856"", ""-75.46413018""], [""-52.40346952"", ""-78.43761931""], [""-69.30374594"", ""-80.1978221""], [""-74.80270248"", ""-76.81019904""], [""-61.0286856"", ""-75.46413018""]]",SAT_SEN_MODE,J,Y,2026-07-29 05:58:13,2026207212020_96_127,96,26-JUL-2026
NISAR_S2_PR_GUNW_025_096_D_126_026_3700_SH_20260714T212206_20260714T212244_20260726T212205_20260726T212244_P00500_M_F_I_001,NISAR_S2_PR_GUNW_025_096_D_126_026_3700_SH_20260714T212206_20260714T212244_20260726T212205_20260726T212244_P00500_M_F_I_001,NISAR_SSAR_GUNW,96,D,126,096_D_126,HH,126,2026207212020,NISAR,Descending,True,5.482148218,27-JUL-2026,2026-07-26T21:22:05Z,5.993743231,2026-07-29T06:00:26,NISAR_S2_PR_GUNW_025_096_D_126_026_3700_SH_20260714T212206_20260714T212244_20260726T212205_20260726T212244_P00500_M_F_I_001,ObsId_Track_Frame,STUCGUFED,NISAR_SSAR_W,5215,-61.90876421,W,41.468853,247,F,Left,"[[""-64.92145504"", ""-74.40288347""], [""-56.51680831"", ""-74.93540683""], [""-58.14696711"", ""-77.16978223""], [""-67.9407718"", ""-76.56441122""], [""-64.92145504"", ""-74.40288347""]]",-75.81408734,1.4.00,ISRO,Copernicus GLO-30,25,2026207211836,5212,SSAR,"[[""-59.38339181"", ""-73.41828969""], [""-51.75893735"", ""-76.32699203""], [""-65.49773702"", ""-78.18451883""], [""-71.1064417"", ""-74.89981398""], [""-59.38339181"", ""-73.41828969""]]",SAT_SEN_MODE,J,Y,2026-07-29 06:12:14,2026207212020_96_126,96,26-JUL-2026
NISAR_S2_PR_GUNW_025_082_D_127_026_3700_SH_20260713T220419_20260713T220458_20260725T220418_20260725T220457_P00500_M_F_I_001,NISAR_S2_PR_GUNW_025_082_D_127_026_3700_SH_20260713T220419_20260713T220458_20260725T220418_20260725T220457_P00500_M_F_I_001,NISAR_SSAR_GUNW,82,D,127,082_D_127,HH,127,2026206220104,NISAR,Descending,True,5.480606446,26-JUL-2026,2026-07-25T22:04:18Z,5.989572384,2026-07-30T19:33:41,NISAR_S2_PR_GUNW_025_082_D_127_026_3700_SH_20260713T220419_20260713T220458_20260725T220418_20260725T220457_P00500_M_F_I_001,ObsId_Track_Frame,STUCGUFED,NISAR_SSAR_W,5200,-74.74808505,W,41.46231842,247,F,Left,"[[""-78.04997426"", ""-76.39041501""], [""-68.3634337"", ""-76.9890016""], [""-70.51582331"", ""-79.2581205""], [""-81.99077071"", ""-78.56272865""], [""-78.04997426"", ""-76.39041501""]]",-77.84920296,1.4.00,ISRO,Copernicus GLO-30,25,2026206220004,5198,SSAR,"[[""-69.79598866"", ""-75.68142814""], [""-63.60203572"", ""-78.85540149""], [""-81.82743274"", ""-79.90953262""], [""-83.92222041"", ""-76.4791401""], [""-69.79598866"", ""-75.68142814""]]",SAT_SEN_MODE,J,Y,2026-07-30 19:53:34,2026206220104_82_127,82,25-JUL-2026
NISAR_S2_PR_GUNW_025_082_D_126_026_3700_SH_20260713T220343_20260713T220422_20260725T220343_20260725T220421_P00500_M_F_I_001,NISAR_S2_PR_GUNW_025_082_D_126_026_3700_SH_20260713T220343_20260713T220422_20260725T220343_20260725T220421_P00500_M_F_I_001,NISAR_SSAR_GUNW,82,D,126,082_D_126,HH,126,2026206220104,NISAR,Descending,True,5.483316861,26-JUL-2026,2026-07-25T22:03:43Z,5.992665485,2026-07-30T20:09:52,NISAR_S2_PR_GUNW_025_082_D_126_026_3700_SH_20260713T220343_20260713T220422_20260725T220343_20260725T220421_P00500_M_F_I_001,ObsId_Track_Frame,STUCGUFED,NISAR_SSAR_W,5200,-72.31697065,W,41.47425079,247,F,Left,"[[""-75.34327181"", ""-74.40123616""], [""-66.94320623"", ""-74.9342504""], [""-68.63407247"", ""-77.1655353""], [""-78.31545492"", ""-76.56601819""], [""-75.34327181"", ""-74.40123616""]]",-75.80516867,1.4.00,ISRO,Copernicus GLO-30,25,2026206220004,5198,SSAR,"[[""-68.30120971"", ""-73.61879876""], [""-62.77230476"", ""-76.73232831""], [""-77.75651395"", ""-77.91896592""], [""-80.47339083"", ""-74.55539955""], [""-68.30120971"", ""-73.61879876""]]",SAT_SEN_MODE,J,Y,2026-07-30 20:20:57,2026206220104_82_126,82,25-JUL-2026
NISAR_S2_PR_GUNW_025_082_D_125_026_3700_SH_20260713T220307_20260713T220346_20260725T220307_20260725T220346_P00500_M_F_I_001,NISAR_S2_PR_GUNW_025_082_D_125_026_3700_SH_20260713T220307_20260713T220346_20260725T220307_20260725T220346_P00500_M_F_I_001,NISAR_SSAR_GUNW,82,D,125,082_D_125,HH,125,2026206220104,NISAR,Descending,True,5.484887701,26-JUL-2026,2026-07-25T22:03:07Z,5.995881878,2026-07-30T20:29:53,NISAR_S2_PR_GUNW_025_082_D_125_026_3700_SH_20260713T220307_20260713T220346_20260725T220307_20260725T220346_P00500_M_F_I_001,ObsId_Track_Frame,STUCGUFED,NISAR_SSAR_W,5200,-70.45040334,W,41.3891449,247,F,Left,"[[""-73.25836952"", ""-72.33988469""], [""-65.78835104"", ""-72.83222451""], [""-67.12791531"", ""-75.11450285""], [""-75.60826873"", ""-74.57529952""], [""-73.25836952"", ""-72.33988469""]]",-73.74693424,1.4.00,ISRO,Copernicus GLO-30,25,2026206220004,5198,SSAR,"[[""-67.07150661"", ""-71.51306961""], [""-61.96220449"", ""-74.6379985""], [""-74.85565913"", ""-75.9398546""], [""-77.8674937"", ""-72.56841025""], [""-67.07150661"", ""-71.51306961""]]",SAT_SEN_MODE,J,Y,2026-07-30 20:46:32,2026206220104_82_125,82,25-JUL-2026
NISAR_S2_PR_GUNW_025_039_D_126_026_3700_SH_20260710T222842_20260710T222920_20260722T222841_20260722T222920_P00500_M_F_I_001,NISAR_S2_PR_GUNW_025_039_D_126_026_3700_SH_20260710T222842_20260710T222920_20260722T222841_20260722T222920_P00500_M_F_I_001,NISAR_SSAR_GUNW,39,D,126,039_D_126,HH,126,2026203222708,NISAR,Descending,True,5.482405817,23-JUL-2026,2026-07-22T22:28:41Z,6.001744652,2026-07-24T00:38:27,NISAR_S2_PR_GUNW_025_039_D_126_026_3700_SH_20260710T222842_20260710T222920_20260722T222841_20260722T222920_P00500_M_F_I_001,ObsId_Track_Frame,STUCGUFED,NISAR_SSAR_W,5157,-78.57347514,W,41.4354248,247,F,Left,"[[""-81.63768147"", ""-74.39604458""], [""-73.1838395"", ""-74.93358405""], [""-74.85807865"", ""-77.16553926""], [""-84.60096757"", ""-76.56159948""], [""-81.63768147"", ""-74.39604458""]]",-75.80278103,1.4.00,ISRO,Copernicus GLO-30,25,2026203222648,5155,SSAR,"[[""-73.78915528"", ""-73.79738943""], [""-69.67786915"", ""-76.9461414""], [""-84.82506608"", ""-77.70279941""], [""-85.93333821"", ""-74.39502342""], [""-73.78915528"", ""-73.79738943""]]",SAT_SEN_MODE,J,Y,2026-07-24 00:53:11,2026203222708_39_126,39,22-JUL-2026
NISAR_S2_PR_GUNW_025_039_D_125_026_3700_SH_20260710T222806_20260710T222845_20260722T222805_20260722T222844_P00500_M_F_I_001,NISAR_S2_PR_GUNW_025_039_D_125_026_3700_SH_20260710T222806_20260710T222845_20260722T222805_20260722T222844_P00500_M_F_I_001,NISAR_SSAR_GUNW,39,D,125,039_D_125,HH,125,2026203222708,NISAR,Descending,True,5.48393139,23-JUL-2026,2026-07-22T22:28:05Z,6.00098957,2026-07-24T00:44:01,NISAR_S2_PR_GUNW_025_039_D_125_026_3700_SH_20260710T222806_20260710T222845_20260722T222805_20260722T222844_P00500_M_F_I_001,ObsId_Track_Frame,STUCGUFED,NISAR_SSAR_W,5157,-76.67136039,W,41.4240303,247,F,Left,"[[""-79.5015475"", ""-72.33927596""], [""-72.01106797"", ""-72.8326148""], [""-73.32369834"", ""-75.11598499""], [""-81.84141629"", ""-74.57553716""], [""-79.5015475"", ""-72.33927596""]]",-73.74792328,1.4.00,ISRO,Copernicus GLO-30,25,2026203222648,5155,SSAR,"[[""-72.62512001"", ""-71.68852573""], [""-68.77273298"", ""-74.8577851""], [""-81.84368561"", ""-75.73191679""], [""-83.413966"", ""-72.39691461""], [""-72.62512001"", ""-71.68852573""]]",SAT_SEN_MODE,J,Y,2026-07-24 00:55:04,2026203222708_39_125,39,22-JUL-2026
NISAR_S2_PR_GUNW_025_010_D_127_026_3700_SH_20260708T221238_20260708T221318_20260720T221238_20260720T221317_P00500_M_F_I_001,NISAR_S2_PR_GUNW_025_010_D_127_026_3700_SH_20260708T221238_20260708T221318_20260720T221238_20260720T221317_P00500_M_F_I_001,NISAR_SSAR_GUNW,10,D,127,010_D_127,HH,127,2026201220936,NISAR,Descending,True,5.481481105,21-JUL-2026,2026-07-20T22:12:38Z,5.991025207,2026-07-30T18:51:45,NISAR_S2_PR_GUNW_025_010_D_127_026_3700_SH_20260708T221238_20260708T221318_20260720T221238_20260720T221317_P00500_M_F_I_001,ObsId_Track_Frame,STUCGUFED,NISAR_SSAR_W,5128,-76.82693739,W,41.41748047,247,F,Left,"[[""-80.10337362"", ""-76.39164717""], [""-70.44914453"", ""-76.9877881""], [""-72.61422763"", ""-79.25640677""], [""-84.06820001"", ""-78.56190992""], [""-80.10337362"", ""-76.39164717""]]",-77.84881715,1.4.00,ISRO,Copernicus GLO-30,25,2026201220904,5126,SSAR,"[[""-71.56505118"", ""-75.73773027""], [""-65.91254769"", ""-78.92739244""], [""-84.21526161"", ""-79.83502282""], [""-85.68030558"", ""-76.42470713""], [""-71.56505118"", ""-75.73773027""]]",SAT_SEN_MODE,J,Y,2026-07-30 19:13:30,2026201220936_10_127,10,20-JUL-2026
NISAR_S2_PR_GUNW_025_010_D_126_026_3700_SH_20260708T221203_20260708T221242_20260720T221202_20260720T221241_P00500_M_F_I_001,NISAR_S2_PR_GUNW_025_010_D_126_026_3700_SH_20260708T221203_20260708T221242_20260720T221202_20260720T221241_P00500_M_F_I_001,NISAR_SSAR_GUNW,10,D,126,010_D_126,HH,126,2026201220936,NISAR,Descending,True,5.4833486,21-JUL-2026,2026-07-20T22:12:02Z,6.000828719,2026-07-30T19:03:30,NISAR_S2_PR_GUNW_025_010_D_126_026_3700_SH_20260708T221203_20260708T221242_20260720T221202_20260720T221241_P00500_M_F_I_001,ObsId_Track_Frame,STUCGUFED,NISAR_SSAR_W,5128,-74.41507973,W,41.39085388,247,F,Left,"[[""-77.45699111"", ""-74.3978967""], [""-69.04015927"", ""-74.93303119""], [""-70.73590346"", ""-77.16413393""], [""-80.41582556"", ""-76.5638039""], [""-77.45699111"", ""-74.3978967""]]",-75.80218394,1.4.00,ISRO,Copernicus GLO-30,25,2026201220904,5126,SSAR,"[[""-70.1254679"", ""-73.67487118""], [""-65.05065389"", ""-76.8128571""], [""-80.1381964"", ""-77.85627931""], [""-82.30720894"", ""-74.49779155""], [""-70.1254679"", ""-73.67487118""]]",SAT_SEN_MODE,J,Y,2026-07-30 19:45:06,2026201220936_10_126,10,20-JUL-2026
NISAR_S2_PR_GUNW_025_010_D_125_026_3700_SH_20260708T221127_20260708T221206_20260720T221126_20260720T221205_P00500_M_F_I_001,NISAR_S2_PR_GUNW_025_010_D_125_026_3700_SH_20260708T221127_20260708T221206_20260720T221126_20260720T221205_P00500_M_F_I_001,NISAR_SSAR_GUNW,10,D,125,010_D_125,HH,125,2026201220936,NISAR,Descending,True,5.484741058,21-JUL-2026,2026-07-20T22:11:26Z,5.996229134,2026-07-30T19:33:25,NISAR_S2_PR_GUNW_025_010_D_125_026_3700_SH_20260708T221127_20260708T221206_20260720T221126_20260720T221205_P00500_M_F_I_001,ObsId_Track_Frame,STUCGUFED,NISAR_SSAR_W,5128,-72.53146128,W,41.40382385,247,F,Left,"[[""-75.3329648"", ""-72.33969292""], [""-67.8813005"", ""-72.83098504""], [""-69.19152679"", ""-75.11453182""], [""-77.68587913"", ""-74.57482446""], [""-75.3329648"", ""-72.33969292""]]",-73.74803103,1.4.00,ISRO,Copernicus GLO-30,25,2026201220904,5126,SSAR,"[[""-68.91555649"", ""-71.56797269""], [""-64.21916828"", ""-74.71442267""], [""-77.21588847"", ""-75.87417558""], [""-79.73369113"", ""-72.50759316""], [""-68.91555649"", ""-71.56797269""]]",SAT_SEN_MODE,J,Y,2026-07-30 20:04:29,2026201220936_10_125,10,20-JUL-2026
NISAR_S2_PR_GUNW_025_009_D_129_026_3700_SH_20260708T203356_20260708T203429_20260720T203355_20260720T203428_P00500_M_F_I_001,NISAR_S2_PR_GUNW_025_009_D_129_026_3700_SH_20260708T203356_20260708T203429_20260720T203355_20260720T203428_P00500_M_F_I_001,NISAR_SSAR_GUNW,9,D,129,009_D_129,HH,129,2026201203228,NISAR,Descending,True,5.478281134,21-JUL-2026,2026-07-20T20:33:55Z,5.990977721,2026-07-22T04:07:23,NISAR_S2_PR_GUNW_025_009_D_129_026_3700_SH_20260708T203356_20260708T203429_20260720T203355_20260720T203428_P00500_M_F_I_001,ObsId_Track_Frame,STUCGUFED,NISAR_SSAR_W,5128,-59.27824304,W,41.40200043,247,F,Left,"[[""-63.37512576"", ""-80.25022667""], [""-49.94540822"", ""-81.05842051""], [""-53.52085276"", ""-82.91881635""], [""-69.59633593"", ""-81.94086132""], [""-63.37512576"", ""-80.25022667""]]",-81.61749482,1.4.00,ISRO,Copernicus GLO-30,25,2026201203224,5125,SSAR,"[[""-56.4087182"", ""-79.36954511""], [""-43.27634162"", ""-81.91229235""], [""-64.31677671"", ""-83.84380011""], [""-73.26153626"", ""-80.74677651""], [""-56.4087182"", ""-79.36954511""]]",SAT_SEN_MODE,J,Y,2026-07-22 04:19:26,2026201203228_9_129,9,20-JUL-2026
NISAR_S2_PR_GUNW_024_169_D_125_025_3700_SH_20260707T225304_20260707T225343_20260719T225303_20260719T225343_P00500_M_F_I_001,NISAR_S2_PR_GUNW_024_169_D_125_025_3700_SH_20260707T225304_20260707T225343_20260719T225303_20260719T225343_P00500_M_F_I_001,NISAR_SSAR_GUNW,169,D,125,169_D_125,HH,125,2026200225248,NISAR,Descending,True,5.48392878,20-JUL-2026,2026-07-19T22:53:03Z,5.999347234,2026-07-22T15:17:20,NISAR_S2_PR_GUNW_024_169_D_125_025_3700_SH_20260707T225304_20260707T225343_20260719T225303_20260719T225343_P00500_M_F_I_001,ObsId_Track_Frame,STUCGUFED,NISAR_SSAR_W,5113,-82.89425626,W,41.43727493,247,F,Left,"[[""-85.75876641"", ""-72.33689669""], [""-78.21307926"", ""-72.8333684""], [""-79.53980972"", ""-75.11601879""], [""-88.09768772"", ""-74.57324135""], [""-85.75876641"", ""-72.33689669""]]",-73.74677435,1.4.00,ISRO,Copernicus GLO-30,24,2026200225244,5112,SSAR,"[[""-78.28603674"", ""-71.90054896""], [""-75.74336569"", ""-75.0402849""], [""-88.64598824"", ""-75.49221295""], [""-88.89502554"", ""-72.26843855""], [""-78.28603674"", ""-71.90054896""]]",SAT_SEN_MODE,J,Y,2026-07-22 15:32:14,2026200225248_169_125,169,19-JUL-2026
NISAR_S2_PR_GUNW_024_139_D_129_025_3700_SH_20260705T205854_20260705T205927_20260717T205853_20260717T205926_P00500_M_F_I_001,NISAR_S2_PR_GUNW_024_139_D_129_025_3700_SH_20260705T205854_20260705T205927_20260717T205853_20260717T205926_P00500_M_F_I_001,NISAR_SSAR_GUNW,139,D,129,139_D_129,HH,129,2026198205712,NISAR,Descending,True,5.478498044,18-JUL-2026,2026-07-17T20:58:53Z,5.993112607,2026-07-19T03:48:58,NISAR_S2_PR_GUNW_024_139_D_129_025_3700_SH_20260705T205854_20260705T205927_20260717T205853_20260717T205926_P00500_M_F_I_001,ObsId_Track_Frame,STUCGUFED,NISAR_SSAR_W,5085,-65.53404807,W,41.39506912,247,F,Left,"[[""-69.60309135"", ""-80.25035689""], [""-56.2210362"", ""-81.05614875""], [""-59.85153907"", ""-82.91450529""], [""-75.82620715"", ""-81.94079591""], [""-69.60309135"", ""-80.25035689""]]",-81.61297045,1.4.00,ISRO,Copernicus GLO-30,24,2026198205708,5082,SSAR,"[[""-61.16414728"", ""-79.40833758""], [""-49.40393689"", ""-82.13999834""], [""-72.98658628"", ""-83.75515793""], [""-78.87853981"", ""-80.53882881""], [""-61.16414728"", ""-79.40833758""]]",SAT_SEN_MODE,J,Y,2026-07-19 04:14:03,2026198205712_139_129,139,17-JUL-2026
NISAR_S2_PR_GUNW_024_139_D_128_025_3700_SH_20260705T205820_20260705T205857_20260717T205819_20260717T205857_P00500_M_F_I_001,NISAR_S2_PR_GUNW_024_139_D_128_025_3700_SH_20260705T205820_20260705T205857_20260717T205819_20260717T205857_P00500_M_F_I_001,NISAR_SSAR_GUNW,139,D,128,139_D_128,HH,128,2026198205712,NISAR,Descending,True,5.479654562,18-JUL-2026,2026-07-17T20:58:19Z,5.990842981,2026-07-19T03:02:48,NISAR_S2_PR_GUNW_024_139_D_128_025_3700_SH_20260705T205820_20260705T205857_20260717T205819_20260717T205857_P00500_M_F_I_001,ObsId_Track_Frame,STUCGUFED,NISAR_SSAR_W,5085,-61.36253595,W,41.40171814,247,F,Left,"[[""-64.96486965"", ""-78.39170896""], [""-53.64010266"", ""-79.07784819""], [""-56.50768389"", ""-81.23551588""], [""-70.11711713"", ""-80.41563282""], [""-64.96486965"", ""-78.39170896""]]",-79.84223719,1.4.00,ISRO,Copernicus GLO-30,24,2026198205708,5082,SSAR,"[[""-58.19288236"", ""-77.46287382""], [""-47.22689438"", ""-80.2548423""], [""-66.47626724"", ""-82.19172687""], [""-73.73161661"", ""-78.89202367""], [""-58.19288236"", ""-77.46287382""]]",SAT_SEN_MODE,J,Y,2026-07-19 03:20:03,2026198205712_139_128,139,17-JUL-2026
NISAR_S2_PR_GUNW_023_125_D_128_025_3700_SH_20260622T213958_20260622T214035_20260716T213956_20260716T214034_P00500_M_F_I_001,NISAR_S2_PR_GUNW_023_125_D_128_025_3700_SH_20260622T213958_20260622T214035_20260716T213956_20260716T214034_P00500_M_F_I_001,NISAR_SSAR_GUNW,125,D,128,125_D_128,HH,128,2026197213456,NISAR,Descending,True,5.479491135,17-JUL-2026,2026-07-16T21:39:56Z,5.994651316,2026-07-21T13:27:35,NISAR_S2_PR_GUNW_023_125_D_128_025_3700_SH_20260622T213958_20260622T214035_20260716T213956_20260716T214034_P00500_M_F_I_001,ObsId_Track_Frame,STUCGUFED,NISAR_SSAR_W,5071,-71.75713262,W,41.41445541,247,F,Left,"[[""-75.33186162"", ""-78.3943372""], [""-64.11613598"", ""-79.07457887""], [""-66.99986993"", ""-81.23169718""], [""-80.43599328"", ""-80.42239718""], [""-75.33186162"", ""-78.3943372""]]",-79.83819185,1.4.00,ISRO,Copernicus GLO-30,23,2026197213452,5068,SSAR,"[[""-66.56476743"", ""-77.61671515""], [""-58.06781894"", ""-80.67338379""], [""-79.77099171"", ""-81.95252964""], [""-82.84630299"", ""-78.5428766""], [""-66.56476743"", ""-77.61671515""]]",SAT_SEN_MODE,J,Y,2026-07-21 13:46:10,2026197213456_125_128,125,16-JUL-2026
NISAR_S2_PR_GUNW_023_125_D_127_025_3700_SH_20260622T213921_20260622T214001_20260716T213920_20260716T213959_P00500_M_F_I_001,NISAR_S2_PR_GUNW_023_125_D_127_025_3700_SH_20260622T213921_20260622T214001_20260716T213920_20260716T213959_P00500_M_F_I_001,NISAR_SSAR_GUNW,125,D,127,125_D_127,HH,127,2026197213456,NISAR,Descending,True,5.480597913,17-JUL-2026,2026-07-16T21:39:20Z,5.994492869,2026-07-21T13:03:11,NISAR_S2_PR_GUNW_023_125_D_127_025_3700_SH_20260622T213921_20260622T214001_20260716T213920_20260716T213959_P00500_M_F_I_001,ObsId_Track_Frame,STUCGUFED,NISAR_SSAR_W,5071,-68.51610594,W,41.41479492,247,F,Left,"[[""-71.75237958"", ""-76.39449398""], [""-62.17119438"", ""-76.98645911""], [""-64.3466231"", ""-79.25475358""], [""-75.70988164"", ""-78.56538659""], [""-71.75237958"", ""-76.39449398""]]",-77.84999735,1.4.00,ISRO,Copernicus GLO-30,23,2026197213452,5068,SSAR,"[[""-64.52093932"", ""-75.53260787""], [""-56.78938387"", ""-78.61499843""], [""-74.3857595"", ""-80.10193247""], [""-78.5010833"", ""-76.66188359""], [""-64.52093932"", ""-75.53260787""]]",SAT_SEN_MODE,J,Y,2026-07-21 13:26:06,2026197213456_125_127,125,16-JUL-2026
NISAR_S2_PR_GUNW_023_125_D_126_025_3700_SH_20260622T213846_20260622T213925_20260716T213845_20260716T213923_P00500_M_F_I_001,NISAR_S2_PR_GUNW_023_125_D_126_025_3700_SH_20260622T213846_20260622T213925_20260716T213845_20260716T213923_P00500_M_F_I_001,NISAR_SSAR_GUNW,125,D,126,125_D_126,HH,126,2026197213456,NISAR,Descending,True,5.482136579,17-JUL-2026,2026-07-16T21:38:45Z,5.99446939,2026-07-21T13:29:47,NISAR_S2_PR_GUNW_023_125_D_126_025_3700_SH_20260622T213846_20260622T213925_20260716T213845_20260716T213923_P00500_M_F_I_001,ObsId_Track_Frame,STUCGUFED,NISAR_SSAR_W,5071,-66.07683404,W,41.46797562,247,F,Left,"[[""-69.05077627"", ""-74.40560591""], [""-60.71907925"", ""-74.93365874""], [""-62.35708362"", ""-77.16778012""], [""-72.07511772"", ""-76.56667724""], [""-69.05077627"", ""-74.40560591""]]",-75.81328059,1.4.00,ISRO,Copernicus GLO-30,23,2026197213452,5068,SSAR,"[[""-62.92430477"", ""-73.48467283""], [""-56.09258061"", ""-76.49473048""], [""-70.45948038"", ""-78.09456914""], [""-74.89472778"", ""-74.75327489""], [""-62.92430477"", ""-73.48467283""]]",SAT_SEN_MODE,J,Y,2026-07-21 13:48:05,2026197213456_125_126,125,16-JUL-2026
NISAR_S2_PR_GUNW_023_096_D_128_025_3700_SH_20260620T212319_20260620T212356_20260714T212317_20260714T212355_P00500_M_F_I_001,NISAR_S2_PR_GUNW_023_096_D_128_025_3700_SH_20260620T212319_20260620T212356_20260714T212317_20260714T212355_P00500_M_F_I_001,NISAR_SSAR_GUNW,96,D,128,096_D_128,HH,128,2026195212020,NISAR,Descending,True,5.565700305,15-JUL-2026,2026-07-14T21:23:17Z,5.994028009,2026-07-17T00:51:20,NISAR_S2_PR_GUNW_023_096_D_128_025_3700_SH_20260620T212319_20260620T212356_20260714T212317_20260714T212355_P00500_M_F_I_001,ObsId_Track_Frame,STUCGUFED,NISAR_SSAR_W,5042,-67.60939247,W,41.42368317,247,F,Left,"[[""-71.16097003"", ""-78.39439381""], [""-59.95254245"", ""-79.07398952""], [""-62.83646854"", ""-81.23110112""], [""-76.30498064"", ""-80.41903842""], [""-71.16097003"", ""-78.39439381""]]",-79.83944236,1.4.00,ISRO,Copernicus GLO-30,23,2026195211836,5039,SSAR,"[[""-63.20419237"", ""-77.53824999""], [""-53.64101676"", ""-80.50863808""], [""-74.57307409"", ""-82.06548705""], [""-79.27977911"", ""-78.67134366""], [""-63.20419237"", ""-77.53824999""]]",SAT_SEN_MODE,J,Y,2026-07-17 07:23:49,2026195212020_96_128,96,14-JUL-2026
NISAR_S2_PR_GUNW_023_096_D_127_025_3700_SH_20260620T212243_20260620T212322_20260714T212241_20260714T212321_P00500_M_F_I_001,NISAR_S2_PR_GUNW_023_096_D_127_025_3700_SH_20260620T212243_20260620T212322_20260714T212241_20260714T212321_P00500_M_F_I_001,NISAR_SSAR_GUNW,96,D,127,096_D_127,HH,127,2026195212020,NISAR,Descending,True,5.481109432,15-JUL-2026,2026-07-14T21:22:41Z,5.99488417,2026-07-17T00:53:10,NISAR_S2_PR_GUNW_023_096_D_127_025_3700_SH_20260620T212243_20260620T212322_20260714T212241_20260714T212321_P00500_M_F_I_001,ObsId_Track_Frame,STUCGUFED,NISAR_SSAR_W,5042,-64.36175376,W,41.42301941,247,F,Left,"[[""-67.61203454"", ""-76.39172826""], [""-58.01214863"", ""-76.98542932""], [""-60.18797114"", ""-79.25438998""], [""-71.54853447"", ""-78.56508937""], [""-67.61203454"", ""-76.39172826""]]",-77.84843089,1.4.00,ISRO,Copernicus GLO-30,23,2026195211836,5039,SSAR,"[[""-61.0286856"", ""-75.46413018""], [""-52.40346952"", ""-78.43761931""], [""-69.30374594"", ""-80.1978221""], [""-74.80270248"", ""-76.81019904""], [""-61.0286856"", ""-75.46413018""]]",SAT_SEN_MODE,J,Y,2026-07-17 07:19:26,2026195212020_96_127,96,14-JUL-2026
NISAR_S2_PR_GUNW_023_096_D_126_025_3700_SH_20260620T212207_20260620T212246_20260714T212206_20260714T212244_P00500_M_F_I_001,NISAR_S2_PR_GUNW_023_096_D_126_025_3700_SH_20260620T212207_20260620T212246_20260714T212206_20260714T212244_P00500_M_F_I_001,NISAR_SSAR_GUNW,96,D,126,096_D_126,HH,126,2026195212020,NISAR,Descending,True,5.482465785,15-JUL-2026,2026-07-14T21:22:06Z,5.995458626,2026-07-17T00:57:50,NISAR_S2_PR_GUNW_023_096_D_126_025_3700_SH_20260620T212207_20260620T212246_20260714T212206_20260714T212244_P00500_M_F_I_001,ObsId_Track_Frame,STUCGUFED,NISAR_SSAR_W,5042,-61.91770155,W,41.4751358,247,F,Left,"[[""-64.90034882"", ""-74.40382845""], [""-56.55744672"", ""-74.93286677""], [""-58.19438048"", ""-77.1670382""], [""-67.91576831"", ""-76.56564955""], [""-64.90034882"", ""-74.40382845""]]",-75.81265419,1.4.00,ISRO,Copernicus GLO-30,23,2026195211836,5039,SSAR,"[[""-59.38339181"", ""-73.41828969""], [""-51.75893735"", ""-76.32699203""], [""-65.49773702"", ""-78.18451883""], [""-71.1064417"", ""-74.89981398""], [""-59.38339181"", ""-73.41828969""]]",SAT_SEN_MODE,J,Y,2026-07-17 07:16:05,2026195212020_96_126,96,14-JUL-2026
NISAR_S2_PR_GUNW_023_082_D_127_025_3700_SH_20260619T220420_20260619T220459_20260713T220419_20260713T220458_P00500_M_F_I_001,NISAR_S2_PR_GUNW_023_082_D_127_025_3700_SH_20260619T220420_20260619T220459_20260713T220419_20260713T220458_P00500_M_F_I_001,NISAR_SSAR_GUNW,82,D,127,082_D_127,HH,127,2026194220104,NISAR,Descending,True,5.481140824,14-JUL-2026,2026-07-13T22:04:19Z,5.990811767,2026-07-19T21:46:41,NISAR_S2_PR_GUNW_023_082_D_127_025_3700_SH_20260619T220420_20260619T220459_20260713T220419_20260713T220458_P00500_M_F_I_001,ObsId_Track_Frame,STUCGUFED,NISAR_SSAR_W,5027,-74.75415416,W,41.46808243,247,F,Left,"[[""-78.01858304"", ""-76.39146688""], [""-68.41045976"", ""-76.98558408""], [""-70.57225588"", ""-79.25440681""], [""-81.9531827"", ""-78.5642628""], [""-78.01858304"", ""-76.39146688""]]",-77.84725972,1.4.00,ISRO,Copernicus GLO-30,23,2026194220004,5025,SSAR,"[[""-69.79598866"", ""-75.68142814""], [""-63.60203572"", ""-78.85540149""], [""-81.82743274"", ""-79.90953262""], [""-83.92222041"", ""-76.4791401""], [""-69.79598866"", ""-75.68142814""]]",SAT_SEN_MODE,J,Y,2026-07-19 22:03:39,2026194220104_82_127,82,13-JUL-2026
NISAR_S2_PR_GUNW_023_082_D_126_025_3700_SH_20260619T220344_20260619T220423_20260713T220343_20260713T220422_P00500_M_F_I_001,NISAR_S2_PR_GUNW_023_082_D_126_025_3700_SH_20260619T220344_20260619T220423_20260713T220343_20260713T220422_P00500_M_F_I_001,NISAR_SSAR_GUNW,82,D,126,082_D_126,HH,126,2026194220104,NISAR,Descending,True,5.483337211,14-JUL-2026,2026-07-13T22:03:43Z,5.993046209,2026-07-19T21:25:14,NISAR_S2_PR_GUNW_023_082_D_126_025_3700_SH_20260619T220344_20260619T220423_20260713T220343_20260713T220422_P00500_M_F_I_001,ObsId_Track_Frame,STUCGUFED,NISAR_SSAR_W,5027,-72.31925965,W,41.47988892,247,F,Left,"[[""-75.32080051"", ""-74.40229258""], [""-66.97092489"", ""-74.93225587""], [""-68.66657725"", ""-77.16405593""], [""-78.29114416"", ""-76.56790055""], [""-75.32080051"", ""-74.40229258""]]",-75.80459403,1.4.00,ISRO,Copernicus GLO-30,23,2026194220004,5025,SSAR,"[[""-68.30120971"", ""-73.61879876""], [""-62.77230476"", ""-76.73232831""], [""-77.75651395"", ""-77.91896592""], [""-80.47339083"", ""-74.55539955""], [""-68.30120971"", ""-73.61879876""]]",SAT_SEN_MODE,J,Y,2026-07-19 21:41:33,2026194220104_82_126,82,13-JUL-2026
NISAR_S2_PR_GUNW_023_082_D_125_025_3700_SH_20260619T220308_20260619T220348_20260713T220307_20260713T220346_P00500_M_F_I_001,NISAR_S2_PR_GUNW_023_082_D_125_025_3700_SH_20260619T220308_20260619T220348_20260713T220307_20260713T220346_P00500_M_F_I_001,NISAR_SSAR_GUNW,82,D,125,082_D_125,HH,125,2026194220104,NISAR,Descending,True,5.484815956,14-JUL-2026,2026-07-13T22:03:07Z,5.990317826,2026-07-19T21:13:21,NISAR_S2_PR_GUNW_023_082_D_125_025_3700_SH_20260619T220308_20260619T220348_20260713T220307_20260713T220346_P00500_M_F_I_001,ObsId_Track_Frame,STUCGUFED,NISAR_SSAR_W,5027,-70.42283152,W,41.48278809,247,F,Left,"[[""-73.22822008"", ""-72.34187854""], [""-65.76693016"", ""-72.83262645""], [""-67.10374376"", ""-75.11495596""], [""-75.57444034"", ""-74.5775402""], [""-73.22822008"", ""-72.34187854""]]",-73.7481109,1.4.00,ISRO,Copernicus GLO-30,23,2026194220004,5025,SSAR,"[[""-67.07150661"", ""-71.51306961""], [""-61.96220449"", ""-74.6379985""], [""-74.85565913"", ""-75.9398546""], [""-77.8674937"", ""-72.56841025""], [""-67.07150661"", ""-71.51306961""]]",SAT_SEN_MODE,J,Y,2026-07-19 21:34:30,2026194220104_82_125,82,13-JUL-2026
NISAR_S2_PR_GUNW_024_039_D_126_025_3700_SH_20260628T222842_20260628T222921_20260710T222842_20260710T222920_P00500_M_F_I_001,NISAR_S2_PR_GUNW_024_039_D_126_025_3700_SH_20260628T222842_20260628T222921_20260710T222842_20260710T222920_P00500_M_F_I_001,NISAR_SSAR_GUNW,39,D,126,039_D_126,HH,126,2026191222708,NISAR,Descending,True,5.56964433,11-JUL-2026,2026-07-10T22:28:42Z,5.972915115,2026-07-19T08:59:03,NISAR_S2_PR_GUNW_024_039_D_126_025_3700_SH_20260628T222842_20260628T222921_20260710T222842_20260710T222920_P00500_M_F_I_001,ObsId_Track_Frame,STUCGUFED,NISAR_SSAR_W,4984,-78.36044289,W,41.68556595,247,F,Left,"[[""-81.22999426"", ""-74.42991698""], [""-73.21095801"", ""-74.9320169""], [""-74.88949334"", ""-77.16385008""], [""-84.13619238"", ""-76.59989043""], [""-81.22999426"", ""-74.42991698""]]",-75.815864,1.4.00,ISRO,Copernicus GLO-30,24,2026191222648,4982,SSAR,"[[""-73.78915528"", ""-73.79738943""], [""-69.67786915"", ""-76.9461414""], [""-84.82506608"", ""-77.70279941""], [""-85.93333821"", ""-74.39502342""], [""-73.78915528"", ""-73.79738943""]]",SAT_SEN_MODE,J,Y,2026-07-19 09:09:23,2026191222708_39_126,39,10-JUL-2026
NISAR_S2_PR_GUNW_024_039_D_125_025_3700_SH_20260628T222806_20260628T222845_20260710T222806_20260710T222845_P00500_M_F_I_001,NISAR_S2_PR_GUNW_024_039_D_125_025_3700_SH_20260628T222806_20260628T222845_20260710T222806_20260710T222845_P00500_M_F_I_001,NISAR_SSAR_GUNW,39,D,125,039_D_125,HH,125,2026191222708,NISAR,Descending,True,5.483303959,11-JUL-2026,2026-07-10T22:28:06Z,5.971418528,2026-07-19T09:11:49,NISAR_S2_PR_GUNW_024_039_D_125_025_3700_SH_20260628T222806_20260628T222845_20260710T222806_20260710T222845_P00500_M_F_I_001,ObsId_Track_Frame,STUCGUFED,NISAR_SSAR_W,4984,-76.48404038,W,41.6753273,247,F,Left,"[[""-79.14989585"", ""-72.36901379""], [""-72.01707296"", ""-72.83192166""], [""-73.33064171"", ""-75.11526766""], [""-81.45078224"", ""-74.60791406""], [""-79.14989585"", ""-72.36901379""]]",-73.76006193,1.4.00,ISRO,Copernicus GLO-30,24,2026191222648,4982,SSAR,"[[""-72.62512001"", ""-71.68852573""], [""-68.77273298"", ""-74.8577851""], [""-81.84368561"", ""-75.73191679""], [""-83.413966"", ""-72.39691461""], [""-72.62512001"", ""-71.68852573""]]",SAT_SEN_MODE,J,Y,2026-07-19 09:23:03,2026191222708_39_125,39,10-JUL-2026
NISAR_S2_PR_GUNW_024_010_D_127_025_3700_SH_20260626T221239_20260626T221318_20260708T221238_20260708T221318_P00500_M_F_I_001,NISAR_S2_PR_GUNW_024_010_D_127_025_3700_SH_20260626T221239_20260626T221318_20260708T221238_20260708T221318_P00500_M_F_I_001,NISAR_SSAR_GUNW,10,D,127,010_D_127,HH,127,2026189220936,NISAR,Descending,True,5.481333235,09-JUL-2026,2026-07-08T22:12:38Z,5.993162516,2026-07-18T17:32:08,NISAR_S2_PR_GUNW_024_010_D_127_025_3700_SH_20260626T221239_20260626T221318_20260708T221238_20260708T221318_P00500_M_F_I_001,ObsId_Track_Frame,STUCGUFED,NISAR_SSAR_W,4955,-76.82951248,W,41.41009521,247,F,Left,"[[""-80.07014852"", ""-76.39386905""], [""-70.48939646"", ""-76.98561004""], [""-72.66258225"", ""-79.25399052""], [""-84.03106125"", ""-78.56446379""], [""-80.07014852"", ""-76.39386905""]]",-77.84820437,1.4.00,ISRO,Copernicus GLO-30,24,2026189220904,4953,SSAR,"[[""-71.56505118"", ""-75.73773027""], [""-65.91254769"", ""-78.92739244""], [""-84.21526161"", ""-79.83502282""], [""-85.68030558"", ""-76.42470713""], [""-71.56505118"", ""-75.73773027""]]",SAT_SEN_MODE,J,Y,2026-07-18 17:50:25,2026189220936_10_127,10,08-JUL-2026
NISAR_S2_PR_GUNW_024_010_D_126_025_3700_SH_20260626T221204_20260626T221242_20260708T221203_20260708T221242_P00500_M_F_I_001,NISAR_S2_PR_GUNW_024_010_D_126_025_3700_SH_20260626T221204_20260626T221242_20260708T221203_20260708T221242_P00500_M_F_I_001,NISAR_SSAR_GUNW,10,D,126,010_D_126,HH,126,2026189220936,NISAR,Descending,True,5.482673689,09-JUL-2026,2026-07-08T22:12:03Z,5.999716024,2026-07-18T17:22:05,NISAR_S2_PR_GUNW_024_010_D_126_025_3700_SH_20260626T221204_20260626T221242_20260708T221203_20260708T221242_P00500_M_F_I_001,ObsId_Track_Frame,STUCGUFED,NISAR_SSAR_W,4955,-74.40044825,W,41.38336563,247,F,Left,"[[""-77.42441299"", ""-74.40076449""], [""-69.04722943"", ""-74.93282954""], [""-70.74424282"", ""-77.16390103""], [""-80.37841917"", ""-76.56705951""], [""-77.42441299"", ""-74.40076449""]]",-75.80320185,1.4.00,ISRO,Copernicus GLO-30,24,2026189220904,4953,SSAR,"[[""-70.1254679"", ""-73.67487118""], [""-65.05065389"", ""-76.8128571""], [""-80.1381964"", ""-77.85627931""], [""-82.30720894"", ""-74.49779155""], [""-70.1254679"", ""-73.67487118""]]",SAT_SEN_MODE,J,Y,2026-07-18 17:42:05,2026189220936_10_126,10,08-JUL-2026
NISAR_S2_PR_GUNW_024_010_D_125_025_3700_SH_20260626T221127_20260626T221207_20260708T221127_20260708T221206_P00500_M_F_I_001,NISAR_S2_PR_GUNW_024_010_D_125_025_3700_SH_20260626T221127_20260626T221207_20260708T221127_20260708T221206_P00500_M_F_I_001,NISAR_SSAR_GUNW,10,D,125,010_D_125,HH,125,2026189220936,NISAR,Descending,True,5.484373774,09-JUL-2026,2026-07-08T22:11:27Z,5.992389554,2026-07-18T17:29:45,NISAR_S2_PR_GUNW_024_010_D_125_025_3700_SH_20260626T221127_20260626T221207_20260708T221127_20260708T221206_P00500_M_F_I_001,ObsId_Track_Frame,STUCGUFED,NISAR_SSAR_W,4955,-72.50619877,W,41.42324066,247,F,Left,"[[""-75.30268361"", ""-72.34256331""], [""-67.86466279"", ""-72.83199308""], [""-69.17252386"", ""-75.11560259""], [""-77.65177294"", ""-74.57797572""], [""-75.30268361"", ""-72.34256331""]]",-73.7499196,1.4.00,ISRO,Copernicus GLO-30,24,2026189220904,4953,SSAR,"[[""-68.91555649"", ""-71.56797269""], [""-64.21916828"", ""-74.71442267""], [""-77.21588847"", ""-75.87417558""], [""-79.73369113"", ""-72.50759316""], [""-68.91555649"", ""-71.56797269""]]",SAT_SEN_MODE,J,Y,2026-07-18 17:48:07,2026189220936_10_125,10,08-JUL-2026
NISAR_S2_PR_GUNW_024_009_D_129_025_3700_SH_20260626T203356_20260626T203429_20260708T203356_20260708T203429_P00500_M_F_I_001,NISAR_S2_PR_GUNW_024_009_D_129_025_3700_SH_20260626T203356_20260626T203429_20260708T203356_20260708T203429_P00500_M_F_I_001,NISAR_SSAR_GUNW,9,D,129,009_D_129,HH,129,2026189203228,NISAR,Descending,True,5.4783608,09-JUL-2026,2026-07-08T20:33:56Z,5.995770419,2026-07-15T18:11:47,NISAR_S2_PR_GUNW_024_009_D_129_025_3700_SH_20260626T203356_20260626T203429_20260708T203356_20260708T203429_P00500_M_F_I_001,ObsId_Track_Frame,STUCGUFED,NISAR_SSAR_W,4955,-59.3008582,W,41.39476395,247,F,Left,"[[""-63.30359418"", ""-80.25632584""], [""-50.07546737"", ""-81.05348561""], [""-53.68307416"", ""-82.91278791""], [""-69.51540358"", ""-81.9480809""], [""-63.30359418"", ""-80.25632584""]]",-81.61608324,1.4.00,ISRO,Copernicus GLO-30,24,2026189203224,4952,SSAR,"[[""-56.4087182"", ""-79.36954511""], [""-43.27634162"", ""-81.91229235""], [""-64.31677671"", ""-83.84380011""], [""-73.26153626"", ""-80.74677651""], [""-56.4087182"", ""-79.36954511""]]",SAT_SEN_MODE,J,Y,2026-07-15 18:26:13,2026189203228_9_129,9,08-JUL-2026
NISAR_S2_PR_GUNW_025_147_A_137_027_3700_SH_20260718T102223_20260718T102256_20260811T102222_20260811T102255_P00500_M_F_I_001,NISAR_S2_PR_GUNW_025_147_A_137_027_3700_SH_20260718T102223_20260718T102256_20260811T102222_20260811T102255_P00500_M_F_I_001,NISAR_SSAR_GUNW,147,A,137,147_A_137,HH,137,2026223102140,NISAR,Ascending,True,5.481491896,11-AUG-2026,2026-08-11T10:22:22Z,6.000039957,2026-08-13T20:56:59,NISAR_S2_PR_GUNW_025_147_A_137_027_3700_SH_20260718T102223_20260718T102256_20260811T102222_20260811T102255_P00500_M_F_I_001,ObsId_Track_Frame,STUCGUFED,NISAR_SSAR_W,5438,-44.08169063,W,41.30587769,247,F,Left,"[[""-53.35729276"", ""-81.06375168""], [""-40.01821784"", ""-80.25840227""], [""-33.84434428"", ""-81.95300811""], [""-49.77586705"", ""-82.92348365""], [""-53.35729276"", ""-81.06375168""]]",-81.62478445,1.4.00,ISRO,Copernicus GLO-30,25,2026223101324,5436,SSAR,"[[""-43.8080951"", ""-79.44140153""], [""-29.75023254"", ""-81.21611428""], [""-44.74035323"", ""-83.80182636""], [""-58.98294508"", ""-81.46333546""], [""-43.8080951"", ""-79.44140153""]]",SAT_SEN_MODE,J,Y,2026-08-13 21:11:55,2026223102140_147_137,147,11-AUG-2026
NISAR_S2_PR_GUNW_025_147_A_136_027_3700_SH_20260718T102151_20260718T102226_20260811T102151_20260811T102225_P00500_M_F_I_001,NISAR_S2_PR_GUNW_025_147_A_136_027_3700_SH_20260718T102151_20260718T102226_20260811T102151_20260811T102225_P00500_M_F_I_001,NISAR_SSAR_GUNW,147,A,136,147_A_136,HH,136,2026223102140,NISAR,Ascending,True,5.481701117,11-AUG-2026,2026-08-11T10:21:51Z,5.989353396,2026-08-13T20:05:59,NISAR_S2_PR_GUNW_025_147_A_136_027_3700_SH_20260718T102151_20260718T102226_20260811T102151_20260811T102225_P00500_M_F_I_001,ObsId_Track_Frame,STUCGUFED,NISAR_SSAR_W,5438,-38.18979398,W,41.43476105,247,F,Left,"[[""-50.20040171"", ""-82.74661296""], [""-34.49186059"", ""-81.7904064""], [""-24.94082854"", ""-83.46518983""], [""-44.04171169"", ""-84.6860549""], [""-50.20040171"", ""-82.74661296""]]",-83.26416498,1.4.00,ISRO,Copernicus GLO-30,25,2026223101324,5436,SSAR,"[[""-39.4973869"", ""-81.02645363""], [""-20.76565569"", ""-82.58982023""], [""-35.77305797"", ""-85.50190897""], [""-57.4429714"", ""-83.22258712""], [""-39.4973869"", ""-81.02645363""]]",SAT_SEN_MODE,J,Y,2026-08-13 20:19:07,2026223102140_147_136,147,11-AUG-2026
NISAR_S2_PR_GUNW_025_066_D_130_026_3700_SH_20260712T192750_20260712T192825_20260724T192749_20260724T192824_P00500_M_F_I_001,NISAR_S2_PR_GUNW_025_066_D_130_026_3700_SH_20260712T192750_20260712T192825_20260724T192749_20260724T192824_P00500_M_F_I_001,NISAR_SSAR_GUNW,66,D,130,066_D_130,HH,130,2026205192620,NISAR,Descending,True,5.478363113,25-JUL-2026,2026-07-24T19:27:49Z,5.993205673,2026-07-26T05:28:04,NISAR_S2_PR_GUNW_025_066_D_130_026_3700_SH_20260712T192750_20260712T192825_20260724T192749_20260724T192824_P00500_M_F_I_001,ObsId_Track_Frame,STUCGUFED,NISAR_SSAR_W,5185,-48.58150566,W,41.40538788,247,F,Left,"[[""-52.2218776"", ""-81.78334499""], [""-36.62244905"", ""-82.73367124""], [""-42.80430871"", ""-84.6732617""], [""-61.81509855"", ""-83.45476651""], [""-52.2218776"", ""-81.78334499""]]",-83.25518906,1.4.00,ISRO,Copernicus GLO-30,25,2026205192552,5182,SSAR,"[[""-48.17983012"", ""-81.06325523""], [""-29.89531742"", ""-83.12094235""], [""-49.20796234"", ""-85.4683089""], [""-66.06391218"", ""-82.70854935""], [""-48.17983012"", ""-81.06325523""]]",SAT_SEN_MODE,J,Y,2026-07-26 05:38:06,2026205192620_66_130,66,24-JUL-2026
NISAR_S2_PR_GUNW_025_008_D_131_026_3700_SH_20260708T185504_20260708T185537_20260720T185504_20260720T185537_P00500_M_F_I_001,NISAR_S2_PR_GUNW_025_008_D_131_026_3700_SH_20260708T185504_20260708T185537_20260720T185504_20260720T185537_P00500_M_F_I_001,NISAR_SSAR_GUNW,8,D,131,008_D_131,HH,131,2026201185152,NISAR,Descending,True,5.477790098,20-JUL-2026,2026-07-20T18:55:04Z,5.989579484,2026-07-22T03:12:47,NISAR_S2_PR_GUNW_025_008_D_131_026_3700_SH_20260708T185504_20260708T185537_20260720T185504_20260720T185537_P00500_M_F_I_001,ObsId_Track_Frame,STUCGUFED,NISAR_SSAR_W,5127,-49.67781838,W,41.40458298,247,F,Left,"[[""-52.38284433"", ""-83.31870525""], [""-33.72608883"", ""-84.5028549""], [""-44.59608258"", ""-86.25776668""], [""-66.1664068"", ""-84.67802016""], [""-52.38284433"", ""-83.31870525""]]",-84.80521996,1.4.00,ISRO,Copernicus GLO-30,25,2026201185124,5124,SSAR,"[[""-49.39300031"", ""-82.79064155""], [""-27.36746061"", ""-84.71319888""], [""-50.27129468"", ""-86.83858056""], [""-69.75587933"", ""-84.16380098""], [""-49.39300031"", ""-82.79064155""]]",SAT_SEN_MODE,J,Y,2026-07-22 03:34:39,2026201185152_8_131,8,20-JUL-2026
NISAR_S2_PR_GUNW_025_008_D_130_026_3700_SH_20260708T185433_20260708T185507_20260720T185432_20260720T185507_P00500_M_F_I_001,NISAR_S2_PR_GUNW_025_008_D_130_026_3700_SH_20260708T185433_20260708T185507_20260720T185432_20260720T185507_P00500_M_F_I_001,NISAR_SSAR_GUNW,8,D,130,008_D_130,HH,130,2026201185152,NISAR,Descending,True,5.478527054,20-JUL-2026,2026-07-20T18:54:32Z,5.990061563,2026-07-22T03:03:36,NISAR_S2_PR_GUNW_025_008_D_130_026_3700_SH_20260708T185433_20260708T185507_20260720T185432_20260720T185507_P00500_M_F_I_001,ObsId_Track_Frame,STUCGUFED,NISAR_SSAR_W,5127,-40.2711973,W,41.39761734,247,F,Left,"[[""-43.94740223"", ""-81.78021277""], [""-28.29451221"", ""-82.73492176""], [""-34.46736226"", ""-84.67487691""], [""-53.44241936"", ""-83.46100423""], [""-43.94740223"", ""-81.78021277""]]",-83.25500787,1.4.00,ISRO,Copernicus GLO-30,25,2026201185124,5124,SSAR,"[[""-42.03538179"", ""-81.22833116""], [""-23.3878699"", ""-82.89721519""], [""-36.86989765"", ""-85.29762422""], [""-57.39540683"", ""-83.02302089""], [""-42.03538179"", ""-81.22833116""]]",SAT_SEN_MODE,J,Y,2026-07-22 03:22:26,2026201185152_8_130,8,20-JUL-2026
NISAR_S2_PR_GUNW_023_066_D_130_025_3700_SH_20260618T192751_20260618T192826_20260712T192750_20260712T192825_P00500_M_F_I_001,NISAR_S2_PR_GUNW_023_066_D_130_025_3700_SH_20260618T192751_20260618T192826_20260712T192750_20260712T192825_P00500_M_F_I_001,NISAR_SSAR_GUNW,66,D,130,066_D_130,HH,130,2026193192620,NISAR,Descending,True,5.478300863,13-JUL-2026,2026-07-12T19:27:50Z,5.98848063,2026-07-19T10:53:47,NISAR_S2_PR_GUNW_023_066_D_130_025_3700_SH_20260618T192751_20260618T192826_20260712T192750_20260712T192825_P00500_M_F_I_001,ObsId_Track_Frame,STUCGUFED,NISAR_SSAR_W,5012,-48.52793383,W,41.40805817,247,F,Left,"[[""-52.15834883"", ""-81.78953976""], [""-36.59560286"", ""-82.73515351""], [""-42.76945657"", ""-84.67506332""], [""-61.74397254"", ""-83.46240979""], [""-52.15834883"", ""-81.78953976""]]",-83.25901889,1.4.00,ISRO,Copernicus GLO-30,23,2026193192552,5009,SSAR,"[[""-48.17983012"", ""-81.06325523""], [""-29.89531742"", ""-83.12094235""], [""-49.20796234"", ""-85.4683089""], [""-66.06391218"", ""-82.70854935""], [""-48.17983012"", ""-81.06325523""]]",SAT_SEN_MODE,J,Y,2026-07-19 11:04:19,2026193192620_66_130,66,12-JUL-2026
NISAR_S2_PR_GUNW_024_008_D_130_025_3700_SH_20260626T185433_20260626T185508_20260708T185433_20260708T185507_P00500_M_F_I_001,NISAR_S2_PR_GUNW_024_008_D_130_025_3700_SH_20260626T185433_20260626T185508_20260708T185433_20260708T185507_P00500_M_F_I_001,NISAR_SSAR_GUNW,8,D,130,008_D_130,HH,130,2026189185152,NISAR,Descending,True,5.478444041,08-JUL-2026,2026-07-08T18:54:33Z,5.988981212,2026-07-15T17:30:24,NISAR_S2_PR_GUNW_024_008_D_130_025_3700_SH_20260626T185433_20260626T185508_20260708T185433_20260708T185507_P00500_M_F_I_001,ObsId_Track_Frame,STUCGUFED,NISAR_SSAR_W,4954,-40.24963605,W,41.4427948,247,F,Left,"[[""-43.91807713"", ""-81.78323783""], [""-28.28812613"", ""-82.73553545""], [""-34.45944541"", ""-84.67556913""], [""-53.41044241"", ""-83.46462751""], [""-43.91807713"", ""-81.78323783""]]",-83.2567546,1.4.00,ISRO,Copernicus GLO-30,24,2026189185124,4951,SSAR,"[[""-42.03538179"", ""-81.22833116""], [""-23.3878699"", ""-82.89721519""], [""-36.86989765"", ""-85.29762422""], [""-57.39540683"", ""-83.02302089""], [""-42.03538179"", ""-81.22833116""]]",SAT_SEN_MODE,J,Y,2026-07-15 17:45:08,2026189185152_8_130,8,08-JUL-2026
NISAR_S2_PR_GUNW_025_147_A_138_027_3700_SH_20260718T102253_20260718T102330_20260811T102252_20260811T102329_P00500_M_P_I_001,NISAR_S2_PR_GUNW_025_147_A_138_027_3700_SH_20260718T102253_20260718T102330_20260811T102252_20260811T102329_P00500_M_P_I_001,NISAR_SSAR_GUNW,147,A,138,147_A_138,HH,138,2026223102140,NISAR,Ascending,True,5.481507057,11-AUG-2026,2026-08-11T10:22:52Z,5.987689841,2026-08-13T19:58:16,NISAR_S2_PR_GUNW_025_147_A_138_027_3700_SH_20260718T102253_20260718T102330_20260811T102252_20260811T102329_P00500_M_P_I_001,ObsId_Track_Frame,STUCGUFED,NISAR_SSAR_W,5438,-48.29342414,W,41.41727066,247,P,Left,"[[""-56.03131486"", ""-79.08895909""], [""-44.69757729"", ""-78.40296776""], [""-39.50356145"", ""-80.42375929""], [""-53.16148274"", ""-81.24665682""], [""-56.03131486"", ""-79.08895909""]]",-79.85842842,1.4.00,ISRO,Copernicus GLO-30,25,2026223101324,5436,SSAR,"[[""-47.49328628"", ""-77.55257514""], [""-35.328679"", ""-79.67895187""], [""-49.58209314"", ""-82.1521222""], [""-61.04699027"", ""-79.50160686""], [""-47.49328628"", ""-77.55257514""]]",SAT_SEN_MODE,J,Y,2026-08-13 20:16:37,2026223102140_147_138,147,11-AUG-2026
NISAR_S2_PR_GUNW_025_139_D_127_027_3700_SH_20260717T205743_20260717T205822_20260810T205742_20260810T205821_P00500_M_F_I_001,NISAR_S2_PR_GUNW_025_139_D_127_027_3700_SH_20260717T205743_20260717T205822_20260810T205742_20260810T205821_P00500_M_F_I_001,NISAR_SSAR_GUNW,139,D,127,139_D_127,HH,127,2026222205712,NISAR,Descending,True,5.480747633,11-AUG-2026,2026-08-10T20:57:42Z,5.993209437,2026-08-12T07:57:24,NISAR_S2_PR_GUNW_025_139_D_127_027_3700_SH_20260717T205743_20260717T205822_20260810T205742_20260810T205821_P00500_M_F_I_001,ObsId_Track_Frame,STUCGUFED,NISAR_SSAR_W,5431,-58.11991177,W,41.40934753,247,F,Left,"[[""-61.41041637"", ""-76.38934228""], [""-51.71748669"", ""-76.98855745""], [""-53.88226934"", ""-79.25789155""], [""-65.35573684"", ""-78.56201114""], [""-61.41041637"", ""-76.38934228""]]",-77.85094803,1.4.00,ISRO,Copernicus GLO-30,25,2026222205708,5428,SSAR,"[[""-55.89381717"", ""-75.39850928""], [""-46.08604583"", ""-78.17404567""], [""-61.51416391"", ""-80.2965086""], [""-69.10917524"", ""-77.04484868""], [""-55.89381717"", ""-75.39850928""]]",SAT_SEN_MODE,J,Y,2026-08-12 08:09:08,2026222205712_139_127,139,10-AUG-2026
NISAR_S2_PR_GUNW_025_139_D_126_027_3700_SH_20260717T205709_20260717T205746_20260810T205708_20260810T205745_P00500_M_F_I_001,NISAR_S2_PR_GUNW_025_139_D_126_027_3700_SH_20260717T205709_20260717T205746_20260810T205708_20260810T205745_P00500_M_F_I_001,NISAR_SSAR_GUNW,139,D,126,139_D_126,HH,126,2026222205712,NISAR,Descending,True,5.48178917,11-AUG-2026,2026-08-10T20:57:08Z,5.992742026,2026-08-12T06:02:35,NISAR_S2_PR_GUNW_025_139_D_126_027_3700_SH_20260717T205709_20260717T205746_20260810T205708_20260810T205745_P00500_M_F_I_001,ObsId_Track_Frame,STUCGUFED,NISAR_SSAR_W,5431,-55.7293525,W,41.43340683,247,F,Left,"[[""-58.88005318"", ""-74.49054383""], [""-50.30763448"", ""-75.03425862""], [""-51.87055705"", ""-77.17126602""], [""-61.72269155"", ""-76.56244783""], [""-58.88005318"", ""-74.49054383""]]",-75.8581794,1.4.00,ISRO,Copernicus GLO-30,25,2026222205708,5428,SSAR,"[[""-54.09597579"", ""-73.3665332""], [""-45.46019717"", ""-76.06488677""], [""-57.91944346"", ""-78.26135446""], [""-65.2426118"", ""-75.14279613""], [""-54.09597579"", ""-73.3665332""]]",SAT_SEN_MODE,J,Y,2026-08-12 06:16:04,2026222205712_139_126,139,10-AUG-2026
NISAR_S2_PR_GUNW_025_096_D_125_026_3700_SH_20260714T212130_20260714T212209_20260726T212129_20260726T212209_P00500_M_F_I_001,NISAR_S2_PR_GUNW_025_096_D_125_026_3700_SH_20260714T212130_20260714T212209_20260726T212129_20260726T212209_P00500_M_F_I_001,NISAR_SSAR_GUNW,96,D,125,096_D_125,HH,125,2026207212020,NISAR,Descending,True,5.483851604,27-JUL-2026,2026-07-26T21:21:29Z,6.001519739,2026-07-29T06:14:32,NISAR_S2_PR_GUNW_025_096_D_125_026_3700_SH_20260714T212130_20260714T212209_20260726T212129_20260726T212209_P00500_M_F_I_001,ObsId_Track_Frame,STUCGUFED,NISAR_SSAR_W,5215,-60.0388756,W,41.38962936,247,F,Left,"[[""-62.86985733"", ""-72.33838477""], [""-55.31308499"", ""-72.8354099""], [""-56.65492602"", ""-75.11741036""], [""-65.25081116"", ""-74.57119654""], [""-62.86985733"", ""-72.33838477""]]",-73.75022701,1.4.00,ISRO,Copernicus GLO-30,25,2026207211836,5212,SSAR,"[[""-57.998891"", ""-71.32840684""], [""-51.04884079"", ""-74.22180828""], [""-62.76235051"", ""-76.17963971""], [""-68.30113869"", ""-72.93406015""], [""-57.998891"", ""-71.32840684""]]",SAT_SEN_MODE,J,Y,2026-07-29 06:26:06,2026207212020_96_125,96,26-JUL-2026
NISAR_S2_PR_GUNW_025_066_D_129_026_3700_SH_20260712T192720_20260712T192753_20260724T192720_20260724T192752_P00500_M_F_I_001,NISAR_S2_PR_GUNW_025_066_D_129_026_3700_SH_20260712T192720_20260712T192753_20260724T192720_20260724T192752_P00500_M_F_I_001,NISAR_SSAR_GUNW,66,D,129,066_D_129,HH,129,2026205192620,NISAR,Descending,True,5.478505844,25-JUL-2026,2026-07-24T19:27:20Z,5.999477432,2026-07-26T05:12:56,NISAR_S2_PR_GUNW_025_066_D_129_026_3700_SH_20260712T192720_20260712T192753_20260724T192720_20260724T192752_P00500_M_F_I_001,ObsId_Track_Frame,STUCGUFED,NISAR_SSAR_W,5185,-42.65855401,W,41.41143417,247,F,Left,"[[""-46.66721517"", ""-80.25493672""], [""-33.40540808"", ""-81.05391184""], [""-37.01679891"", ""-82.9130596""], [""-52.94617916"", ""-81.94062546""], [""-46.66721517"", ""-80.25493672""]]",-81.61984294,1.4.00,ISRO,Copernicus GLO-30,25,2026205192552,5182,SSAR,"[[""-43.72583776"", ""-79.49221582""], [""-28.23529531"", ""-81.37333947""], [""-40.83179366"", ""-83.75268913""], [""-56.98896177"", ""-81.33122953""], [""-43.72583776"", ""-79.49221582""]]",SAT_SEN_MODE,J,Y,2026-07-26 05:25:17,2026205192620_66_129,66,24-JUL-2026
NISAR_S2_PR_GUNW_025_066_D_128_026_3700_SH_20260712T192646_20260712T192723_20260724T192645_20260724T192723_P00500_M_F_I_001,NISAR_S2_PR_GUNW_025_066_D_128_026_3700_SH_20260712T192646_20260712T192723_20260724T192645_20260724T192723_P00500_M_F_I_001,NISAR_SSAR_GUNW,66,D,128,066_D_128,HH,128,2026205192620,NISAR,Descending,True,5.479155214,25-JUL-2026,2026-07-24T19:26:45Z,5.995591356,2026-07-26T06:01:24,NISAR_S2_PR_GUNW_025_066_D_128_026_3700_SH_20260712T192646_20260712T192723_20260724T192645_20260724T192723_P00500_M_F_I_001,ObsId_Track_Frame,STUCGUFED,NISAR_SSAR_W,5185,-38.49394843,W,41.42632675,247,F,Left,"[[""-42.08918556"", ""-78.3917894""], [""-30.79457285"", ""-79.07730089""], [""-33.63969981"", ""-81.236584""], [""-47.22380007"", ""-80.41802668""], [""-42.08918556"", ""-78.3917894""]]",-79.84756382,1.4.00,ISRO,Copernicus GLO-30,25,2026205192552,5182,SSAR,"[[""-39.89552958"", ""-77.61746101""], [""-26.19757074"", ""-79.40169645""], [""-36.29504289"", ""-82.086243""], [""-51.29375611"", ""-79.81029195""], [""-39.89552958"", ""-77.61746101""]]",SAT_SEN_MODE,J,Y,2026-07-26 06:15:39,2026205192620_66_128,66,24-JUL-2026
NISAR_S2_PR_GUNW_025_009_D_128_026_3700_SH_20260708T203321_20260708T203359_20260720T203321_20260720T203358_P00500_M_F_I_001,NISAR_S2_PR_GUNW_025_009_D_128_026_3700_SH_20260708T203321_20260708T203359_20260720T203321_20260720T203358_P00500_M_F_I_001,NISAR_SSAR_GUNW,9,D,128,009_D_128,HH,128,2026201203228,NISAR,Descending,True,5.479476186,21-JUL-2026,2026-07-20T20:33:21Z,5.995843751,2026-07-22T04:13:13,NISAR_S2_PR_GUNW_025_009_D_128_026_3700_SH_20260708T203321_20260708T203359_20260720T203321_20260720T203358_P00500_M_F_I_001,ObsId_Track_Frame,STUCGUFED,NISAR_SSAR_W,5128,-55.15486593,W,41.41831207,247,F,Left,"[[""-58.72962304"", ""-78.39187573""], [""-47.43792051"", ""-79.07700105""], [""-50.34426529"", ""-81.23328226""], [""-63.8864702"", ""-80.4154385""], [""-58.72962304"", ""-78.39187573""]]",-79.84126676,1.4.00,ISRO,Copernicus GLO-30,25,2026201203224,5125,SSAR,"[[""-53.24448907"", ""-77.43539918""], [""-41.13959532"", ""-80.00231431""], [""-58.19692789"", ""-82.25304921""], [""-67.97222841"", ""-79.13000741""], [""-53.24448907"", ""-77.43539918""]]",SAT_SEN_MODE,J,Y,2026-07-22 04:29:14,2026201203228_9_128,9,20-JUL-2026
NISAR_S2_PR_GUNW_025_009_D_127_026_3700_SH_20260708T203245_20260708T203325_20260720T203245_20260720T203324_P00500_M_F_I_001,NISAR_S2_PR_GUNW_025_009_D_127_026_3700_SH_20260708T203245_20260708T203325_20260720T203245_20260720T203324_P00500_M_F_I_001,NISAR_SSAR_GUNW,9,D,127,009_D_127,HH,127,2026201203228,NISAR,Descending,True,5.480689041,21-JUL-2026,2026-07-20T20:32:45Z,5.994598905,2026-07-22T08:41:07,NISAR_S2_PR_GUNW_025_009_D_127_026_3700_SH_20260708T203245_20260708T203325_20260720T203245_20260720T203324_P00500_M_F_I_001,ObsId_Track_Frame,STUCGUFED,NISAR_SSAR_W,5128,-51.8890125,W,41.42644882,247,F,Left,"[[""-55.16399517"", ""-76.39010002""], [""-45.50821874"", ""-76.98760562""], [""-47.65487354"", ""-79.25770528""], [""-59.10814786"", ""-78.56288077""], [""-55.16399517"", ""-76.39010002""]]",-77.85321044,1.4.00,ISRO,Copernicus GLO-30,25,2026201203224,5125,SSAR,"[[""-50.76697049"", ""-75.38736122""], [""-40.01396218"", ""-77.9127952""], [""-53.59240783"", ""-80.33097905""], [""-63.18190077"", ""-77.30094962""], [""-50.76697049"", ""-75.38736122""]]",SAT_SEN_MODE,J,Y,2026-07-22 08:57:11,2026201203228_9_127,9,20-JUL-2026
NISAR_S2_PR_GUNW_024_139_D_127_025_3700_SH_20260705T205744_20260705T205823_20260717T205743_20260717T205822_P00500_M_F_I_001,NISAR_S2_PR_GUNW_024_139_D_127_025_3700_SH_20260705T205744_20260705T205823_20260717T205743_20260717T205822_P00500_M_F_I_001,NISAR_SSAR_GUNW,139,D,127,139_D_127,HH,127,2026198205712,NISAR,Descending,True,5.480886894,18-JUL-2026,2026-07-17T20:57:43Z,5.993125724,2026-07-19T03:01:56,NISAR_S2_PR_GUNW_024_139_D_127_025_3700_SH_20260705T205744_20260705T205823_20260717T205743_20260717T205822_P00500_M_F_I_001,ObsId_Track_Frame,STUCGUFED,NISAR_SSAR_W,5085,-58.12301228,W,41.4139061,247,F,Left,"[[""-61.41313908"", ""-76.38921706""], [""-51.72049666"", ""-76.98852732""], [""-53.88585542"", ""-79.25783039""], [""-65.35883831"", ""-78.56184187""], [""-61.41313908"", ""-76.38921706""]]",-77.85084745,1.4.00,ISRO,Copernicus GLO-30,24,2026198205708,5082,SSAR,"[[""-55.89381717"", ""-75.39850928""], [""-46.08604583"", ""-78.17404567""], [""-61.51416391"", ""-80.2965086""], [""-69.10917524"", ""-77.04484868""], [""-55.89381717"", ""-75.39850928""]]",SAT_SEN_MODE,J,Y,2026-07-19 03:13:36,2026198205712_139_127,139,17-JUL-2026
NISAR_S2_PR_GUNW_024_139_D_126_025_3700_SH_20260705T205710_20260705T205747_20260717T205709_20260717T205746_P00500_M_F_I_001,NISAR_S2_PR_GUNW_024_139_D_126_025_3700_SH_20260705T205710_20260705T205747_20260717T205709_20260717T205746_P00500_M_F_I_001,NISAR_SSAR_GUNW,139,D,126,139_D_126,HH,126,2026198205712,NISAR,Descending,True,5.482198903,18-JUL-2026,2026-07-17T20:57:09Z,5.993440844,2026-07-19T03:37:57,NISAR_S2_PR_GUNW_024_139_D_126_025_3700_SH_20260705T205710_20260705T205747_20260717T205709_20260717T205746_P00500_M_F_I_001,ObsId_Track_Frame,STUCGUFED,NISAR_SSAR_W,5085,-55.73484302,W,41.43802643,247,F,Left,"[[""-58.88180752"", ""-74.48855682""], [""-50.31530382"", ""-75.03216724""], [""-51.88036711"", ""-77.17042479""], [""-61.72624172"", ""-76.56168759""], [""-58.88180752"", ""-74.48855682""]]",-75.8567032,1.4.00,ISRO,Copernicus GLO-30,24,2026198205708,5082,SSAR,"[[""-54.09597579"", ""-73.3665332""], [""-45.46019717"", ""-76.06488677""], [""-57.91944346"", ""-78.26135446""], [""-65.2426118"", ""-75.14279613""], [""-54.09597579"", ""-73.3665332""]]",SAT_SEN_MODE,J,Y,2026-07-19 03:52:03,2026198205712_139_126,139,17-JUL-2026
NISAR_S2_PR_GUNW_023_125_D_125_025_3700_SH_20260622T213810_20260622T213849_20260716T213809_20260716T213848_P00500_M_F_I_001,NISAR_S2_PR_GUNW_023_125_D_125_025_3700_SH_20260622T213810_20260622T213849_20260716T213809_20260716T213848_P00500_M_F_I_001,NISAR_SSAR_GUNW,125,D,125,125_D_125,HH,125,2026197213456,NISAR,Descending,True,5.484998455,17-JUL-2026,2026-07-16T21:38:09Z,5.982532638,2026-07-21T13:15:10,NISAR_S2_PR_GUNW_023_125_D_125_025_3700_SH_20260622T213810_20260622T213849_20260716T213809_20260716T213848_P00500_M_F_I_001,ObsId_Track_Frame,STUCGUFED,NISAR_SSAR_W,5071,-64.19392213,W,41.43389893,247,F,Left,"[[""-67.02586271"", ""-72.33938677""], [""-59.51889982"", ""-72.83388078""], [""-60.8659712"", ""-75.11574908""], [""-69.34044515"", ""-74.57779658""], [""-67.02586271"", ""-72.33938677""]]",-73.74579918,1.4.00,ISRO,Copernicus GLO-30,23,2026197213452,5068,SSAR,"[[""-61.61707624"", ""-71.38153274""], [""-55.35073203"", ""-74.39362626""], [""-67.65831849"", ""-76.1022864""], [""-72.18780686"", ""-72.77372262""], [""-61.61707624"", ""-71.38153274""]]",SAT_SEN_MODE,J,Y,2026-07-21 13:41:20,2026197213456_125_125,125,16-JUL-2026
NISAR_S2_PR_GUNW_023_096_D_125_025_3700_SH_20260620T212131_20260620T212210_20260714T212130_20260714T212209_P00500_M_F_I_001,NISAR_S2_PR_GUNW_023_096_D_125_025_3700_SH_20260620T212131_20260620T212210_20260714T212130_20260714T212209_P00500_M_F_I_001,NISAR_SSAR_GUNW,96,D,125,096_D_125,HH,125,2026195212020,NISAR,Descending,True,5.483878694,15-JUL-2026,2026-07-14T21:21:30Z,6.004616966,2026-07-17T01:00:01,NISAR_S2_PR_GUNW_023_096_D_125_025_3700_SH_20260620T212131_20260620T212210_20260714T212130_20260714T212209_P00500_M_F_I_001,ObsId_Track_Frame,STUCGUFED,NISAR_SSAR_W,5042,-60.05494506,W,41.39575195,247,F,Left,"[[""-62.85539308"", ""-72.33982456""], [""-55.36139865"", ""-72.83340233""], [""-56.71042424"", ""-75.11520561""], [""-65.23153686"", ""-74.57301103""], [""-62.85539308"", ""-72.33982456""]]",-73.74915532,1.4.00,ISRO,Copernicus GLO-30,23,2026195211836,5039,SSAR,"[[""-57.998891"", ""-71.32840684""], [""-51.04884079"", ""-74.22180828""], [""-62.76235051"", ""-76.17963971""], [""-68.30113869"", ""-72.93406015""], [""-57.998891"", ""-71.32840684""]]",SAT_SEN_MODE,J,Y,2026-07-17 07:20:17,2026195212020_96_125,96,14-JUL-2026
NISAR_S2_PR_GUNW_023_066_D_129_025_3700_SH_20260618T192722_20260618T192754_20260712T192720_20260712T192753_P00500_M_F_I_001,NISAR_S2_PR_GUNW_023_066_D_129_025_3700_SH_20260618T192722_20260618T192754_20260712T192720_20260712T192753_P00500_M_F_I_001,NISAR_SSAR_GUNW,66,D,129,066_D_129,HH,129,2026193192620,NISAR,Descending,True,5.478418791,13-JUL-2026,2026-07-12T19:27:20Z,5.995939035,2026-07-19T10:39:24,NISAR_S2_PR_GUNW_023_066_D_129_025_3700_SH_20260618T192722_20260618T192754_20260712T192720_20260712T192753_P00500_M_F_I_001,ObsId_Track_Frame,STUCGUFED,NISAR_SSAR_W,5012,-42.62387763,W,41.41411591,247,F,Left,"[[""-46.61100277"", ""-80.25964905""], [""-33.40414426"", ""-81.05387917""], [""-37.0151799"", ""-82.91303223""], [""-52.88154151"", ""-81.94631235""], [""-46.61100277"", ""-80.25964905""]]",-81.62182405,1.4.00,ISRO,Copernicus GLO-30,23,2026193192552,5009,SSAR,"[[""-43.72583776"", ""-79.49221582""], [""-28.23529531"", ""-81.37333947""], [""-40.83179366"", ""-83.75268913""], [""-56.98896177"", ""-81.33122953""], [""-43.72583776"", ""-79.49221582""]]",SAT_SEN_MODE,J,Y,2026-07-19 10:49:37,2026193192620_66_129,66,12-JUL-2026
NISAR_S2_PR_GUNW_023_066_D_128_025_3700_SH_20260618T192647_20260618T192725_20260712T192646_20260712T192723_P00500_M_F_I_001,NISAR_S2_PR_GUNW_023_066_D_128_025_3700_SH_20260618T192647_20260618T192725_20260712T192646_20260712T192723_P00500_M_F_I_001,NISAR_SSAR_GUNW,66,D,128,066_D_128,HH,128,2026193192620,NISAR,Descending,True,5.479557865,13-JUL-2026,2026-07-12T19:26:46Z,5.996317836,2026-07-19T12:15:30,NISAR_S2_PR_GUNW_023_066_D_128_025_3700_SH_20260618T192647_20260618T192725_20260712T192646_20260712T192723_P00500_M_F_I_001,ObsId_Track_Frame,STUCGUFED,NISAR_SSAR_W,5012,-38.49444284,W,41.429039,247,F,Left,"[[""-42.04999063"", ""-78.39419978""], [""-30.83963175"", ""-79.0747031""], [""-33.69638259"", ""-81.23359515""], [""-47.17796552"", ""-80.42103104""], [""-42.04999063"", ""-78.39419978""]]",-79.84659568,1.4.00,ISRO,Copernicus GLO-30,23,2026193192552,5009,SSAR,"[[""-39.89552958"", ""-77.61746101""], [""-26.19757074"", ""-79.40169645""], [""-36.29504289"", ""-82.086243""], [""-51.29375611"", ""-79.81029195""], [""-39.89552958"", ""-77.61746101""]]",SAT_SEN_MODE,J,Y,2026-07-19 12:29:07,2026193192620_66_128,66,12-JUL-2026
NISAR_S2_PR_GUNW_024_023_D_129_025_3700_SH_20260627T195219_20260627T195252_20260709T195219_20260709T195252_P00500_M_F_I_001,NISAR_S2_PR_GUNW_024_023_D_129_025_3700_SH_20260627T195219_20260627T195252_20260709T195219_20260709T195252_P00500_M_F_I_001,NISAR_SSAR_GUNW,23,D,129,023_D_129,HH,129,2026190195116,NISAR,Descending,True,5.478178303,10-JUL-2026,2026-07-09T19:52:19Z,5.994144885,2026-07-18T21:30:32,NISAR_S2_PR_GUNW_024_023_D_129_025_3700_SH_20260627T195219_20260627T195252_20260709T195219_20260709T195252_P00500_M_F_I_001,ObsId_Track_Frame,STUCGUFED,NISAR_SSAR_W,4969,-55.71173427,W,34.23937225,247,F,Left,"[[""-52.88996566"", ""-80.25733941""], [""-52.89184177"", ""-80.25722263""], [""-59.12862304"", ""-81.94679254""], [""-59.12643792"", ""-81.94694156""], [""-52.88996566"", ""-80.25733941""]]",-81.1146147,1.4.00,ISRO,Copernicus GLO-30,24,2026190195112,4966,SSAR,"[[""-48.51485655"", ""-79.40526245""], [""-33.65270072"", ""-81.56034486""], [""-49.49227122"", ""-83.84375747""], [""-63.30152576"", ""-81.10879601""], [""-48.51485655"", ""-79.40526245""]]",SAT_SEN_MODE,J,Y,2026-07-18 21:42:04,2026190195116_23_129,23,09-JUL-2026
NISAR_S2_PR_GUNW_024_009_D_128_025_3700_SH_20260626T203322_20260626T203400_20260708T203321_20260708T203359_P00500_M_F_I_001,NISAR_S2_PR_GUNW_024_009_D_128_025_3700_SH_20260626T203322_20260626T203400_20260708T203321_20260708T203359_P00500_M_F_I_001,NISAR_SSAR_GUNW,9,D,128,009_D_128,HH,128,2026189203228,NISAR,Descending,True,5.56560439,09-JUL-2026,2026-07-08T20:33:21Z,5.996317311,2026-07-15T18:18:48,NISAR_S2_PR_GUNW_024_009_D_128_025_3700_SH_20260626T203322_20260626T203400_20260708T203321_20260708T203359_P00500_M_F_I_001,ObsId_Track_Frame,STUCGUFED,NISAR_SSAR_W,4955,-55.1430347,W,41.41107559,247,F,Left,"[[""-58.67767664"", ""-78.39496361""], [""-47.47345203"", ""-79.07442117""], [""-50.3887065"", ""-81.23108079""], [""-63.82725639"", ""-80.41994571""], [""-58.67767664"", ""-78.39496361""]]",-79.84108194,1.4.00,ISRO,Copernicus GLO-30,24,2026189203224,4952,SSAR,"[[""-53.24448907"", ""-77.43539918""], [""-41.13959532"", ""-80.00231431""], [""-58.19692789"", ""-82.25304921""], [""-67.97222841"", ""-79.13000741""], [""-53.24448907"", ""-77.43539918""]]",SAT_SEN_MODE,J,Y,2026-07-15 18:32:20,2026189203228_9_128,9,08-JUL-2026
NISAR_S2_PR_GUNW_024_009_D_127_025_3700_SH_20260626T203246_20260626T203325_20260708T203245_20260708T203325_P00500_M_F_I_001,NISAR_S2_PR_GUNW_024_009_D_127_025_3700_SH_20260626T203246_20260626T203325_20260708T203245_20260708T203325_P00500_M_F_I_001,NISAR_SSAR_GUNW,9,D,127,009_D_127,HH,127,2026189203228,NISAR,Descending,True,5.480914775,09-JUL-2026,2026-07-08T20:32:45Z,5.995857972,2026-07-15T18:46:57,NISAR_S2_PR_GUNW_024_009_D_127_025_3700_SH_20260626T203246_20260626T203325_20260708T203245_20260708T203325_P00500_M_F_I_001,ObsId_Track_Frame,STUCGUFED,NISAR_SSAR_W,4955,-51.88684504,W,41.41910172,247,F,Left,"[[""-55.12992766"", ""-76.39258247""], [""-45.54162321"", ""-76.98587948""], [""-47.69538219"", ""-79.25577078""], [""-59.0685253"", ""-78.56583383""], [""-55.12992766"", ""-76.39258247""]]",-77.8529399,1.4.00,ISRO,Copernicus GLO-30,24,2026189203224,4952,SSAR,"[[""-50.76697049"", ""-75.38736122""], [""-40.01396218"", ""-77.9127952""], [""-53.59240783"", ""-80.33097905""], [""-63.18190077"", ""-77.30094962""], [""-50.76697049"", ""-75.38736122""]]",SAT_SEN_MODE,J,Y,2026-07-15 19:03:03,2026189203228_9_127,9,08-JUL-2026
NISAR_S2_PR_GUNW_026_010_D_122_028_3700_SH_20260720T220939_20260720T221018_20260813T220937_20260813T221017_P00500_M_F_I_001,NISAR_S2_PR_GUNW_026_010_D_122_028_3700_SH_20260720T220939_20260720T221018_20260813T220937_20260813T221017_P00500_M_F_I_001,NISAR_SSAR_GUNW,10,D,122,010_D_122,HH,122,2026225220936,NISAR,Descending,True,5.785892046,14-AUG-2026,2026-08-13T22:09:37Z,5.997104516,2026-08-16T07:14:58,NISAR_S2_PR_GUNW_026_010_D_122_028_3700_SH_20260720T220939_20260720T221018_20260813T220937_20260813T221017_P00500_M_F_I_001,ObsId_Track_Frame,STUCGUFED,NISAR_SSAR_W,5474,-68.60592502,W,41.38684845,247,F,Left,"[[""-70.82142138"", ""-66.13662183""], [""-65.23839335"", ""-66.55133874""], [""-66.09788462"", ""-68.83441236""], [""-72.24177206"", ""-68.39778456""], [""-70.82142138"", ""-66.13662183""]]",-67.50123136,1.4.00,ISRO,Copernicus GLO-30,26,2026225220904,5472,SSAR,"[[""-66.24165007"", ""-65.2598369""], [""-62.4652415"", ""-68.3617723""], [""-71.46534524"", ""-69.73419923""], [""-74.19431236"", ""-66.43344702""], [""-66.24165007"", ""-65.2598369""]]",SAT_SEN_MODE,J,Y,2026-08-16 07:29:11,2026225220936_10_122,10,13-AUG-2026
NISAR_S2_PR_GUNW_026_010_D_121_028_3700_SH_20260720T220933_20260720T220942_20260813T220932_20260813T220941_P00500_M_P_I_001,NISAR_S2_PR_GUNW_026_010_D_121_028_3700_SH_20260720T220933_20260720T220942_20260813T220932_20260813T220941_P00500_M_P_I_001,NISAR_SSAR_GUNW,10,D,121,010_D_121,HH,121,2026225220936,NISAR,Descending,True,5.491185236,14-AUG-2026,2026-08-13T22:09:32Z,6.003224304,2026-08-16T04:31:48,NISAR_S2_PR_GUNW_026_010_D_121_028_3700_SH_20260720T220933_20260720T220942_20260813T220932_20260813T220941_P00500_M_P_I_001,ObsId_Track_Frame,STUCGUFED,NISAR_SSAR_W,5474,-68.0454107,W,41.328228,247,P,Left,"[[""-70.67434682"", ""-65.81338162""], [""-65.13443596"", ""-66.22846065""], [""-65.29279188"", ""-66.73593868""], [""-70.96565883"", ""-66.31556932""], [""-70.67434682"", ""-65.81338162""]]",-66.30102192,1.4.00,ISRO,Copernicus GLO-30,26,2026225220904,5472,SSAR,"[[""-65.54914239"", ""-63.16889697""], [""-62.01095616"", ""-66.24353602""], [""-70.14741736"", ""-67.66039236""], [""-72.83398095"", ""-64.39525712""], [""-65.54914239"", ""-63.16889697""]]",SAT_SEN_MODE,J,Y,2026-08-16 04:43:03,2026225220936_10_121,10,13-AUG-2026
NISAR_S2_PR_GUNW_025_169_D_124_027_3700_SH_20260719T225245_20260719T225306_20260812T225244_20260812T225305_P00500_M_P_I_001,NISAR_S2_PR_GUNW_025_169_D_124_027_3700_SH_20260719T225245_20260719T225306_20260812T225244_20260812T225305_P00500_M_P_I_001,NISAR_SSAR_GUNW,169,D,124,169_D_124,HH,124,2026224225248,NISAR,Descending,True,5.484455404,13-AUG-2026,2026-08-12T22:52:44Z,5.992865966,2026-08-16T06:27:32,NISAR_S2_PR_GUNW_025_169_D_124_027_3700_SH_20260719T225245_20260719T225306_20260812T225244_20260812T225305_P00500_M_P_I_001,ObsId_Track_Frame,STUCGUFED,NISAR_SSAR_W,5460,-81.71345287,W,41.42706299,247,P,Left,"[[""-84.81097651"", ""-71.30046941""], [""-77.66854514"", ""-71.77829753""], [""-78.30158533"", ""-73.01917863""], [""-85.92587067"", ""-72.51937828""], [""-84.81097651"", ""-71.30046941""]]",-72.18701727,1.4.00,ISRO,Copernicus GLO-30,25,2026224225244,5458,SSAR,"[[""-77.37416312"", ""-69.8299523""], [""-74.99463998"", ""-72.92299564""], [""-86.25722439"", ""-73.46265093""], [""-86.87094524"", ""-70.27956121""], [""-77.37416312"", ""-69.8299523""]]",SAT_SEN_MODE,J,Y,2026-08-16 06:39:07,2026224225248_169_124,169,12-AUG-2026
NISAR_S2_PR_GUNW_025_154_D_123_027_3700_SH_20260718T215336_20260718T215415_20260811T215335_20260811T215414_P00500_M_P_I_001,NISAR_S2_PR_GUNW_025_154_D_123_027_3700_SH_20260718T215336_20260718T215415_20260811T215335_20260811T215414_P00500_M_P_I_001,NISAR_SSAR_GUNW,154,D,123,154_D_123,HH,123,2026223215152,NISAR,Descending,True,5.488581665,12-AUG-2026,2026-08-11T21:53:35Z,5.981870679,2026-08-13T21:00:29,NISAR_S2_PR_GUNW_025_154_D_123_027_3700_SH_20260718T215336_20260718T215415_20260811T215335_20260811T215414_P00500_M_P_I_001,ObsId_Track_Frame,STUCGUFED,NISAR_SSAR_W,5445,-65.54746582,W,41.49368286,247,P,Left,"[[""-67.94007593"", ""-68.21904991""], [""-61.82668019"", ""-68.65396325""], [""-62.77670826"", ""-70.96512115""], [""-69.59958692"", ""-70.50073844""], [""-67.94007593"", ""-68.21904991""]]",-69.61129218,1.4.00,ISRO,Copernicus GLO-30,25,2026223215140,5443,SSAR,"[[""-63.27263827"", ""-67.27580648""], [""-58.5604576"", ""-70.34292994""], [""-68.39216968"", ""-71.93433109""], [""-71.9315437"", ""-68.61950078""], [""-63.27263827"", ""-67.27580648""]]",SAT_SEN_MODE,J,Y,2026-08-13 21:22:09,2026223215152_154_123,154,11-AUG-2026
NISAR_S2_PR_GUNW_025_154_D_122_027_3700_SH_20260718T215300_20260718T215339_20260811T215259_20260811T215338_P00500_M_F_I_001,NISAR_S2_PR_GUNW_025_154_D_122_027_3700_SH_20260718T215300_20260718T215339_20260811T215259_20260811T215338_P00500_M_F_I_001,NISAR_SSAR_GUNW,154,D,122,154_D_122,HH,122,2026223215152,NISAR,Descending,True,5.489293038,12-AUG-2026,2026-08-11T21:52:59Z,5.99459864,2026-08-13T21:31:02,NISAR_S2_PR_GUNW_025_154_D_122_027_3700_SH_20260718T215300_20260718T215339_20260811T215259_20260811T215338_P00500_M_F_I_001,ObsId_Track_Frame,STUCGUFED,NISAR_SSAR_W,5445,-67.32642423,W,34.21895218,247,F,Left,"[[""-66.6502049"", ""-66.13887653""], [""-66.65126379"", ""-66.13881763""], [""-68.07534536"", ""-68.39962322""], [""-68.07410784"", ""-68.39969539""], [""-66.6502049"", ""-66.13887653""]]",-67.26880576,1.4.00,ISRO,Copernicus GLO-30,25,2026223215140,5443,SSAR,"[[""-62.46518223"", ""-65.16622977""], [""-58.10043953"", ""-68.19810525""], [""-66.85526349"", ""-69.83627512""], [""-70.30100697"", ""-66.57074879""], [""-62.46518223"", ""-65.16622977""]]",SAT_SEN_MODE,J,Y,2026-08-13 21:45:05,2026223215152_154_122,154,11-AUG-2026
NISAR_S2_PR_GUNW_025_133_A_143_027_3700_SH_20260717T110745_20260717T110803_20260810T110744_20260810T110802_P00500_M_P_I_001,NISAR_S2_PR_GUNW_025_133_A_143_027_3700_SH_20260717T110745_20260717T110803_20260810T110744_20260810T110802_P00500_M_P_I_001,NISAR_SSAR_GUNW,133,A,143,133_A_143,HH,143,2026222110748,NISAR,Ascending,True,5.488906026,10-AUG-2026,2026-08-10T11:07:44Z,6.001788856,2026-08-12T00:02:54,NISAR_S2_PR_GUNW_025_133_A_143_027_3700_SH_20260717T110745_20260717T110803_20260810T110744_20260810T110802_P00500_M_P_I_001,ObsId_Track_Frame,STUCGUFED,NISAR_SSAR_W,5423,-69.31728312,W,41.31919479,247,P,Left,"[[""-72.75166795"", ""-68.88331754""], [""-66.53290674"", ""-68.44309252""], [""-65.79948135"", ""-69.46876817""], [""-72.3219037"", ""-69.92180261""], [""-72.75166795"", ""-68.88331754""]]",-69.21230321,1.4.00,ISRO,Copernicus GLO-30,25,2026222110744,5422,SSAR,"[[""-66.77711196"", ""-67.70426476""], [""-63.33219159"", ""-70.35793172""], [""-71.91932073"", ""-71.51547251""], [""-74.41548329"", ""-68.70561967""], [""-66.77711196"", ""-67.70426476""]]",SAT_SEN_MODE,J,Y,2026-08-12 00:11:17,2026222110748_133_143,133,10-AUG-2026
NISAR_S2_PR_GUNW_025_082_D_124_026_3700_SH_20260713T220232_20260713T220310_20260725T220231_20260725T220310_P00500_M_F_I_001,NISAR_S2_PR_GUNW_025_082_D_124_026_3700_SH_20260713T220232_20260713T220310_20260725T220231_20260725T220310_P00500_M_F_I_001,NISAR_SSAR_GUNW,82,D,124,082_D_124,HH,124,2026206220104,NISAR,Descending,True,5.485584547,26-JUL-2026,2026-07-25T22:02:31Z,6.000911481,2026-07-30T20:48:38,NISAR_S2_PR_GUNW_025_082_D_124_026_3700_SH_20260713T220232_20260713T220310_20260725T220231_20260725T220310_P00500_M_F_I_001,ObsId_Track_Frame,STUCGUFED,NISAR_SSAR_W,5200,-68.91523744,W,41.38634491,247,F,Left,"[[""-71.49965568"", ""-70.32171642""], [""-64.78345622"", ""-70.77978052""], [""-65.91172616"", ""-73.0149557""], [""-73.43304728"", ""-72.52015544""], [""-71.49965568"", ""-70.32171642""]]",-71.68729054,1.4.00,ISRO,Copernicus GLO-30,25,2026206220004,5198,SSAR,"[[""-66.05236219"", ""-69.4480166""], [""-61.39986545"", ""-72.52281694""], [""-72.53557093"", ""-73.89555844""], [""-75.62534405"", ""-70.58828446""], [""-66.05236219"", ""-69.4480166""]]",SAT_SEN_MODE,J,Y,2026-07-30 21:04:40,2026206220104_82_124,82,25-JUL-2026
NISAR_S2_PR_GUNW_025_082_D_123_026_3700_SH_20260713T220155_20260713T220235_20260725T220155_20260725T220234_P00500_M_F_I_001,NISAR_S2_PR_GUNW_025_082_D_123_026_3700_SH_20260713T220155_20260713T220235_20260725T220155_20260725T220234_P00500_M_F_I_001,NISAR_SSAR_GUNW,82,D,123,082_D_123,HH,123,2026206220104,NISAR,Descending,True,5.488597632,26-JUL-2026,2026-07-25T22:01:55Z,5.996490526,2026-07-30T20:03:17,NISAR_S2_PR_GUNW_025_082_D_123_026_3700_SH_20260713T220155_20260713T220235_20260725T220155_20260725T220234_P00500_M_F_I_001,ObsId_Track_Frame,STUCGUFED,NISAR_SSAR_W,5200,-67.64348961,W,41.43122864,247,F,Left,"[[""-70.00689361"", ""-68.21898738""], [""-63.94282015"", ""-68.65080789""], [""-64.90119418"", ""-70.96170459""], [""-71.67818579"", ""-70.49961325""], [""-70.00689361"", ""-68.21898738""]]",-69.6093064,1.4.00,ISRO,Copernicus GLO-30,25,2026206220004,5198,SSAR,"[[""-65.14288797"", ""-67.32027998""], [""-60.75318527"", ""-70.42335032""], [""-70.72368672"", ""-71.87987749""], [""-73.86229677"", ""-68.54837072""], [""-65.14288797"", ""-67.32027998""]]",SAT_SEN_MODE,J,Y,2026-07-30 20:16:39,2026206220104_82_123,82,25-JUL-2026
NISAR_S2_PR_GUNW_025_082_D_122_026_3700_SH_20260713T220120_20260713T220159_20260725T220119_20260725T220158_P00500_M_F_I_001,NISAR_S2_PR_GUNW_025_082_D_122_026_3700_SH_20260713T220120_20260713T220159_20260725T220119_20260725T220158_P00500_M_F_I_001,NISAR_SSAR_GUNW,82,D,122,082_D_122,HH,122,2026206220104,NISAR,Descending,True,5.474000751,26-JUL-2026,2026-07-25T22:01:19Z,5.982908871,2026-07-30T20:13:26,NISAR_S2_PR_GUNW_025_082_D_122_026_3700_SH_20260713T220120_20260713T220159_20260725T220119_20260725T220158_P00500_M_F_I_001,ObsId_Track_Frame,STUCGUFED,NISAR_SSAR_W,5200,-66.50807643,W,41.44285202,247,F,Left,"[[""-68.74347997"", ""-66.13622482""], [""-63.11919274"", ""-66.55334829""], [""-63.97428882"", ""-68.83652012""], [""-70.16414707"", ""-68.39737746""], [""-68.74347997"", ""-66.13622482""]]",-67.50268889,1.4.00,ISRO,Copernicus GLO-30,25,2026206220004,5198,SSAR,"[[""-64.35246648"", ""-65.20907487""], [""-60.28083494"", ""-68.27825268""], [""-69.16539955"", ""-69.78395353""], [""-72.25047115"", ""-66.49819967""], [""-64.35246648"", ""-65.20907487""]]",SAT_SEN_MODE,J,Y,2026-07-30 20:26:26,2026206220104_82_122,82,25-JUL-2026
NISAR_S2_PR_GUNW_025_082_D_120_026_3700_SH_20260713T220009_20260713T220047_20260725T220008_20260725T220047_P00500_M_F_I_001,NISAR_S2_PR_GUNW_025_082_D_120_026_3700_SH_20260713T220009_20260713T220047_20260725T220008_20260725T220047_P00500_M_F_I_001,NISAR_SSAR_GUNW,82,D,120,082_D_120,HH,120,2026206220008,NISAR,Descending,True,5.494102777,26-JUL-2026,2026-07-25T22:00:08Z,5.994765477,2026-07-26T22:47:05,NISAR_S2_PR_GUNW_025_082_D_120_026_3700_SH_20260713T220009_20260713T220047_20260725T220008_20260725T220047_P00500_M_F_I_001,ObsId_Track_Frame,STUCGUFED,NISAR_SSAR_W,5200,-64.70147853,W,41.39929962,76,F,Left,"[[""-66.67133638"", ""-62.01516695""], [""-61.82327942"", ""-62.40845764""], [""-62.51330535"", ""-64.65732909""], [""-67.76647962"", ""-64.25079846""], [""-66.67133638"", ""-62.01516695""]]",-63.35019129,1.4.00,ISRO,Copernicus GLO-30,25,2026206220004,5198,SSAR,"[[""-62.99833046"", ""-61.05105205""], [""-59.40668516"", ""-64.06767607""], [""-66.74288471"", ""-65.65464149""], [""-69.6749849"", ""-62.43977109""], [""-62.99833046"", ""-61.05105205""]]",SAT_SEN_MODE,S,Y,2026-07-26 23:02:25,2026206220008_82_120,82,25-JUL-2026
NISAR_S2_PR_GUNW_025_039_D_124_026_3700_SH_20260710T222730_20260710T222809_20260722T222730_20260722T222808_P00500_M_F_I_001,NISAR_S2_PR_GUNW_025_039_D_124_026_3700_SH_20260710T222730_20260710T222809_20260722T222730_20260722T222808_P00500_M_F_I_001,NISAR_SSAR_GUNW,39,D,124,039_D_124,HH,124,2026203222708,NISAR,Descending,True,5.485734797,23-JUL-2026,2026-07-22T22:27:30Z,5.991923036,2026-07-24T00:20:46,NISAR_S2_PR_GUNW_025_039_D_124_026_3700_SH_20260710T222730_20260710T222809_20260722T222730_20260722T222808_P00500_M_F_I_001,ObsId_Track_Frame,STUCGUFED,NISAR_SSAR_W,5157,-75.14251232,W,41.42008209,247,F,Left,"[[""-77.75206786"", ""-70.31978994""], [""-71.00612164"", ""-70.77975441""], [""-72.11115661"", ""-73.01591617""], [""-79.67576174"", ""-72.51907678""], [""-77.75206786"", ""-70.31978994""]]",-71.68710921,1.4.00,ISRO,Copernicus GLO-30,25,2026203222648,5155,SSAR,"[[""-71.67003111"", ""-69.62239108""], [""-68.13776269"", ""-72.74020064""], [""-79.48408982"", ""-73.69498943""], [""-81.28595993"", ""-70.41508672""], [""-71.67003111"", ""-69.62239108""]]",SAT_SEN_MODE,J,Y,2026-07-24 00:32:50,2026203222708_39_124,39,22-JUL-2026
NISAR_S2_PR_GUNW_025_010_D_124_026_3700_SH_20260708T221052_20260708T221130_20260720T221051_20260720T221129_P00500_M_F_I_001,NISAR_S2_PR_GUNW_025_010_D_124_026_3700_SH_20260708T221052_20260708T221130_20260720T221051_20260720T221129_P00500_M_F_I_001,NISAR_SSAR_GUNW,10,D,124,010_D_124,HH,124,2026201220936,NISAR,Descending,True,5.468928822,21-JUL-2026,2026-07-20T22:10:51Z,5.992114383,2026-07-31T00:46:40,NISAR_S2_PR_GUNW_025_010_D_124_026_3700_SH_20260708T221052_20260708T221130_20260720T221051_20260720T221129_P00500_M_F_I_001,ObsId_Track_Frame,STUCGUFED,NISAR_SSAR_W,5128,-70.98145829,W,41.41235733,247,F,Left,"[[""-73.59471941"", ""-70.31947274""], [""-66.83343978"", ""-70.78034917""], [""-67.95014456"", ""-73.0159451""], [""-75.51899529"", ""-72.51870697""], [""-73.59471941"", ""-70.31947274""]]",-71.68676971,1.4.00,ISRO,Copernicus GLO-30,25,2026201220904,5126,SSAR,"[[""-67.91602895"", ""-69.50245647""], [""-63.62867853"", ""-72.60023542""], [""-74.8656417"", ""-73.83435724""], [""-77.51938225"", ""-70.52686149""], [""-67.91602895"", ""-69.50245647""]]",SAT_SEN_MODE,J,Y,2026-07-31 00:58:28,2026201220936_10_124,10,20-JUL-2026
NISAR_S2_PR_GUNW_025_010_D_123_026_3700_SH_20260708T221015_20260708T221055_20260720T221015_20260720T221054_P00500_M_F_I_001,NISAR_S2_PR_GUNW_025_010_D_123_026_3700_SH_20260708T221015_20260708T221055_20260720T221015_20260720T221054_P00500_M_F_I_001,NISAR_SSAR_GUNW,10,D,123,010_D_123,HH,123,2026201220936,NISAR,Descending,True,5.57349813,21-JUL-2026,2026-07-20T22:10:15Z,5.993667874,2026-07-30T19:03:39,NISAR_S2_PR_GUNW_025_010_D_123_026_3700_SH_20260708T221015_20260708T221055_20260720T221015_20260720T221054_P00500_M_F_I_001,ObsId_Track_Frame,STUCGUFED,NISAR_SSAR_W,5128,-69.72258375,W,41.36330414,247,F,Left,"[[""-72.09635457"", ""-68.21771563""], [""-66.00705807"", ""-68.65120022""], [""-66.99661562"", ""-70.96053936""], [""-73.76911848"", ""-70.49821885""], [""-72.09635457"", ""-68.21771563""]]",-69.6061408,1.4.00,ISRO,Copernicus GLO-30,25,2026201220904,5126,SSAR,"[[""-67.02329954"", ""-67.36959495""], [""-62.96037114"", ""-70.50424916""], [""-73.03284423"", ""-71.82274981""], [""-75.77760831"", ""-68.48002872""], [""-67.02329954"", ""-67.36959495""]]",SAT_SEN_MODE,J,Y,2026-07-30 19:35:24,2026201220936_10_123,10,20-JUL-2026
NISAR_S2_PR_GUNW_025_010_D_122_026_3700_SH_20260708T220939_20260708T221018_20260720T220939_20260720T221018_P00500_M_F_I_001,NISAR_S2_PR_GUNW_025_010_D_122_026_3700_SH_20260708T220939_20260708T221018_20260720T220939_20260720T221018_P00500_M_F_I_001,NISAR_SSAR_GUNW,10,D,122,010_D_122,HH,122,2026201220936,NISAR,Descending,True,5.559506765,21-JUL-2026,2026-07-20T22:09:39Z,5.996919102,2026-07-30T18:24:24,NISAR_S2_PR_GUNW_025_010_D_122_026_3700_SH_20260708T220939_20260708T221018_20260720T220939_20260720T221018_P00500_M_F_I_001,ObsId_Track_Frame,STUCGUFED,NISAR_SSAR_W,5128,-68.60512599,W,41.38838577,247,F,Left,"[[""-70.82314947"", ""-66.13689109""], [""-65.2350721"", ""-66.55194079""], [""-66.09404676"", ""-68.83502925""], [""-72.24367163"", ""-68.39804435""], [""-70.82314947"", ""-66.13689109""]]",-67.50172665,1.4.00,ISRO,Copernicus GLO-30,25,2026201220904,5126,SSAR,"[[""-66.24165007"", ""-65.2598369""], [""-62.4652415"", ""-68.3617723""], [""-71.46534524"", ""-69.73419923""], [""-74.19431236"", ""-66.43344702""], [""-66.24165007"", ""-65.2598369""]]",SAT_SEN_MODE,J,Y,2026-07-30 18:36:41,2026201220936_10_122,10,20-JUL-2026
NISAR_S2_PR_GUNW_023_154_D_122_025_3700_SH_20260624T215301_20260624T215340_20260718T215300_20260718T215339_P00500_M_F_I_001,NISAR_S2_PR_GUNW_023_154_D_122_025_3700_SH_20260624T215301_20260624T215340_20260718T215300_20260718T215339_P00500_M_F_I_001,NISAR_SSAR_GUNW,154,D,122,154_D_122,HH,122,2026199215152,NISAR,Descending,True,5.489027508,19-JUL-2026,2026-07-18T21:53:00Z,5.9950996,2026-07-21T04:00:59,NISAR_S2_PR_GUNW_023_154_D_122_025_3700_SH_20260624T215301_20260624T215340_20260718T215300_20260718T215339_P00500_M_F_I_001,ObsId_Track_Frame,STUCGUFED,NISAR_SSAR_W,5099,-64.4274218,W,41.38537216,247,F,Left,"[[""-66.62970622"", ""-66.1413867""], [""-61.06861509"", ""-66.55373209""], [""-61.93041401"", ""-68.83665426""], [""-68.04919238"", ""-68.40254981""], [""-66.62970622"", ""-66.1413867""]]",-67.50494307,1.4.00,ISRO,Copernicus GLO-30,23,2026199215140,5097,SSAR,"[[""-62.46518223"", ""-65.16622977""], [""-58.10043953"", ""-68.19810525""], [""-66.85526349"", ""-69.83627512""], [""-70.30100697"", ""-66.57074879""], [""-62.46518223"", ""-65.16622977""]]",SAT_SEN_MODE,J,Y,2026-07-21 04:14:03,2026199215152_154_122,154,18-JUL-2026
NISAR_S2_PR_GUNW_023_082_D_124_025_3700_SH_20260619T220233_20260619T220311_20260713T220232_20260713T220310_P00500_M_F_I_001,NISAR_S2_PR_GUNW_023_082_D_124_025_3700_SH_20260619T220233_20260619T220311_20260713T220232_20260713T220310_P00500_M_F_I_001,NISAR_SSAR_GUNW,82,D,124,082_D_124,HH,124,2026194220104,NISAR,Descending,True,5.485778367,14-JUL-2026,2026-07-13T22:02:32Z,5.997860266,2026-07-19T22:09:02,NISAR_S2_PR_GUNW_023_082_D_124_025_3700_SH_20260619T220233_20260619T220311_20260713T220232_20260713T220310_P00500_M_F_I_001,ObsId_Track_Frame,STUCGUFED,NISAR_SSAR_W,5027,-68.90215538,W,41.47829819,247,F,Left,"[[""-71.48045453"", ""-70.32266589""], [""-64.77753948"", ""-70.77936219""], [""-65.90512899"", ""-73.01454205""], [""-73.41267816"", ""-72.52115817""], [""-71.48045453"", ""-70.32266589""]]",-71.68751227,1.4.00,ISRO,Copernicus GLO-30,23,2026194220004,5025,SSAR,"[[""-66.05236219"", ""-69.4480166""], [""-61.39986545"", ""-72.52281694""], [""-72.53557093"", ""-73.89555844""], [""-75.62534405"", ""-70.58828446""], [""-66.05236219"", ""-69.4480166""]]",SAT_SEN_MODE,J,Y,2026-07-19 22:22:16,2026194220104_82_124,82,13-JUL-2026
NISAR_S2_PR_GUNW_023_082_D_123_025_3700_SH_20260619T220157_20260619T220236_20260713T220155_20260713T220235_P00500_M_F_I_001,NISAR_S2_PR_GUNW_023_082_D_123_025_3700_SH_20260619T220157_20260619T220236_20260713T220155_20260713T220235_P00500_M_F_I_001,NISAR_SSAR_GUNW,82,D,123,082_D_123,HH,123,2026194220104,NISAR,Descending,True,5.487595656,14-JUL-2026,2026-07-13T22:01:55Z,5.971832702,2026-07-19T21:33:27,NISAR_S2_PR_GUNW_023_082_D_123_025_3700_SH_20260619T220157_20260619T220236_20260713T220155_20260713T220235_P00500_M_F_I_001,ObsId_Track_Frame,STUCGUFED,NISAR_SSAR_W,5027,-67.53190499,W,41.66505051,247,F,Left,"[[""-69.8137267"", ""-68.23660766""], [""-63.92900147"", ""-68.6517166""], [""-64.88514047"", ""-70.96266318""], [""-71.46394354"", ""-70.51861221""], [""-69.8137267"", ""-68.23660766""]]",-69.61729755,1.4.00,ISRO,Copernicus GLO-30,23,2026194220004,5025,SSAR,"[[""-65.14288797"", ""-67.32027998""], [""-60.75318527"", ""-70.42335032""], [""-70.72368672"", ""-71.87987749""], [""-73.86229677"", ""-68.54837072""], [""-65.14288797"", ""-67.32027998""]]",SAT_SEN_MODE,J,Y,2026-07-19 21:52:09,2026194220104_82_123,82,13-JUL-2026
NISAR_S2_PR_GUNW_023_082_D_122_025_3700_SH_20260619T220121_20260619T220200_20260713T220120_20260713T220159_P00500_M_F_I_001,NISAR_S2_PR_GUNW_023_082_D_122_025_3700_SH_20260619T220121_20260619T220200_20260713T220120_20260713T220159_P00500_M_F_I_001,NISAR_SSAR_GUNW,82,D,122,082_D_122,HH,122,2026194220104,NISAR,Descending,True,5.473768831,14-JUL-2026,2026-07-13T22:01:20Z,5.988529471,2026-07-19T22:28:01,NISAR_S2_PR_GUNW_023_082_D_122_025_3700_SH_20260619T220121_20260619T220200_20260713T220120_20260713T220159_P00500_M_F_I_001,ObsId_Track_Frame,STUCGUFED,NISAR_SSAR_W,5027,-66.51769339,W,41.44799805,247,F,Left,"[[""-68.72488362"", ""-66.13875082""], [""-63.15715841"", ""-66.55203823""], [""-64.01661903"", ""-68.83511343""], [""-70.14381428"", ""-68.40000537""], [""-68.72488362"", ""-66.13875082""]]",-67.50274837,1.4.00,ISRO,Copernicus GLO-30,23,2026194220004,5025,SSAR,"[[""-64.35246648"", ""-65.20907487""], [""-60.28083494"", ""-68.27825268""], [""-69.16539955"", ""-69.78395353""], [""-72.25047115"", ""-66.49819967""], [""-64.35246648"", ""-65.20907487""]]",SAT_SEN_MODE,J,Y,2026-07-19 22:42:26,2026194220104_82_122,82,13-JUL-2026
NISAR_S2_PR_GUNW_024_082_D_120_025_3700_SH_20260701T220009_20260701T220048_20260713T220009_20260713T220043_P00500_M_F_I_001,NISAR_S2_PR_GUNW_024_082_D_120_025_3700_SH_20260701T220009_20260701T220048_20260713T220009_20260713T220043_P00500_M_F_I_001,NISAR_SSAR_GUNW,82,D,120,082_D_120,HH,120,2026194220008,NISAR,Descending,True,5.493846579,14-JUL-2026,2026-07-13T22:00:09Z,5.978828333,2026-07-19T20:36:28,NISAR_S2_PR_GUNW_024_082_D_120_025_3700_SH_20260701T220009_20260701T220048_20260713T220009_20260713T220043_P00500_M_F_I_001,ObsId_Track_Frame,STUCGUFED,NISAR_SSAR_W,5027,-64.62650568,W,41.62331009,76,F,Left,"[[""-66.44516498"", ""-62.03693192""], [""-61.90861425"", ""-62.40247564""], [""-62.61493934"", ""-64.65074228""], [""-67.52207925"", ""-64.27356371""], [""-66.44516498"", ""-62.03693192""]]",-63.35460053,1.4.00,ISRO,Copernicus GLO-30,24,2026194220004,5025,SSAR,"[[""-62.99833046"", ""-61.05105205""], [""-59.40668516"", ""-64.06767607""], [""-66.74288471"", ""-65.65464149""], [""-69.6749849"", ""-62.43977109""], [""-62.99833046"", ""-61.05105205""]]",SAT_SEN_MODE,S,Y,2026-07-19 20:49:18,2026194220008_82_120,82,13-JUL-2026
NISAR_S2_PR_GUNW_024_039_D_124_025_3700_SH_20260628T222731_20260628T222809_20260710T222730_20260710T222809_P00500_M_F_I_001,NISAR_S2_PR_GUNW_024_039_D_124_025_3700_SH_20260628T222731_20260628T222809_20260710T222730_20260710T222809_P00500_M_F_I_001,NISAR_SSAR_GUNW,39,D,124,039_D_124,HH,124,2026191222708,NISAR,Descending,True,5.571521379,11-JUL-2026,2026-07-10T22:27:30Z,5.964487527,2026-07-19T09:06:31,NISAR_S2_PR_GUNW_024_039_D_124_025_3700_SH_20260628T222731_20260628T222809_20260710T222730_20260710T222809_P00500_M_F_I_001,ObsId_Track_Frame,STUCGUFED,NISAR_SSAR_W,4984,-74.98073853,W,41.76710129,247,F,Left,"[[""-77.43751821"", ""-70.3472339""], [""-71.02402689"", ""-70.77876559""], [""-72.13127566"", ""-73.01487783""], [""-79.32467652"", ""-72.54903295""], [""-77.43751821"", ""-70.3472339""]]",-71.69784777,1.4.00,ISRO,Copernicus GLO-30,24,2026191222648,4982,SSAR,"[[""-71.67003111"", ""-69.62239108""], [""-68.13776269"", ""-72.74020064""], [""-79.48408982"", ""-73.69498943""], [""-81.28595993"", ""-70.41508672""], [""-71.67003111"", ""-69.62239108""]]",SAT_SEN_MODE,J,Y,2026-07-19 09:20:09,2026191222708_39_124,39,10-JUL-2026
NISAR_S2_PR_GUNW_024_010_D_124_025_3700_SH_20260626T221052_20260626T221131_20260708T221052_20260708T221130_P00500_M_F_I_001,NISAR_S2_PR_GUNW_024_010_D_124_025_3700_SH_20260626T221052_20260626T221131_20260708T221052_20260708T221130_P00500_M_F_I_001,NISAR_SSAR_GUNW,10,D,124,010_D_124,HH,124,2026189220936,NISAR,Descending,True,5.571954865,09-JUL-2026,2026-07-08T22:10:52Z,5.96497436,2026-07-18T19:19:33,NISAR_S2_PR_GUNW_024_010_D_124_025_3700_SH_20260626T221052_20260626T221131_20260708T221052_20260708T221130_P00500_M_F_I_001,ObsId_Track_Frame,STUCGUFED,NISAR_SSAR_W,4955,-70.8340692,W,41.73106766,247,F,Left,"[[""-73.30281591"", ""-70.34565852""], [""-66.85557837"", ""-70.77984624""], [""-67.9747655"", ""-73.01539894""], [""-75.19332497"", ""-72.54722773""], [""-73.30281591"", ""-70.34565852""]]",-71.69725069,1.4.00,ISRO,Copernicus GLO-30,24,2026189220904,4953,SSAR,"[[""-67.91602895"", ""-69.50245647""], [""-63.62867853"", ""-72.60023542""], [""-74.8656417"", ""-73.83435724""], [""-77.51938225"", ""-70.52686149""], [""-67.91602895"", ""-69.50245647""]]",SAT_SEN_MODE,J,Y,2026-07-18 19:30:04,2026189220936_10_124,10,08-JUL-2026
NISAR_S2_PR_GUNW_024_010_D_123_025_3700_SH_20260626T221016_20260626T221055_20260708T221015_20260708T221055_P00500_M_F_I_001,NISAR_S2_PR_GUNW_024_010_D_123_025_3700_SH_20260626T221016_20260626T221055_20260708T221015_20260708T221055_P00500_M_F_I_001,NISAR_SSAR_GUNW,10,D,123,010_D_123,HH,123,2026189220936,NISAR,Descending,True,5.486769909,09-JUL-2026,2026-07-08T22:10:15Z,5.969997205,2026-07-18T17:40:19,NISAR_S2_PR_GUNW_024_010_D_123_025_3700_SH_20260626T221016_20260626T221055_20260708T221015_20260708T221055_P00500_M_F_I_001,ObsId_Track_Frame,STUCGUFED,NISAR_SSAR_W,4955,-69.57333102,W,41.69601059,247,F,Left,"[[""-71.82985474"", ""-68.24277749""], [""-65.99660243"", ""-68.65276004""], [""-66.98481573"", ""-70.9621371""], [""-73.47379891"", ""-70.5251746""], [""-71.82985474"", ""-68.24277749""]]",-69.61758808,1.4.00,ISRO,Copernicus GLO-30,24,2026189220904,4953,SSAR,"[[""-67.02329954"", ""-67.36959495""], [""-62.96037114"", ""-70.50424916""], [""-73.03284423"", ""-71.82274981""], [""-75.77760831"", ""-68.48002872""], [""-67.02329954"", ""-67.36959495""]]",SAT_SEN_MODE,J,Y,2026-07-18 17:53:11,2026189220936_10_123,10,08-JUL-2026
NISAR_S2_PR_GUNW_024_010_D_122_025_3700_SH_20260626T220940_20260626T221019_20260708T220939_20260708T221018_P00500_M_F_I_001,NISAR_S2_PR_GUNW_024_010_D_122_025_3700_SH_20260626T220940_20260626T221019_20260708T220939_20260708T221018_P00500_M_F_I_001,NISAR_SSAR_GUNW,10,D,122,010_D_122,HH,122,2026189220936,NISAR,Descending,True,5.57469055,09-JUL-2026,2026-07-08T22:09:39Z,5.994929575,2026-07-18T17:03:00,NISAR_S2_PR_GUNW_024_010_D_122_025_3700_SH_20260626T220940_20260626T221019_20260708T220939_20260708T221018_P00500_M_F_I_001,ObsId_Track_Frame,STUCGUFED,NISAR_SSAR_W,4955,-71.47031232,W,34.26683426,247,F,Left,"[[""-70.7968995"", ""-66.13927015""], [""-70.79802482"", ""-66.13920516""], [""-72.21612752"", ""-68.40051558""], [""-72.21489132"", ""-68.40058747""], [""-70.7968995"", ""-66.13927015""]]",-67.26942588,1.4.00,ISRO,Copernicus GLO-30,24,2026189220904,4953,SSAR,"[[""-66.24165007"", ""-65.2598369""], [""-62.4652415"", ""-68.3617723""], [""-71.46534524"", ""-69.73419923""], [""-74.19431236"", ""-66.43344702""], [""-66.24165007"", ""-65.2598369""]]",SAT_SEN_MODE,J,Y,2026-07-18 17:35:04,2026189220936_10_122,10,08-JUL-2026
NISAR_S2_PR_GUNW_024_010_D_121_025_3700_SH_20260626T220910_20260626T220933_20260708T220909_20260708T220932_P00500_M_P_I_001,NISAR_S2_PR_GUNW_024_010_D_121_025_3700_SH_20260626T220910_20260626T220933_20260708T220909_20260708T220932_P00500_M_P_I_001,NISAR_SSAR_GUNW,10,D,121,010_D_121,HH,121,2026189220908,NISAR,Descending,True,5.491807859,09-JUL-2026,2026-07-08T22:09:09Z,5.997284622,2026-07-15T13:53:41,NISAR_S2_PR_GUNW_024_010_D_121_025_3700_SH_20260626T220910_20260626T220933_20260708T220909_20260708T220932_P00500_M_P_I_001,ObsId_Track_Frame,STUCGUFED,NISAR_SSAR_W,4955,-67.57482662,W,41.36500549,76,P,Left,"[[""-69.87487667"", ""-64.38249125""], [""-64.64814503"", ""-64.78541075""], [""-65.09999081"", ""-66.13191479""], [""-70.60232441"", ""-65.7192022""], [""-69.87487667"", ""-64.38249125""]]",-65.27666923,1.4.00,ISRO,Copernicus GLO-30,24,2026189220904,4953,SSAR,"[[""-65.54914239"", ""-63.16889697""], [""-62.01095616"", ""-66.24353602""], [""-70.14741736"", ""-67.66039236""], [""-72.83398095"", ""-64.39525712""], [""-65.54914239"", ""-63.16889697""]]",SAT_SEN_MODE,S,Y,2026-07-15 14:03:14,2026189220908_10_121,10,08-JUL-2026
NISAR_S2_PR_GUNW_026_017_A_146_028_3700_SH_20260721T100253_20260721T100259_20260814T100252_20260814T100258_P00500_M_P_I_001,NISAR_S2_PR_GUNW_026_017_A_146_028_3700_SH_20260721T100253_20260721T100259_20260814T100252_20260814T100258_P00500_M_P_I_001,NISAR_SSAR_GUNW,17,A,146,017_A_146,HH,146,2026226100256,NISAR,Ascending,True,5.494245448,14-AUG-2026,2026-08-14T10:02:52Z,5.993764277,2026-08-16T08:23:15,NISAR_S2_PR_GUNW_026_017_A_146_028_3700_SH_20260721T100253_20260721T100259_20260814T100252_20260814T100258_P00500_M_P_I_001,ObsId_Track_Frame,STUCGUFED,NISAR_SSAR_W,5480,-55.30142656,W,41.31860733,247,P,Left,"[[""-57.92762464"", ""-63.54475303""], [""-52.86121652"", ""-63.14372934""], [""-52.69483954"", ""-63.48042954""], [""-57.81411585"", ""-63.8829564""], [""-57.92762464"", ""-63.54475303""]]",-63.53725262,1.4.00,ISRO,Copernicus GLO-30,26,2026226100252,5479,SSAR,"[[""-54.43094528"", ""-61.06625944""], [""-50.14366212"", ""-63.64402089""], [""-56.47200139"", ""-65.66724389""], [""-60.42216132"", ""-62.86951002""], [""-54.43094528"", ""-61.06625944""]]",SAT_SEN_MODE,J,Y,2026-08-16 08:32:04,2026226100256_17_146,17,14-AUG-2026
NISAR_S2_PR_GUNW_025_154_D_121_027_3700_SH_20260718T215224_20260718T215303_20260811T215223_20260811T215302_P00500_M_F_I_001,NISAR_S2_PR_GUNW_025_154_D_121_027_3700_SH_20260718T215224_20260718T215303_20260811T215223_20260811T215302_P00500_M_F_I_001,NISAR_SSAR_GUNW,154,D,121,154_D_121,HH,121,2026223215152,NISAR,Descending,True,5.579077211,12-AUG-2026,2026-08-11T21:52:23Z,5.979656689,2026-08-13T19:56:00,NISAR_S2_PR_GUNW_025_154_D_121_027_3700_SH_20260718T215224_20260718T215303_20260811T215223_20260811T215302_P00500_M_F_I_001,ObsId_Track_Frame,STUCGUFED,NISAR_SSAR_W,5445,-63.48208829,W,41.45143509,247,F,Left,"[[""-65.55549343"", ""-64.07062419""], [""-60.38518601"", ""-64.47182686""], [""-61.17588194"", ""-66.73453637""], [""-66.7907487"", ""-66.31786647""], [""-65.55549343"", ""-64.07062419""]]",-65.41550525,1.4.00,ISRO,Copernicus GLO-30,25,2026223215140,5443,SSAR,"[[""-61.74334316"", ""-63.07968043""], [""-57.66445713"", ""-66.08163836""], [""-65.57000346"", ""-67.76049441""], [""-68.90981193"", ""-64.53662259""], [""-61.74334316"", ""-63.07968043""]]",SAT_SEN_MODE,J,Y,2026-08-13 20:12:05,2026223215152_154_121,154,11-AUG-2026
NISAR_S2_PR_GUNW_025_154_D_120_027_3700_SH_20260718T215149_20260718T215227_20260811T215148_20260811T215226_P00500_M_F_I_001,NISAR_S2_PR_GUNW_025_154_D_120_027_3700_SH_20260718T215149_20260718T215227_20260811T215148_20260811T215226_P00500_M_F_I_001,NISAR_SSAR_GUNW,154,D,120,154_D_120,HH,120,2026223215152,NISAR,Descending,True,5.494547696,12-AUG-2026,2026-08-11T21:51:48Z,5.998916315,2026-08-13T18:10:47,NISAR_S2_PR_GUNW_025_154_D_120_027_3700_SH_20260718T215149_20260718T215227_20260811T215148_20260811T215226_P00500_M_F_I_001,ObsId_Track_Frame,STUCGUFED,NISAR_SSAR_W,5445,-62.63893748,W,41.36376953,247,F,Left,"[[""-64.59632246"", ""-62.03440126""], [""-59.77513002"", ""-62.42580838""], [""-60.47188945"", ""-64.65438781""], [""-65.68209802"", ""-64.25047278""], [""-64.59632246"", ""-62.03440126""]]",-63.35756475,1.4.00,ISRO,Copernicus GLO-30,25,2026223215140,5443,SSAR,"[[""-61.09366561"", ""-61.01193117""], [""-57.26132441"", ""-63.98368516""], [""-64.46781372"", ""-65.69588147""], [""-67.69508138"", ""-62.51271675""], [""-61.09366561"", ""-61.01193117""]]",SAT_SEN_MODE,J,Y,2026-08-13 18:27:13,2026223215152_154_120,154,11-AUG-2026
NISAR_S2_PR_GUNW_025_154_D_119_027_3700_SH_20260718T215149_20260718T215153_20260811T215148_20260811T215152_P00500_M_P_I_001,NISAR_S2_PR_GUNW_025_154_D_119_027_3700_SH_20260718T215149_20260718T215153_20260811T215148_20260811T215152_P00500_M_P_I_001,NISAR_SSAR_GUNW,154,D,119,154_D_119,HH,119,2026223215152,NISAR,Descending,True,5.495605345,12-AUG-2026,2026-08-11T21:51:48Z,5.996009243,2026-08-13T14:36:49,NISAR_S2_PR_GUNW_025_154_D_119_027_3700_SH_20260718T215149_20260718T215153_20260811T215148_20260811T215152_P00500_M_P_I_001,ObsId_Track_Frame,STUCGUFED,NISAR_SSAR_W,5445,-62.24216901,W,41.4174881,247,P,Left,"[[""-64.6058869"", ""-61.99246431""], [""-59.74818374"", ""-62.38740288""], [""-59.8211606"", ""-62.63121018""], [""-64.71867193"", ""-62.23506486""], [""-64.6058869"", ""-61.99246431""]]",-62.33485484,1.4.00,ISRO,Copernicus GLO-30,25,2026223215140,5443,SSAR,"[[""-60.48614882"", ""-58.95280366""], [""-56.86115445"", ""-61.89847249""], [""-63.50461316"", ""-63.64496918""], [""-66.62446404"", ""-60.49618588""], [""-60.48614882"", ""-58.95280366""]]",SAT_SEN_MODE,J,Y,2026-08-13 14:55:29,2026223215152_154_119,154,11-AUG-2026
NISAR_S2_PR_GUNW_025_147_A_146_027_3700_SH_20260718T102738_20260718T102815_20260811T102737_20260811T102814_P00500_M_F_I_001,NISAR_S2_PR_GUNW_025_147_A_146_027_3700_SH_20260718T102738_20260718T102815_20260811T102737_20260811T102814_P00500_M_F_I_001,NISAR_SSAR_GUNW,147,A,146,147_A_146,HH,146,2026223102716,NISAR,Ascending,True,5.4945179,11-AUG-2026,2026-08-11T10:27:37Z,5.994784778,2026-08-13T15:47:22,NISAR_S2_PR_GUNW_025_147_A_146_027_3700_SH_20260718T102738_20260718T102815_20260811T102737_20260811T102814_P00500_M_F_I_001,ObsId_Track_Frame,STUCGUFED,NISAR_SSAR_W,5438,-61.59363964,W,41.33323288,247,F,Left,"[[""-64.46500457"", ""-62.48990946""], [""-59.61598122"", ""-62.09732856""], [""-58.55388361"", ""-64.26254941""], [""-63.79977134"", ""-64.66821126""], [""-64.46500457"", ""-62.48990946""]]",-63.40451991,1.4.00,ISRO,Copernicus GLO-30,25,2026223102712,5436,SSAR,"[[""-60.20221699"", ""-61.21965582""], [""-56.67060258"", ""-63.87478957""], [""-63.24371317"", ""-65.5038902""], [""-66.29644038"", ""-62.66800805""], [""-60.20221699"", ""-61.21965582""]]",SAT_SEN_MODE,J,Y,2026-08-13 16:00:18,2026223102716_147_146,147,11-AUG-2026
NISAR_S2_PR_GUNW_025_147_A_145_027_3700_SH_20260718T102713_20260718T102741_20260811T102712_20260811T102740_P00500_M_P_I_001,NISAR_S2_PR_GUNW_025_147_A_145_027_3700_SH_20260718T102713_20260718T102741_20260811T102712_20260811T102740_P00500_M_P_I_001,NISAR_SSAR_GUNW,147,A,145,147_A_145,HH,145,2026223102716,NISAR,Ascending,True,5.49297021,11-AUG-2026,2026-08-11T10:27:12Z,6.002399408,2026-08-13T15:13:42,NISAR_S2_PR_GUNW_025_147_A_145_027_3700_SH_20260718T102713_20260718T102741_20260811T102712_20260811T102740_P00500_M_P_I_001,ObsId_Track_Frame,STUCGUFED,NISAR_SSAR_W,5438,-60.87605168,W,41.31612396,247,P,Left,"[[""-63.83041307"", ""-64.48182339""], [""-58.66388283"", ""-64.08051465""], [""-57.79344701"", ""-65.69372189""], [""-63.29905087"", ""-66.10724724""], [""-63.83041307"", ""-64.48182339""]]",-65.11786527,1.4.00,ISRO,Copernicus GLO-30,25,2026223102712,5436,SSAR,"[[""-59.33288702"", ""-63.25811212""], [""-55.37462705"", ""-65.9141569""], [""-62.46138876"", ""-67.60385644""], [""-65.87821038"", ""-64.74846508""], [""-59.33288702"", ""-63.25811212""]]",SAT_SEN_MODE,J,Y,2026-08-13 15:28:03,2026223102716_147_145,147,11-AUG-2026
NISAR_S2_PR_GUNW_025_096_D_124_026_3700_SH_20260714T212055_20260714T212133_20260726T212054_20260726T212133_P00500_M_F_I_001,NISAR_S2_PR_GUNW_025_096_D_124_026_3700_SH_20260714T212055_20260714T212133_20260726T212054_20260726T212133_P00500_M_F_I_001,NISAR_SSAR_GUNW,96,D,124,096_D_124,HH,124,2026207212020,NISAR,Descending,True,5.485322328,27-JUL-2026,2026-07-26T21:20:54Z,5.996689854,2026-07-29T06:23:13,NISAR_S2_PR_GUNW_025_096_D_124_026_3700_SH_20260714T212055_20260714T212133_20260726T212054_20260726T212133_P00500_M_F_I_001,ObsId_Track_Frame,STUCGUFED,NISAR_SSAR_W,5215,-58.49504849,W,41.42998886,247,F,Left,"[[""-61.13261925"", ""-70.31856278""], [""-54.34323872"", ""-70.78172482""], [""-55.44552749"", ""-73.0179694""], [""-63.00298607"", ""-72.52251185""], [""-61.13261925"", ""-70.31856278""]]",-71.68652915,1.4.00,ISRO,Copernicus GLO-30,25,2026207211836,5212,SSAR,"[[""-56.8780949"", ""-69.27593349""], [""-50.59352705"", ""-72.11329397""], [""-60.62930674"", ""-74.11478287""], [""-65.91912734"", ""-70.95738123""], [""-56.8780949"", ""-69.27593349""]]",SAT_SEN_MODE,J,Y,2026-07-29 06:35:29,2026207212020_96_124,96,26-JUL-2026
NISAR_S2_PR_GUNW_023_154_D_121_025_3700_SH_20260624T215226_20260624T215304_20260718T215224_20260718T215303_P00500_M_F_I_001,NISAR_S2_PR_GUNW_023_154_D_121_025_3700_SH_20260624T215226_20260624T215304_20260718T215224_20260718T215303_P00500_M_F_I_001,NISAR_SSAR_GUNW,154,D,121,154_D_121,HH,121,2026199215152,NISAR,Descending,True,5.575782217,19-JUL-2026,2026-07-18T21:52:24Z,5.980174634,2026-07-21T02:42:05,NISAR_S2_PR_GUNW_023_154_D_121_025_3700_SH_20260624T215226_20260624T215304_20260718T215224_20260718T215303_P00500_M_F_I_001,ObsId_Track_Frame,STUCGUFED,NISAR_SSAR_W,5099,-63.47692509,W,41.47710037,247,F,Left,"[[""-65.52884476"", ""-64.0752365""], [""-60.39978451"", ""-64.47295556""], [""-61.20384071"", ""-66.7349909""], [""-66.76183647"", ""-66.32261311""], [""-65.52884476"", ""-64.0752365""]]",-65.41676135,1.4.00,ISRO,Copernicus GLO-30,23,2026199215140,5097,SSAR,"[[""-61.74334316"", ""-63.07968043""], [""-57.66445713"", ""-66.08163836""], [""-65.57000346"", ""-67.76049441""], [""-68.90981193"", ""-64.53662259""], [""-61.74334316"", ""-63.07968043""]]",SAT_SEN_MODE,J,Y,2026-07-21 02:56:10,2026199215152_154_121,154,18-JUL-2026
NISAR_S2_PR_GUNW_023_154_D_120_025_3700_SH_20260624T215151_20260624T215229_20260718T215149_20260718T215227_P00500_M_F_I_001,NISAR_S2_PR_GUNW_023_154_D_120_025_3700_SH_20260624T215151_20260624T215229_20260718T215149_20260718T215227_P00500_M_F_I_001,NISAR_SSAR_GUNW,154,D,120,154_D_120,HH,120,2026199215152,NISAR,Descending,True,5.493830236,19-JUL-2026,2026-07-18T21:51:49Z,5.998256891,2026-07-21T01:23:54,NISAR_S2_PR_GUNW_023_154_D_120_025_3700_SH_20260624T215151_20260624T215229_20260718T215149_20260718T215227_P00500_M_F_I_001,ObsId_Track_Frame,STUCGUFED,NISAR_SSAR_W,5099,-62.63205003,W,41.36298752,247,F,Left,"[[""-64.56669037"", ""-62.02663503""], [""-59.7880528"", ""-62.41451447""], [""-60.48830625"", ""-64.65562294""], [""-65.65634322"", ""-64.25520208""], [""-64.56669037"", ""-62.02663503""]]",-63.35403507,1.4.00,ISRO,Copernicus GLO-30,23,2026199215140,5097,SSAR,"[[""-61.09366561"", ""-61.01193117""], [""-57.26132441"", ""-63.98368516""], [""-64.46781372"", ""-65.69588147""], [""-67.69508138"", ""-62.51271675""], [""-61.09366561"", ""-61.01193117""]]",SAT_SEN_MODE,J,Y,2026-07-21 01:42:23,2026199215152_154_120,154,18-JUL-2026
NISAR_S2_PR_GUNW_023_125_D_124_025_3700_SH_20260622T213735_20260622T213813_20260716T213733_20260716T213812_P00500_M_F_I_001,NISAR_S2_PR_GUNW_023_125_D_124_025_3700_SH_20260622T213735_20260622T213813_20260716T213733_20260716T213812_P00500_M_F_I_001,NISAR_SSAR_GUNW,125,D,124,125_D_124,HH,124,2026197213456,NISAR,Descending,True,5.485668553,17-JUL-2026,2026-07-16T21:37:33Z,5.987310621,2026-07-21T13:59:13,NISAR_S2_PR_GUNW_023_125_D_124_025_3700_SH_20260622T213735_20260622T213813_20260716T213733_20260716T213812_P00500_M_F_I_001,ObsId_Track_Frame,STUCGUFED,NISAR_SSAR_W,5071,-62.66584385,W,41.47777557,247,F,Left,"[[""-65.18865727"", ""-70.32872557""], [""-58.55337654"", ""-70.78022326""], [""-59.6619451"", ""-73.0163005""], [""-67.18023887"", ""-72.52202989""], [""-65.18865727"", ""-70.32872557""]]",-71.69651606,1.4.00,ISRO,Copernicus GLO-30,23,2026197213452,5068,SSAR,"[[""-60.52342297"", ""-69.33086209""], [""-54.865163"", ""-72.27793033""], [""-65.44450264"", ""-74.04244631""], [""-69.84774649"", ""-70.80504898""], [""-60.52342297"", ""-69.33086209""]]",SAT_SEN_MODE,J,Y,2026-07-21 14:13:16,2026197213456_125_124,125,16-JUL-2026
NISAR_S2_PR_GUNW_023_125_D_123_025_3700_SH_20260622T213658_20260622T213738_20260716T213657_20260716T213737_P00500_M_F_I_001,NISAR_S2_PR_GUNW_023_125_D_123_025_3700_SH_20260622T213658_20260622T213738_20260716T213657_20260716T213737_P00500_M_F_I_001,NISAR_SSAR_GUNW,125,D,123,125_D_123,HH,123,2026197213456,NISAR,Descending,True,5.487239161,17-JUL-2026,2026-07-16T21:36:57Z,6.001192229,2026-07-21T13:41:31,NISAR_S2_PR_GUNW_023_125_D_123_025_3700_SH_20260622T213658_20260622T213738_20260716T213657_20260716T213737_P00500_M_F_I_001,ObsId_Track_Frame,STUCGUFED,NISAR_SSAR_W,5071,-61.38247177,W,41.41500854,247,F,Left,"[[""-63.77436226"", ""-68.21938421""], [""-57.68192933"", ""-68.65308705""], [""-58.67052055"", ""-70.96246114""], [""-65.38327667"", ""-70.50550609""], [""-63.77436226"", ""-68.21938421""]]",-69.60494633,1.4.00,ISRO,Copernicus GLO-30,23,2026197213452,5068,SSAR,"[[""-59.54946096"", ""-67.20198737""], [""-54.23749573"", ""-70.16826718""], [""-63.69725599"", ""-72.0180185""], [""-68.02779415"", ""-68.77088397""], [""-59.54946096"", ""-67.20198737""]]",SAT_SEN_MODE,J,Y,2026-07-21 13:56:07,2026197213456_125_123,125,16-JUL-2026
NISAR_S2_PR_GUNW_023_125_D_122_025_3700_SH_20260622T213622_20260622T213702_20260716T213621_20260716T213700_P00500_M_F_I_001,NISAR_S2_PR_GUNW_023_125_D_122_025_3700_SH_20260622T213622_20260622T213702_20260716T213621_20260716T213700_P00500_M_F_I_001,NISAR_SSAR_GUNW,125,D,122,125_D_122,HH,122,2026197213456,NISAR,Descending,True,5.489369491,17-JUL-2026,2026-07-16T21:36:21Z,5.998075601,2026-07-21T14:09:23,NISAR_S2_PR_GUNW_023_125_D_122_025_3700_SH_20260622T213622_20260622T213702_20260716T213621_20260716T213700_P00500_M_F_I_001,ObsId_Track_Frame,STUCGUFED,NISAR_SSAR_W,5071,-60.27759015,W,41.41040421,247,F,Left,"[[""-62.47505672"", ""-66.13999889""], [""-56.91682086"", ""-66.55249813""], [""-57.77949324"", ""-68.83540916""], [""-63.8978721"", ""-68.40087776""], [""-62.47505672"", ""-66.13999889""]]",-67.50437832,1.4.00,ISRO,Copernicus GLO-30,23,2026197213452,5068,SSAR,"[[""-58.72205725"", ""-65.09933203""], [""-53.81317913"", ""-68.02845023""], [""-62.21269033"", ""-69.91590894""], [""-66.36601391"", ""-66.72463473""], [""-58.72205725"", ""-65.09933203""]]",SAT_SEN_MODE,J,Y,2026-07-21 14:22:09,2026197213456_125_122,125,16-JUL-2026
NISAR_S2_PR_GUNW_023_125_D_121_025_3700_SH_20260622T213547_20260622T213626_20260716T213546_20260716T213624_P00500_M_F_I_001,NISAR_S2_PR_GUNW_023_125_D_121_025_3700_SH_20260622T213547_20260622T213626_20260716T213546_20260716T213624_P00500_M_F_I_001,NISAR_SSAR_GUNW,125,D,121,125_D_121,HH,121,2026197213456,NISAR,Descending,True,5.490870353,17-JUL-2026,2026-07-16T21:35:46Z,5.975089539,2026-07-21T13:34:16,NISAR_S2_PR_GUNW_023_125_D_121_025_3700_SH_20260622T213547_20260622T213626_20260716T213546_20260716T213624_P00500_M_F_I_001,ObsId_Track_Frame,STUCGUFED,NISAR_SSAR_W,5071,-59.22448181,W,41.61385727,247,F,Left,"[[""-61.20517501"", ""-64.08988169""], [""-56.23426003"", ""-64.47239473""], [""-57.00559028"", ""-66.73618623""], [""-62.42235741"", ""-66.33823463""], [""-61.20517501"", ""-64.08988169""]]",-65.42646088,1.4.00,ISRO,Copernicus GLO-30,23,2026197213452,5068,SSAR,"[[""-57.96238453"", ""-63.0200858""], [""-53.39114331"", ""-65.91155686""], [""-60.96676572"", ""-67.83551434""], [""-64.94116821"", ""-64.69721769""], [""-57.96238453"", ""-63.0200858""]]",SAT_SEN_MODE,J,Y,2026-07-21 14:04:07,2026197213456_125_121,125,16-JUL-2026
NISAR_S2_PR_GUNW_023_125_D_120_025_3700_SH_20260622T213512_20260622T213550_20260716T213510_20260716T213549_P00500_M_F_I_001,NISAR_S2_PR_GUNW_023_125_D_120_025_3700_SH_20260622T213512_20260622T213550_20260716T213510_20260716T213549_P00500_M_F_I_001,NISAR_SSAR_GUNW,125,D,120,125_D_120,HH,120,2026197213456,NISAR,Descending,True,5.494078269,17-JUL-2026,2026-07-16T21:35:10Z,5.998595744,2026-07-21T12:56:04,NISAR_S2_PR_GUNW_023_125_D_120_025_3700_SH_20260622T213512_20260622T213550_20260716T213510_20260716T213549_P00500_M_F_I_001,ObsId_Track_Frame,STUCGUFED,NISAR_SSAR_W,5071,-58.47261282,W,41.38357162,247,F,Left,"[[""-60.39868325"", ""-62.01861882""], [""-55.63056078"", ""-62.40580936""], [""-56.33421968"", ""-64.654081""], [""-61.49129091"", ""-64.25438343""], [""-60.39868325"", ""-62.01861882""]]",-63.34962268,1.4.00,ISRO,Copernicus GLO-30,23,2026197213452,5068,SSAR,"[[""-57.28630916"", ""-60.95279782""], [""-52.99037769"", ""-63.81708508""], [""-59.8892062"", ""-65.77100033""], [""-63.70333974"", ""-62.6725253""], [""-57.28630916"", ""-60.95279782""]]",SAT_SEN_MODE,J,Y,2026-07-21 13:17:55,2026197213456_125_120,125,16-JUL-2026
NISAR_S2_PR_GUNW_023_096_D_124_025_3700_SH_20260620T212056_20260620T212134_20260714T212055_20260714T212133_P00500_M_F_I_001,NISAR_S2_PR_GUNW_023_096_D_124_025_3700_SH_20260620T212056_20260620T212134_20260714T212055_20260714T212133_P00500_M_F_I_001,NISAR_SSAR_GUNW,96,D,124,096_D_124,HH,124,2026195212020,NISAR,Descending,True,5.485679353,15-JUL-2026,2026-07-14T21:20:55Z,5.998753595,2026-07-17T00:41:59,NISAR_S2_PR_GUNW_023_096_D_124_025_3700_SH_20260620T212056_20260620T212134_20260714T212055_20260714T212133_P00500_M_F_I_001,ObsId_Track_Frame,STUCGUFED,NISAR_SSAR_W,5042,-58.50332198,W,41.43600464,247,F,Left,"[[""-61.11442654"", ""-70.31951224""], [""-54.3784609"", ""-70.77939724""], [""-55.48523434"", ""-73.0155247""], [""-62.98281832"", ""-72.52357441""], [""-61.11442654"", ""-70.31951224""]]",-71.6853345,1.4.00,ISRO,Copernicus GLO-30,23,2026195211836,5039,SSAR,"[[""-56.8780949"", ""-69.27593349""], [""-50.59352705"", ""-72.11329397""], [""-60.62930674"", ""-74.11478287""], [""-65.91912734"", ""-70.95738123""], [""-56.8780949"", ""-69.27593349""]]",SAT_SEN_MODE,J,Y,2026-07-17 07:24:05,2026195212020_96_124,96,14-JUL-2026
NISAR_S2_PR_GUNW_026_008_D_129_028_3700_SH_20260720T185402_20260720T185435_20260813T185401_20260813T185434_P00500_M_F_I_001,NISAR_S2_PR_GUNW_026_008_D_129_028_3700_SH_20260720T185402_20260720T185435_20260813T185401_20260813T185434_P00500_M_F_I_001,NISAR_SSAR_GUNW,8,D,129,008_D_129,HH,129,2026225185152,NISAR,Descending,True,5.479438413,13-AUG-2026,2026-08-13T18:54:01Z,5.993019651,2026-08-16T11:04:50,NISAR_S2_PR_GUNW_026_008_D_129_028_3700_SH_20260720T185402_20260720T185435_20260813T185401_20260813T185434_P00500_M_F_I_001,ObsId_Track_Frame,STUCGUFED,NISAR_SSAR_W,5473,-34.36478637,W,41.3966217,247,F,Left,"[[""-38.39730186"", ""-80.24979507""], [""-25.10247277"", ""-81.05262747""], [""-28.71601057"", ""-82.91168916""], [""-44.63927722"", ""-81.93853332""], [""-38.39730186"", ""-80.24979507""]]",-81.61705198,1.4.00,ISRO,Copernicus GLO-30,26,2026225185124,5470,SSAR,"[[""-37.13427004"", ""-79.68650223""], [""-21.29938699"", ""-81.16893068""], [""-29.7958497"", ""-83.53878713""], [""-48.03968219"", ""-81.61977149""], [""-37.13427004"", ""-79.68650223""]]",SAT_SEN_MODE,J,Y,2026-08-16 11:13:15,2026225185152_8_129,8,13-AUG-2026
NISAR_S2_PR_GUNW_026_008_D_128_028_3700_SH_20260720T185328_20260720T185405_20260813T185327_20260813T185404_P00500_M_F_I_001,NISAR_S2_PR_GUNW_026_008_D_128_028_3700_SH_20260720T185328_20260720T185405_20260813T185327_20260813T185404_P00500_M_F_I_001,NISAR_SSAR_GUNW,8,D,128,008_D_128,HH,128,2026225185152,NISAR,Descending,True,5.480293832,13-AUG-2026,2026-08-13T18:53:27Z,5.998126132,2026-08-16T11:15:06,NISAR_S2_PR_GUNW_026_008_D_128_028_3700_SH_20260720T185328_20260720T185405_20260813T185327_20260813T185404_P00500_M_F_I_001,ObsId_Track_Frame,STUCGUFED,NISAR_SSAR_W,5473,-30.15509678,W,41.38657379,247,F,Left,"[[""-33.69744112"", ""-78.39630901""], [""-22.49034796"", ""-79.07540907""], [""-25.3781057"", ""-81.23308862""], [""-38.91505807"", ""-80.41548378""], [""-33.69744112"", ""-78.39630901""]]",-79.84975052,1.4.00,ISRO,Copernicus GLO-30,26,2026225185124,5470,SSAR,"[[""-33.00041345"", ""-77.82857597""], [""-19.2206829"", ""-79.18140144""], [""-25.94116535"", ""-81.84823844""], [""-42.18089405"", ""-80.11532873""], [""-33.00041345"", ""-77.82857597""]]",SAT_SEN_MODE,J,Y,2026-08-16 11:25:41,2026225185152_8_128,8,13-AUG-2026
NISAR_S2_PR_GUNW_026_008_D_127_028_3700_SH_20260720T185252_20260720T185331_20260813T185250_20260813T185330_P00500_M_F_I_001,NISAR_S2_PR_GUNW_026_008_D_127_028_3700_SH_20260720T185252_20260720T185331_20260813T185250_20260813T185330_P00500_M_F_I_001,NISAR_SSAR_GUNW,8,D,127,008_D_127,HH,127,2026225185152,NISAR,Descending,True,5.482201951,13-AUG-2026,2026-08-13T18:52:50Z,5.992678559,2026-08-16T08:07:25,NISAR_S2_PR_GUNW_026_008_D_127_028_3700_SH_20260720T185252_20260720T185331_20260813T185250_20260813T185330_P00500_M_F_I_001,ObsId_Track_Frame,STUCGUFED,NISAR_SSAR_W,5473,-26.95873567,W,41.41554642,247,F,Left,"[[""-30.21925142"", ""-76.38756635""], [""-20.56802787"", ""-76.98600576""], [""-22.77363324"", ""-79.25385955""], [""-34.11065121"", ""-78.56477104""], [""-30.21925142"", ""-76.38756635""]]",-77.85251595,1.4.00,ISRO,Copernicus GLO-30,26,2026225185124,5470,SSAR,"[[""-29.72833617"", ""-75.83786502""], [""-17.80596004"", ""-77.07243805""], [""-22.97309494"", ""-79.85547531""], [""-37.00589958"", ""-78.31384407""], [""-29.72833617"", ""-75.83786502""]]",SAT_SEN_MODE,J,Y,2026-08-16 08:15:04,2026225185152_8_127,8,13-AUG-2026
NISAR_S2_PR_GUNW_026_008_D_126_028_3700_SH_20260720T185216_20260720T185255_20260813T185215_20260813T185254_P00500_M_F_I_001,NISAR_S2_PR_GUNW_026_008_D_126_028_3700_SH_20260720T185216_20260720T185255_20260813T185215_20260813T185254_P00500_M_F_I_001,NISAR_SSAR_GUNW,8,D,126,008_D_126,HH,126,2026225185152,NISAR,Descending,True,5.482678538,13-AUG-2026,2026-08-13T18:52:15Z,5.996637604,2026-08-16T09:07:22,NISAR_S2_PR_GUNW_026_008_D_126_028_3700_SH_20260720T185216_20260720T185255_20260813T185215_20260813T185254_P00500_M_F_I_001,ObsId_Track_Frame,STUCGUFED,NISAR_SSAR_W,5473,-24.48304697,W,41.34173965,247,F,Left,"[[""-27.53513251"", ""-74.39744238""], [""-19.1329108"", ""-74.93273231""], [""-20.7185837"", ""-77.16907989""], [""-30.49189291"", ""-76.56428459""], [""-27.53513251"", ""-74.39744238""]]",-75.81684963,1.4.00,ISRO,Copernicus GLO-30,26,2026225185124,5470,SSAR,"[[""-27.26540258"", ""-73.8590161""], [""-16.80291852"", ""-74.99938547""], [""-20.76926809"", ""-77.74873448""], [""-32.91345776"", ""-76.36665739""], [""-27.26540258"", ""-73.8590161""]]",SAT_SEN_MODE,J,Y,2026-08-16 09:18:03,2026225185152_8_126,8,13-AUG-2026
NISAR_S2_PR_GUNW_025_147_A_135_027_3700_SH_20260718T102140_20260718T102155_20260811T102139_20260811T102154_P00500_M_F_I_001,NISAR_S2_PR_GUNW_025_147_A_135_027_3700_SH_20260718T102140_20260718T102155_20260811T102139_20260811T102154_P00500_M_F_I_001,NISAR_SSAR_GUNW,147,A,135,147_A_135,HH,135,2026223102140,NISAR,Ascending,True,5.48196325,11-AUG-2026,2026-08-11T10:21:39Z,5.989326719,2026-08-13T18:29:47,NISAR_S2_PR_GUNW_025_147_A_135_027_3700_SH_20260718T102140_20260718T102155_20260811T102139_20260811T102154_P00500_M_F_I_001,ObsId_Track_Frame,STUCGUFED,NISAR_SSAR_W,5438,-32.00851394,W,41.34506989,247,F,Left,"[[""-44.71127259"", ""-84.51206897""], [""-25.90736951"", ""-83.31466693""], [""-20.49716167"", ""-83.96834871""], [""-40.82718284"", ""-85.32004173""], [""-44.71127259"", ""-84.51206897""]]",-84.36549725,1.4.00,ISRO,Copernicus GLO-30,25,2026223101324,5436,SSAR,"[[""-32.98928041"", ""-82.64653339""], [""-9.262825175"", ""-83.74833873""], [""-18.9776531"", ""-86.90339748""], [""-53.84893854"", ""-85.03791321""], [""-32.98928041"", ""-82.64653339""]]",SAT_SEN_MODE,J,Y,2026-08-13 18:45:33,2026223102140_147_135,147,11-AUG-2026
NISAR_S2_PR_GUNW_025_094_D_130_026_3700_SH_20260714T180457_20260714T180510_20260726T180456_20260726T180510_P00500_M_F_I_001,NISAR_S2_PR_GUNW_025_094_D_130_026_3700_SH_20260714T180457_20260714T180510_20260726T180456_20260726T180510_P00500_M_F_I_001,NISAR_SSAR_GUNW,94,D,130,094_D_130,HH,130,2026207180456,NISAR,Descending,True,5.478971604,27-JUL-2026,2026-07-26T18:04:56Z,5.992304547,2026-07-27T20:43:47,NISAR_S2_PR_GUNW_025_094_D_130_026_3700_SH_20260714T180457_20260714T180510_20260726T180456_20260726T180510_P00500_M_F_I_001,ObsId_Track_Frame,STUCGUFED,NISAR_SSAR_W,5215,-30.49514022,W,41.38542557,76,F,Left,"[[""-36.78861689"", ""-82.8238878""], [""-19.14828156"", ""-83.92529217""], [""-21.99837384"", ""-84.67184257""], [""-41.04416612"", ""-83.44935406""], [""-36.78861689"", ""-82.8238878""]]",-83.79819569,1.4.00,ISRO,Copernicus GLO-30,25,2026207180048,5210,SSAR,"[[""-32.12943083"", ""-81.57917426""], [""-13.96118354"", ""-82.64873458""], [""-20.26142342"", ""-84.87502013""], [""-42.99974873"", ""-83.42882239""], [""-32.12943083"", ""-81.57917426""]]",SAT_SEN_MODE,S,Y,2026-07-27 20:55:19,2026207180456_94_130,94,26-JUL-2026
NISAR_S2_PR_GUNW_025_094_D_128_026_3700_SH_20260714T180331_20260714T180409_20260726T180331_20260726T180409_P00500_M_F_I_001,NISAR_S2_PR_GUNW_025_094_D_128_026_3700_SH_20260714T180331_20260714T180409_20260726T180331_20260726T180409_P00500_M_F_I_001,NISAR_SSAR_GUNW,94,D,128,094_D_128,HH,128,2026207180100,NISAR,Descending,True,5.480238876,27-JUL-2026,2026-07-26T18:03:31Z,5.992107889,2026-07-28T04:46:54,NISAR_S2_PR_GUNW_025_094_D_128_026_3700_SH_20260714T180331_20260714T180409_20260726T180331_20260726T180409_P00500_M_F_I_001,ObsId_Track_Frame,STUCGUFED,NISAR_SSAR_W,5215,-17.63997933,W,41.43058777,247,F,Left,"[[""-21.21233908"", ""-78.397109""], [""-10.02494906"", ""-79.07539527""], [""-12.91976847"", ""-81.23215074""], [""-26.37996834"", ""-80.41984194""], [""-21.21233908"", ""-78.397109""]]",-79.83952956,1.4.00,ISRO,Copernicus GLO-30,25,2026207180048,5210,SSAR,"[[""-22.11687236"", ""-78.19494098""], [""-8.821544562"", ""-78.92811937""], [""-11.42249771"", ""-81.4160399""], [""-27.88278202"", ""-80.48487588""], [""-22.11687236"", ""-78.19494098""]]",SAT_SEN_MODE,J,Y,2026-07-28 05:02:27,2026207180100_94_128,94,26-JUL-2026
NISAR_S2_PR_GUNW_024_079_D_130_026_3700_SH_20260701T170620_20260701T170655_20260725T170619_20260725T170654_P00500_P_F_I_001,NISAR_S2_PR_GUNW_024_079_D_130_026_3700_SH_20260701T170620_20260701T170655_20260725T170619_20260725T170654_P00500_P_F_I_001,NISAR_SSAR_GUNW,79,D,130,079_D_130,HH,130,2026206170232,NISAR,Descending,True,5.4793348,25-JUL-2026,2026-07-25T17:06:19Z,5.992080629,2026-07-27T03:04:21,NISAR_S2_PR_GUNW_024_079_D_130_026_3700_SH_20260701T170620_20260701T170655_20260725T170619_20260725T170654_P00500_P_F_I_001,ObsId_Track_Frame,STUCGUFED,NISAR_SSAR_W,5199,-13.17399272,W,41.36044312,247,F,Left,"[[""-16.86999622"", ""-81.78121206""], [""-1.255506913"", ""-82.73335049""], [""-7.436387235"", ""-84.6722104""], [""-26.46856104"", ""-83.45091515""], [""-16.86999622"", ""-81.78121206""]]",-83.24724714,1.4.00,ISRO,Copernicus GLO-30,24,2026206170228,5195,SSAR,"[[""-21.15193715"", ""-81.43916816""], [""0.2373465277"", ""-82.01401502""], [""0.3686936208"", ""-84.8543201""], [""-31.00711315"", ""-83.99795197""], [""-21.15193715"", ""-81.43916816""]]",SAT_SEN_MODE,J,Y,2026-07-27 03:17:29,2026206170232_79_130,79,25-JUL-2026
NISAR_S2_PR_GUNW_025_065_D_129_026_3700_SH_20260712T174727_20260712T174800_20260724T174727_20260724T174759_P00500_M_F_I_001,NISAR_S2_PR_GUNW_025_065_D_129_026_3700_SH_20260712T174727_20260712T174800_20260724T174727_20260724T174759_P00500_M_F_I_001,NISAR_SSAR_GUNW,65,D,129,065_D_129,HH,129,2026205174412,NISAR,Descending,True,5.480003066,25-JUL-2026,2026-07-24T17:47:27Z,5.991517292,2026-07-26T08:52:38,NISAR_S2_PR_GUNW_025_065_D_129_026_3700_SH_20260712T174727_20260712T174800_20260724T174727_20260724T174759_P00500_M_F_I_001,ObsId_Track_Frame,STUCGUFED,NISAR_SSAR_W,5185,-17.6649877,W,41.35343933,247,F,Left,"[[""-21.75943294"", ""-80.2491756""], [""-8.452509423"", ""-81.05291063""], [""-12.10108082"", ""-82.91064505""], [""-27.95462937"", ""-81.94205043""], [""-21.75943294"", ""-80.2491756""]]",-81.60938691,1.4.00,ISRO,Copernicus GLO-30,25,2026205174408,5181,SSAR,"[[""-23.34291207"", ""-80.00666706""], [""-6.90136469"", ""-80.754406""], [""-9.281464919"", ""-83.10544646""], [""-30.22870613"", ""-82.12764665""], [""-23.34291207"", ""-80.00666706""]]",SAT_SEN_MODE,J,Y,2026-07-26 09:29:03,2026205174412_65_129,65,24-JUL-2026
NISAR_S2_PR_GUNW_025_051_D_128_026_3700_SH_20260711T182830_20260711T182908_20260723T182829_20260723T182907_P00500_M_F_I_001,NISAR_S2_PR_GUNW_025_051_D_128_026_3700_SH_20260711T182830_20260711T182908_20260723T182829_20260723T182907_P00500_M_F_I_001,NISAR_SSAR_GUNW,51,D,128,051_D_128,HH,128,2026204182628,NISAR,Descending,True,5.479714965,23-JUL-2026,2026-07-23T18:28:29Z,5.994451911,2026-07-26T11:05:18,NISAR_S2_PR_GUNW_025_051_D_128_026_3700_SH_20260711T182830_20260711T182908_20260723T182829_20260723T182907_P00500_M_F_I_001,ObsId_Track_Frame,STUCGUFED,NISAR_SSAR_W,5171,-23.91604249,W,41.37870407,247,F,Left,"[[""-27.47683621"", ""-78.39569672""], [""-16.24010106"", ""-79.07686738""], [""-19.13117036"", ""-81.23442818""], [""-32.67104491"", ""-80.41688874""], [""-27.47683621"", ""-78.39569672""]]",-79.85048461,1.4.00,ISRO,Copernicus GLO-30,25,2026204182600,5167,SSAR,"[[""-27.62596287"", ""-78.03757""], [""-14.12860177"", ""-79.06446367""], [""-18.59223657"", ""-81.61757561""], [""-34.9696015"", ""-80.31019243""], [""-27.62596287"", ""-78.03757""]]",SAT_SEN_MODE,J,Y,2026-07-26 11:15:03,2026204182628_51_128,51,23-JUL-2026
NISAR_S2_PR_GUNW_025_051_D_127_026_3700_SH_20260711T182754_20260711T182833_20260723T182753_20260723T182833_P00500_M_F_I_001,NISAR_S2_PR_GUNW_025_051_D_127_026_3700_SH_20260711T182754_20260711T182833_20260723T182753_20260723T182833_P00500_M_F_I_001,NISAR_SSAR_GUNW,51,D,127,051_D_127,HH,127,2026204182628,NISAR,Descending,True,5.482249713,23-JUL-2026,2026-07-23T18:27:53Z,5.992759359,2026-07-26T08:40:31,NISAR_S2_PR_GUNW_025_051_D_127_026_3700_SH_20260711T182754_20260711T182833_20260723T182753_20260723T182833_P00500_M_F_I_001,ObsId_Track_Frame,STUCGUFED,NISAR_SSAR_W,5171,-20.70511318,W,41.37932968,247,F,Left,"[[""-23.94310031"", ""-76.39100841""], [""-14.34295688"", ""-76.98588653""], [""-16.55098052"", ""-79.25368344""], [""-27.92576985"", ""-78.56054665""], [""-23.94310031"", ""-76.39100841""]]",-77.85641906,1.4.00,ISRO,Copernicus GLO-30,25,2026204182600,5167,SSAR,"[[""-24.17708921"", ""-76.05463009""], [""-12.59483475"", ""-76.9563883""], [""-15.92035185"", ""-79.615158""], [""-29.81833215"", ""-78.49646849""], [""-24.17708921"", ""-76.05463009""]]",SAT_SEN_MODE,J,Y,2026-07-26 08:54:28,2026204182628_51_127,51,23-JUL-2026
NISAR_S2_PR_GUNW_025_051_D_126_026_3700_SH_20260711T182719_20260711T182757_20260723T182718_20260723T182756_P00500_M_F_I_001,NISAR_S2_PR_GUNW_025_051_D_126_026_3700_SH_20260711T182719_20260711T182757_20260723T182718_20260723T182756_P00500_M_F_I_001,NISAR_SSAR_GUNW,51,D,126,051_D_126,HH,126,2026204182628,NISAR,Descending,True,5.482962953,23-JUL-2026,2026-07-23T18:27:18Z,5.995631635,2026-07-26T09:19:00,NISAR_S2_PR_GUNW_025_051_D_126_026_3700_SH_20260711T182719_20260711T182757_20260723T182718_20260723T182756_P00500_M_F_I_001,ObsId_Track_Frame,STUCGUFED,NISAR_SSAR_W,5171,-18.25157085,W,41.3745842,247,F,Left,"[[""-21.31232805"", ""-74.39548262""], [""-12.87233815"", ""-74.93323837""], [""-14.49006487"", ""-77.1682492""], [""-24.20058657"", ""-76.56809524""], [""-21.31232805"", ""-74.39548262""]]",-75.81504813,1.4.00,ISRO,Copernicus GLO-30,25,2026204182600,5167,SSAR,"[[""-21.58566524"", ""-74.08590346""], [""-11.47165993"", ""-74.89106163""], [""-13.94079954"", ""-77.50518637""], [""-25.82425288"", ""-76.53611907""], [""-21.58566524"", ""-74.08590346""]]",SAT_SEN_MODE,J,Y,2026-07-26 09:38:05,2026204182628_51_126,51,23-JUL-2026
NISAR_S2_PR_GUNW_025_036_D_129_026_3700_SH_20260710T173049_20260710T173121_20260722T173048_20260722T173121_P00500_M_F_I_001,NISAR_S2_PR_GUNW_025_036_D_129_026_3700_SH_20260710T173049_20260710T173121_20260722T173048_20260722T173121_P00500_M_F_I_001,NISAR_SSAR_GUNW,36,D,129,036_D_129,HH,129,2026203172724,NISAR,Descending,True,5.479738292,23-JUL-2026,2026-07-22T17:30:48Z,5.990195202,2026-07-27T19:41:33,NISAR_S2_PR_GUNW_025_036_D_129_026_3700_SH_20260710T173049_20260710T173121_20260722T173048_20260722T173121_P00500_M_F_I_001,ObsId_Track_Frame,STUCGUFED,NISAR_SSAR_W,5156,-13.52131472,W,41.40140152,247,F,Left,"[[""-17.59661929"", ""-80.24971808""], [""-4.28583573"", ""-81.05352124""], [""-7.932015819"", ""-82.91133233""], [""-23.82222235"", ""-81.93988368""], [""-17.59661929"", ""-80.24971808""]]",-81.60890132,1.4.00,ISRO,Copernicus GLO-30,25,2026203172720,5152,SSAR,"[[""-20.02509328"", ""-79.9810439""], [""-2.854378078"", ""-80.5724189""], [""-3.901738843"", ""-83.09368382""], [""-26.49896611"", ""-82.30300521""], [""-20.02509328"", ""-79.9810439""]]",SAT_SEN_MODE,J,Y,2026-07-27 19:50:55,2026203172724_36_129,36,22-JUL-2026
NISAR_S2_PR_GUNW_025_008_D_129_026_3700_SH_20260708T185403_20260708T185436_20260720T185402_20260720T185435_P00500_M_F_I_001,NISAR_S2_PR_GUNW_025_008_D_129_026_3700_SH_20260708T185403_20260708T185436_20260720T185402_20260720T185435_P00500_M_F_I_001,NISAR_SSAR_GUNW,8,D,129,008_D_129,HH,129,2026201185152,NISAR,Descending,True,5.478870927,20-JUL-2026,2026-07-20T18:54:02Z,5.991932498,2026-07-22T09:20:53,NISAR_S2_PR_GUNW_025_008_D_129_026_3700_SH_20260708T185403_20260708T185436_20260720T185402_20260720T185435_P00500_M_F_I_001,ObsId_Track_Frame,STUCGUFED,NISAR_SSAR_W,5127,-34.35962119,W,41.3770752,247,F,Left,"[[""-38.39818237"", ""-80.2510837""], [""-25.09054992"", ""-81.05431803""], [""-28.70176532"", ""-82.91347638""], [""-44.64116204"", ""-81.93980952""], [""-38.39818237"", ""-80.2510837""]]",-81.61868036,1.4.00,ISRO,Copernicus GLO-30,25,2026201185124,5124,SSAR,"[[""-37.13427004"", ""-79.68650223""], [""-21.29938699"", ""-81.16893068""], [""-29.7958497"", ""-83.53878713""], [""-48.03968219"", ""-81.61977149""], [""-37.13427004"", ""-79.68650223""]]",SAT_SEN_MODE,J,Y,2026-07-22 09:29:41,2026201185152_8_129,8,20-JUL-2026
NISAR_S2_PR_GUNW_025_008_D_127_026_3700_SH_20260708T185252_20260708T185332_20260720T185252_20260720T185331_P00500_M_F_I_001,NISAR_S2_PR_GUNW_025_008_D_127_026_3700_SH_20260708T185252_20260708T185332_20260720T185252_20260720T185331_P00500_M_F_I_001,NISAR_SSAR_GUNW,8,D,127,008_D_127,HH,127,2026201185152,NISAR,Descending,True,5.481991704,20-JUL-2026,2026-07-20T18:52:52Z,5.992317871,2026-07-22T03:02:37,NISAR_S2_PR_GUNW_025_008_D_127_026_3700_SH_20260708T185252_20260708T185332_20260720T185252_20260720T185331_P00500_M_F_I_001,ObsId_Track_Frame,STUCGUFED,NISAR_SSAR_W,5127,-26.95869314,W,41.41719818,247,F,Left,"[[""-30.21762991"", ""-76.38817513""], [""-20.5696861"", ""-76.9863815""], [""-22.77565072"", ""-79.25422661""], [""-34.10895773"", ""-78.56539685""], [""-30.21762991"", ""-76.38817513""]]",-77.85297668,1.4.00,ISRO,Copernicus GLO-30,25,2026201185124,5124,SSAR,"[[""-29.72833617"", ""-75.83786502""], [""-17.80596004"", ""-77.07243805""], [""-22.97309494"", ""-79.85547531""], [""-37.00589958"", ""-78.31384407""], [""-29.72833617"", ""-75.83786502""]]",SAT_SEN_MODE,J,Y,2026-07-22 03:12:03,2026201185152_8_127,8,20-JUL-2026
NISAR_S2_PR_GUNW_025_008_D_126_026_3700_SH_20260708T185217_20260708T185256_20260720T185216_20260720T185255_P00500_M_F_I_001,NISAR_S2_PR_GUNW_025_008_D_126_026_3700_SH_20260708T185217_20260708T185256_20260720T185216_20260720T185255_P00500_M_F_I_001,NISAR_SSAR_GUNW,8,D,126,008_D_126,HH,126,2026201185152,NISAR,Descending,True,5.482392866,20-JUL-2026,2026-07-20T18:52:16Z,5.99627901,2026-07-22T04:46:05,NISAR_S2_PR_GUNW_025_008_D_126_026_3700_SH_20260708T185217_20260708T185256_20260720T185216_20260720T185255_P00500_M_F_I_001,ObsId_Track_Frame,STUCGUFED,NISAR_SSAR_W,5127,-24.48237334,W,41.34343719,247,F,Left,"[[""-27.53423437"", ""-74.39721752""], [""-19.13251844"", ""-74.93245824""], [""-20.7182244"", ""-77.1688024""], [""-30.49079222"", ""-76.56407225""], [""-27.53423437"", ""-74.39721752""]]",-75.8165923,1.4.00,ISRO,Copernicus GLO-30,25,2026201185124,5124,SSAR,"[[""-27.26540258"", ""-73.8590161""], [""-16.80291852"", ""-74.99938547""], [""-20.76926809"", ""-77.74873448""], [""-32.91345776"", ""-76.36665739""], [""-27.26540258"", ""-73.8590161""]]",SAT_SEN_MODE,J,Y,2026-07-22 04:57:17,2026201185152_8_126,8,20-JUL-2026
NISAR_S2_PR_GUNW_024_094_D_130_025_3700_SH_20260702T180458_20260702T180511_20260714T180457_20260714T180510_P00500_M_F_I_001,NISAR_S2_PR_GUNW_024_094_D_130_025_3700_SH_20260702T180458_20260702T180511_20260714T180457_20260714T180510_P00500_M_F_I_001,NISAR_SSAR_GUNW,94,D,130,094_D_130,HH,130,2026195180456,NISAR,Descending,True,5.478715353,15-JUL-2026,2026-07-14T18:04:57Z,5.99212684,2026-07-19T18:36:52,NISAR_S2_PR_GUNW_024_094_D_130_025_3700_SH_20260702T180458_20260702T180511_20260714T180457_20260714T180510_P00500_M_F_I_001,ObsId_Track_Frame,STUCGUFED,NISAR_SSAR_W,5042,-30.515657,W,41.38668442,76,F,Left,"[[""-36.82499652"", ""-82.82999919""], [""-19.17254463"", ""-83.93237915""], [""-22.00260845"", ""-84.67271227""], [""-41.04970507"", ""-83.45008962""], [""-36.82499652"", ""-82.82999919""]]",-83.80186655,1.4.00,ISRO,Copernicus GLO-30,24,2026195180048,5037,SSAR,"[[""-32.12943083"", ""-81.57917426""], [""-13.96118354"", ""-82.64873458""], [""-20.26142342"", ""-84.87502013""], [""-42.99974873"", ""-83.42882239""], [""-32.12943083"", ""-81.57917426""]]",SAT_SEN_MODE,S,Y,2026-07-19 18:48:23,2026195180456_94_130,94,14-JUL-2026
NISAR_S2_PR_GUNW_023_094_D_128_025_3700_SH_20260620T180333_20260620T180410_20260714T180331_20260714T180409_P00500_M_F_I_001,NISAR_S2_PR_GUNW_023_094_D_128_025_3700_SH_20260620T180333_20260620T180410_20260714T180331_20260714T180409_P00500_M_F_I_001,NISAR_SSAR_GUNW,94,D,128,094_D_128,HH,128,2026195180100,NISAR,Descending,True,5.566151911,15-JUL-2026,2026-07-14T18:03:31Z,5.990872076,2026-07-19T23:45:09,NISAR_S2_PR_GUNW_023_094_D_128_025_3700_SH_20260620T180333_20260620T180410_20260714T180331_20260714T180409_P00500_M_F_I_001,ObsId_Track_Frame,STUCGUFED,NISAR_SSAR_W,5042,-17.6322046,W,41.43709183,247,F,Left,"[[""-21.1915013"", ""-78.39728255""], [""-10.03427485"", ""-79.07357516""], [""-12.93094687"", ""-81.23024514""], [""-26.35446315"", ""-80.42038042""], [""-21.1915013"", ""-78.39728255""]]",-79.83848056,1.4.00,ISRO,Copernicus GLO-30,23,2026195180048,5037,SSAR,"[[""-22.11687236"", ""-78.19494098""], [""-8.821544562"", ""-78.92811937""], [""-11.42249771"", ""-81.4160399""], [""-27.88278202"", ""-80.48487588""], [""-22.11687236"", ""-78.19494098""]]",SAT_SEN_MODE,J,Y,2026-07-19 23:55:28,2026195180100_94_128,94,14-JUL-2026
NISAR_S2_PR_GUNW_024_079_D_130_025_3700_SH_20260701T170620_20260701T170655_20260713T170620_20260713T170655_P00500_P_F_I_001,NISAR_S2_PR_GUNW_024_079_D_130_025_3700_SH_20260701T170620_20260701T170655_20260713T170620_20260713T170655_P00500_P_F_I_001,NISAR_SSAR_GUNW,79,D,130,079_D_130,HH,130,2026194170232,NISAR,Descending,True,5.4793348,13-JUL-2026,2026-07-13T17:06:20Z,5.992080629,2026-07-29T16:43:28,NISAR_S2_PR_GUNW_024_079_D_130_025_3700_SH_20260701T170620_20260701T170655_20260713T170620_20260713T170655_P00500_P_F_I_001,ObsId_Track_Frame,STUCGUFED,NISAR_SSAR_W,5026,-13.17399272,W,41.36044312,247,F,Left,"[[""-16.86999622"", ""-81.78121206""], [""-1.255506913"", ""-82.73335049""], [""-7.436387235"", ""-84.6722104""], [""-26.46856104"", ""-83.45091515""], [""-16.86999622"", ""-81.78121206""]]",-83.24724714,1.4.00,ISRO,Copernicus GLO-30,24,2026194170228,5022,SSAR,"[[""-21.15193715"", ""-81.43916816""], [""0.2373465277"", ""-82.01401502""], [""0.3686936208"", ""-84.8543201""], [""-31.00711315"", ""-83.99795197""], [""-21.15193715"", ""-81.43916816""]]",SAT_SEN_MODE,J,Y,2026-07-29 17:00:06,2026194170232_79_130,79,13-JUL-2026
NISAR_S2_PR_GUNW_023_065_D_129_025_3700_SH_20260618T174729_20260618T174801_20260712T174727_20260712T174800_P00500_M_F_I_001,NISAR_S2_PR_GUNW_023_065_D_129_025_3700_SH_20260618T174729_20260618T174801_20260712T174727_20260712T174800_P00500_M_F_I_001,NISAR_SSAR_GUNW,65,D,129,065_D_129,HH,129,2026193174412,NISAR,Descending,True,5.480027038,13-JUL-2026,2026-07-12T17:47:27Z,5.987713984,2026-07-19T15:02:00,NISAR_S2_PR_GUNW_023_065_D_129_025_3700_SH_20260618T174729_20260618T174801_20260712T174727_20260712T174800_P00500_M_F_I_001,ObsId_Track_Frame,STUCGUFED,NISAR_SSAR_W,5012,-17.62974356,W,41.40918732,247,F,Left,"[[""-21.7260269"", ""-80.25200137""], [""-8.423288976"", ""-81.05398618""], [""-12.0648238"", ""-82.91195908""], [""-27.9157732"", ""-81.94548106""], [""-21.7260269"", ""-80.25200137""]]",-81.61148342,1.4.00,ISRO,Copernicus GLO-30,23,2026193174408,5008,SSAR,"[[""-23.34291207"", ""-80.00666706""], [""-6.90136469"", ""-80.754406""], [""-9.281464919"", ""-83.10544646""], [""-30.22870613"", ""-82.12764665""], [""-23.34291207"", ""-80.00666706""]]",SAT_SEN_MODE,J,Y,2026-07-19 15:21:08,2026193174412_65_129,65,12-JUL-2026
NISAR_S2_PR_GUNW_024_051_D_129_025_3700_SH_20260629T182905_20260629T182938_20260711T182904_20260711T182937_P00500_M_F_I_001,NISAR_S2_PR_GUNW_024_051_D_129_025_3700_SH_20260629T182905_20260629T182938_20260711T182904_20260711T182937_P00500_M_F_I_001,NISAR_SSAR_GUNW,51,D,129,051_D_129,HH,129,2026192182628,NISAR,Descending,True,5.479336877,11-JUL-2026,2026-07-11T18:29:04Z,5.981670084,2026-07-13T03:00:20,NISAR_S2_PR_GUNW_024_051_D_129_025_3700_SH_20260629T182905_20260629T182938_20260711T182904_20260711T182937_P00500_M_F_I_001,ObsId_Track_Frame,STUCGUFED,NISAR_SSAR_W,4998,-28.05514632,W,41.47156525,247,F,Left,"[[""-32.20016955"", ""-80.24662669""], [""-18.67587996"", ""-81.0602516""], [""-22.26031794"", ""-82.92028229""], [""-38.3817193"", ""-81.94065246""], [""-32.20016955"", ""-80.24662669""]]",-81.62155084,1.4.00,ISRO,Copernicus GLO-30,24,2026192182600,4994,SSAR,"[[""-32.02918372"", ""-79.87954986""], [""-16.27715361"", ""-81.05693149""], [""-22.06505469"", ""-83.32169748""], [""-40.97265563"", ""-81.80717532""], [""-32.02918372"", ""-79.87954986""]]",SAT_SEN_MODE,J,Y,2026-07-13 03:08:05,2026192182628_51_129,51,11-JUL-2026
NISAR_S2_PR_GUNW_024_051_D_128_025_3700_SH_20260629T182831_20260629T182908_20260711T182830_20260711T182908_P00500_M_F_I_001,NISAR_S2_PR_GUNW_024_051_D_128_025_3700_SH_20260629T182831_20260629T182908_20260711T182830_20260711T182908_P00500_M_F_I_001,NISAR_SSAR_GUNW,51,D,128,051_D_128,HH,128,2026192182628,NISAR,Descending,True,5.479696602,11-JUL-2026,2026-07-11T18:28:30Z,5.987521368,2026-07-12T23:28:50,NISAR_S2_PR_GUNW_024_051_D_128_025_3700_SH_20260629T182831_20260629T182908_20260711T182830_20260711T182908_P00500_M_F_I_001,ObsId_Track_Frame,STUCGUFED,NISAR_SSAR_W,4998,-23.86143732,W,41.42736053,247,F,Left,"[[""-27.48445002"", ""-78.39469593""], [""-16.12760811"", ""-79.08090698""], [""-18.99064495"", ""-81.23870208""], [""-32.67763951"", ""-80.41519936""], [""-27.48445002"", ""-78.39469593""]]",-79.85316462,1.4.00,ISRO,Copernicus GLO-30,24,2026192182600,4994,SSAR,"[[""-27.62596287"", ""-78.03757""], [""-14.12860177"", ""-79.06446367""], [""-18.59223657"", ""-81.61757561""], [""-34.9696015"", ""-80.31019243""], [""-27.62596287"", ""-78.03757""]]",SAT_SEN_MODE,J,Y,2026-07-12 23:40:59,2026192182628_51_128,51,11-JUL-2026
NISAR_S2_PR_GUNW_024_051_D_127_025_3700_SH_20260629T182754_20260629T182834_20260711T182754_20260711T182833_P00500_M_F_I_001,NISAR_S2_PR_GUNW_024_051_D_127_025_3700_SH_20260629T182754_20260629T182834_20260711T182754_20260711T182833_P00500_M_F_I_001,NISAR_SSAR_GUNW,51,D,127,051_D_127,HH,127,2026192182628,NISAR,Descending,True,5.482122494,11-JUL-2026,2026-07-11T18:27:54Z,5.985126388,2026-07-12T22:34:53,NISAR_S2_PR_GUNW_024_051_D_127_025_3700_SH_20260629T182754_20260629T182834_20260711T182754_20260711T182833_P00500_M_F_I_001,ObsId_Track_Frame,STUCGUFED,NISAR_SSAR_W,4998,-20.6576112,W,41.42815018,247,F,Left,"[[""-23.95578853"", ""-76.38905361""], [""-14.23835639"", ""-76.98932062""], [""-16.42466701"", ""-79.25711061""], [""-27.93844527"", ""-78.55784507""], [""-23.95578853"", ""-76.38905361""]]",-77.85821514,1.4.00,ISRO,Copernicus GLO-30,24,2026192182600,4994,SSAR,"[[""-24.17708921"", ""-76.05463009""], [""-12.59483475"", ""-76.9563883""], [""-15.92035185"", ""-79.615158""], [""-29.81833215"", ""-78.49646849""], [""-24.17708921"", ""-76.05463009""]]",SAT_SEN_MODE,J,Y,2026-07-12 22:55:22,2026192182628_51_127,51,11-JUL-2026
NISAR_S2_PR_GUNW_024_051_D_126_025_3700_SH_20260629T182719_20260629T182758_20260711T182719_20260711T182757_P00500_M_F_I_001,NISAR_S2_PR_GUNW_024_051_D_126_025_3700_SH_20260629T182719_20260629T182758_20260711T182719_20260711T182757_P00500_M_F_I_001,NISAR_SSAR_GUNW,51,D,126,051_D_126,HH,126,2026192182628,NISAR,Descending,True,5.482891758,11-JUL-2026,2026-07-11T18:27:19Z,5.98778547,2026-07-13T00:14:08,NISAR_S2_PR_GUNW_024_051_D_126_025_3700_SH_20260629T182719_20260629T182758_20260711T182719_20260711T182757_P00500_M_F_I_001,ObsId_Track_Frame,STUCGUFED,NISAR_SSAR_W,4998,-18.2080597,W,41.42325592,247,F,Left,"[[""-21.31808933"", ""-74.39434841""], [""-12.78216674"", ""-74.93649609""], [""-14.38479329"", ""-77.17191433""], [""-24.20706406"", ""-76.56689832""], [""-21.31808933"", ""-74.39434841""]]",-75.81724137,1.4.00,ISRO,Copernicus GLO-30,24,2026192182600,4994,SSAR,"[[""-21.58566524"", ""-74.08590346""], [""-11.47165993"", ""-74.89106163""], [""-13.94079954"", ""-77.50518637""], [""-25.82425288"", ""-76.53611907""], [""-21.58566524"", ""-74.08590346""]]",SAT_SEN_MODE,J,Y,2026-07-13 00:26:15,2026192182628_51_126,51,11-JUL-2026
NISAR_S2_PR_GUNW_024_036_D_129_025_3700_SH_20260628T173049_20260628T173122_20260710T173049_20260710T173121_P00500_M_F_I_001,NISAR_S2_PR_GUNW_024_036_D_129_025_3700_SH_20260628T173049_20260628T173122_20260710T173049_20260710T173121_P00500_M_F_I_001,NISAR_SSAR_GUNW,36,D,129,036_D_129,HH,129,2026191172724,NISAR,Descending,True,5.565192617,11-JUL-2026,2026-07-10T17:30:49Z,5.956365861,2026-07-19T03:46:22,NISAR_S2_PR_GUNW_024_036_D_129_025_3700_SH_20260628T173049_20260628T173122_20260710T173049_20260710T173121_P00500_M_F_I_001,ObsId_Track_Frame,STUCGUFED,NISAR_SSAR_W,4983,-13.14018545,W,41.72679901,247,F,Left,"[[""-16.98272774"", ""-80.3015182""], [""-4.250800513"", ""-81.05479142""], [""-7.888667561"", ""-82.91289143""], [""-23.12811432"", ""-82.00104656""], [""-16.98272774"", ""-80.3015182""]]",-81.6320718,1.4.00,ISRO,Copernicus GLO-30,24,2026191172720,4979,SSAR,"[[""-20.02509328"", ""-79.9810439""], [""-2.854378078"", ""-80.5724189""], [""-3.901738843"", ""-83.09368382""], [""-26.49896611"", ""-82.30300521""], [""-20.02509328"", ""-79.9810439""]]",SAT_SEN_MODE,J,Y,2026-07-19 03:54:07,2026191172724_36_129,36,10-JUL-2026
NISAR_S2_PR_GUNW_024_008_D_129_025_3700_SH_20260626T185404_20260626T185436_20260708T185403_20260708T185436_P00500_M_F_I_001,NISAR_S2_PR_GUNW_024_008_D_129_025_3700_SH_20260626T185404_20260626T185436_20260708T185403_20260708T185436_P00500_M_F_I_001,NISAR_SSAR_GUNW,8,D,129,008_D_129,HH,129,2026189185152,NISAR,Descending,True,5.479111252,08-JUL-2026,2026-07-08T18:54:03Z,5.989123003,2026-07-15T20:39:59,NISAR_S2_PR_GUNW_024_008_D_129_025_3700_SH_20260626T185404_20260626T185436_20260708T185403_20260708T185436_P00500_M_F_I_001,ObsId_Track_Frame,STUCGUFED,NISAR_SSAR_W,4954,-34.31691214,W,41.44320679,247,F,Left,"[[""-38.32395592"", ""-80.25729635""], [""-25.09478173"", ""-81.05404141""], [""-28.70706431"", ""-82.91316696""], [""-44.55605842"", ""-81.9472858""], [""-38.32395592"", ""-80.25729635""]]",-81.62110292,1.4.00,ISRO,Copernicus GLO-30,24,2026189185124,4951,SSAR,"[[""-37.13427004"", ""-79.68650223""], [""-21.29938699"", ""-81.16893068""], [""-29.7958497"", ""-83.53878713""], [""-48.03968219"", ""-81.61977149""], [""-37.13427004"", ""-79.68650223""]]",SAT_SEN_MODE,J,Y,2026-07-15 20:49:06,2026189185152_8_129,8,08-JUL-2026
NISAR_S2_PR_GUNW_024_008_D_128_025_3700_SH_20260626T185329_20260626T185407_20260708T185329_20260708T185406_P00500_M_F_I_001,NISAR_S2_PR_GUNW_024_008_D_128_025_3700_SH_20260626T185329_20260626T185407_20260708T185329_20260708T185406_P00500_M_F_I_001,NISAR_SSAR_GUNW,8,D,128,008_D_128,HH,128,2026189185152,NISAR,Descending,True,5.4800409,08-JUL-2026,2026-07-08T18:53:29Z,5.996860533,2026-07-15T21:23:35,NISAR_S2_PR_GUNW_024_008_D_128_025_3700_SH_20260626T185329_20260626T185407_20260708T185329_20260708T185406_P00500_M_F_I_001,ObsId_Track_Frame,STUCGUFED,NISAR_SSAR_W,4954,-30.1340513,W,41.38100052,247,F,Left,"[[""-33.64756991"", ""-78.4001447""], [""-22.5065814"", ""-79.07445375""], [""-25.39807075"", ""-81.23201689""], [""-38.85586358"", ""-80.42021343""], [""-33.64756991"", ""-78.4001447""]]",-79.85062805,1.4.00,ISRO,Copernicus GLO-30,24,2026189185124,4951,SSAR,"[[""-33.00041345"", ""-77.82857597""], [""-19.2206829"", ""-79.18140144""], [""-25.94116535"", ""-81.84823844""], [""-42.18089405"", ""-80.11532873""], [""-33.00041345"", ""-77.82857597""]]",SAT_SEN_MODE,J,Y,2026-07-15 21:32:11,2026189185152_8_128,8,08-JUL-2026
NISAR_S2_PR_GUNW_024_008_D_127_025_3700_SH_20260626T185253_20260626T185332_20260708T185252_20260708T185332_P00500_M_F_I_001,NISAR_S2_PR_GUNW_024_008_D_127_025_3700_SH_20260626T185253_20260626T185332_20260708T185252_20260708T185332_P00500_M_F_I_001,NISAR_SSAR_GUNW,8,D,127,008_D_127,HH,127,2026189185152,NISAR,Descending,True,5.481899035,08-JUL-2026,2026-07-08T18:52:52Z,5.989405808,2026-07-15T17:08:26,NISAR_S2_PR_GUNW_024_008_D_127_025_3700_SH_20260626T185253_20260626T185332_20260708T185252_20260708T185332_P00500_M_F_I_001,ObsId_Track_Frame,STUCGUFED,NISAR_SSAR_W,4954,-26.92905332,W,41.40991211,247,F,Left,"[[""-30.17689895"", ""-76.39102265""], [""-20.55772372"", ""-76.98632726""], [""-22.76113272"", ""-79.25425625""], [""-34.06182251"", ""-78.56877212""], [""-30.17689895"", ""-76.39102265""]]",-77.85421928,1.4.00,ISRO,Copernicus GLO-30,24,2026189185124,4951,SSAR,"[[""-29.72833617"", ""-75.83786502""], [""-17.80596004"", ""-77.07243805""], [""-22.97309494"", ""-79.85547531""], [""-37.00589958"", ""-78.31384407""], [""-29.72833617"", ""-75.83786502""]]",SAT_SEN_MODE,J,Y,2026-07-15 17:22:42,2026189185152_8_127,8,08-JUL-2026
NISAR_S2_PR_GUNW_024_008_D_126_025_3700_SH_20260626T185218_20260626T185256_20260708T185217_20260708T185256_P00500_M_F_I_001,NISAR_S2_PR_GUNW_024_008_D_126_025_3700_SH_20260626T185218_20260626T185256_20260708T185217_20260708T185256_P00500_M_F_I_001,NISAR_SSAR_GUNW,8,D,126,008_D_126,HH,126,2026189185152,NISAR,Descending,True,5.482331828,08-JUL-2026,2026-07-08T18:52:17Z,5.99311161,2026-07-15T18:39:34,NISAR_S2_PR_GUNW_024_008_D_126_025_3700_SH_20260626T185218_20260626T185256_20260708T185217_20260708T185256_P00500_M_F_I_001,ObsId_Track_Frame,STUCGUFED,NISAR_SSAR_W,4954,-24.45742152,W,41.38954544,247,F,Left,"[[""-27.49770077"", ""-74.40057086""], [""-19.12387782"", ""-74.93307595""], [""-20.7081861"", ""-77.16946394""], [""-30.44914125"", ""-76.56783601""], [""-27.49770077"", ""-74.40057086""]]",-75.81837845,1.4.00,ISRO,Copernicus GLO-30,24,2026189185124,4951,SSAR,"[[""-27.26540258"", ""-73.8590161""], [""-16.80291852"", ""-74.99938547""], [""-20.76926809"", ""-77.74873448""], [""-32.91345776"", ""-76.36665739""], [""-27.26540258"", ""-73.8590161""]]",SAT_SEN_MODE,J,Y,2026-07-15 18:56:03,2026189185152_8_126,8,08-JUL-2026
NISAR_S2_PR_GUNW_026_008_D_125_028_3700_SH_20260720T185149_20260720T185219_20260813T185148_20260813T185218_P00500_M_P_I_001,NISAR_S2_PR_GUNW_026_008_D_125_028_3700_SH_20260720T185149_20260720T185219_20260813T185148_20260813T185218_P00500_M_P_I_001,NISAR_SSAR_GUNW,8,D,125,008_D_125,HH,125,2026225185152,NISAR,Descending,True,5.483209078,13-AUG-2026,2026-08-13T18:51:48Z,5.993467589,2026-08-16T11:40:46,NISAR_S2_PR_GUNW_026_008_D_125_028_3700_SH_20260720T185149_20260720T185219_20260813T185148_20260813T185218_P00500_M_P_I_001,ObsId_Track_Frame,STUCGUFED,NISAR_SSAR_W,5473,-22.79399346,W,41.39485931,247,P,Left,"[[""-25.89421324"", ""-72.85045867""], [""-18.12883223"", ""-73.35641852""], [""-19.18825426"", ""-75.11871588""], [""-27.79351011"", ""-74.57221863""], [""-25.89421324"", ""-72.85045867""]]",-74.01791946,1.4.00,ISRO,Copernicus GLO-30,26,2026225185124,5470,SSAR,"[[""-25.23972597"", ""-71.82536013""], [""-15.93329222"", ""-72.88784252""], [""-19.18550562"", ""-75.67458232""], [""-29.8800126"", ""-74.41048471""], [""-25.23972597"", ""-71.82536013""]]",SAT_SEN_MODE,J,Y,2026-08-16 11:51:09,2026225185152_8_125,8,13-AUG-2026
NISAR_S2_PR_GUNW_025_165_D_130_027_3700_SH_20260719T161623_20260719T161658_20260812T161622_20260812T161657_P00500_M_F_I_001,NISAR_S2_PR_GUNW_025_165_D_130_027_3700_SH_20260719T161623_20260719T161658_20260812T161622_20260812T161657_P00500_M_F_I_001,NISAR_SSAR_GUNW,165,D,130,165_D_130,HH,130,2026224161600,NISAR,Descending,True,5.479259471,13-AUG-2026,2026-08-12T16:16:22Z,5.991390861,2026-08-15T12:20:02,NISAR_S2_PR_GUNW_025_165_D_130_027_3700_SH_20260719T161623_20260719T161658_20260812T161622_20260812T161657_P00500_M_F_I_001,ObsId_Track_Frame,STUCGUFED,NISAR_SSAR_W,5460,-0.7271450379,W,41.36159515,247,F,Left,"[[""-4.391472319"", ""-81.7799948""], [""11.21397461"", ""-82.73223156""], [""5.023583299"", ""-84.67069311""], [""-14.00168312"", ""-83.44837731""], [""-4.391472319"", ""-81.7799948""]]",-83.24601972,1.4.00,ISRO,Copernicus GLO-30,25,2026224161228,5454,SSAR,"[[""-11.80829614"", ""-81.4984668""], [""10.80104"", ""-81.52818777""], [""17.12340031"", ""-84.60224931""], [""-18.65531612"", ""-84.55552754""], [""-11.80829614"", ""-81.4984668""]]",SAT_SEN_MODE,J,Y,2026-08-15 12:35:16,2026224161600_165_130,165,12-AUG-2026
NISAR_S2_PR_GUNW_025_165_D_129_027_3700_SH_20260719T161553_20260719T161626_20260812T161559_20260812T161625_P00500_M_F_I_001,NISAR_S2_PR_GUNW_025_165_D_129_027_3700_SH_20260719T161553_20260719T161626_20260812T161559_20260812T161625_P00500_M_F_I_001,NISAR_SSAR_GUNW,165,D,129,165_D_129,HH,129,2026224161600,NISAR,Descending,True,5.480681196,13-AUG-2026,2026-08-12T16:15:59Z,5.992192413,2026-08-15T12:04:31,NISAR_S2_PR_GUNW_025_165_D_129_027_3700_SH_20260719T161553_20260719T161626_20260812T161559_20260812T161625_P00500_M_F_I_001,ObsId_Track_Frame,STUCGUFED,NISAR_SSAR_W,5460,5.151639999,W,41.38912201,247,F,Left,"[[""1.152529927"", ""-80.24961257""], [""14.40326991"", ""-81.05030803""], [""10.72667524"", ""-82.90627666""], [""-5.117198358"", ""-81.9349885""], [""1.152529927"", ""-80.24961257""]]",-81.60578126,1.4.00,ISRO,Copernicus GLO-30,25,2026224161228,5454,SSAR,"[[""-5.049166468"", ""-80.0850579""], [""13.69283439"", ""-79.83586321""], [""19.46330924"", ""-82.77010878""], [""-7.30295298"", ""-83.1266666""], [""-5.049166468"", ""-80.0850579""]]",SAT_SEN_MODE,J,Y,2026-08-15 12:16:16,2026224161600_165_129,165,12-AUG-2026
NISAR_S2_PR_GUNW_025_107_D_131_026_3700_SH_20260715T154337_20260715T154410_20260727T154336_20260727T154410_P00500_M_P_I_001,NISAR_S2_PR_GUNW_025_107_D_131_026_3700_SH_20260715T154337_20260715T154410_20260727T154336_20260727T154410_P00500_M_P_I_001,NISAR_SSAR_GUNW,107,D,131,107_D_131,HH,131,2026208153920,NISAR,Descending,True,5.478511925,10-AUG-2026,2026-07-27T15:43:36Z,5.992002136,2026-08-10T20:16:04,NISAR_S2_PR_GUNW_025_107_D_131_026_3700_SH_20260715T154337_20260715T154410_20260727T154336_20260727T154410_P00500_M_P_I_001,ObsId_Track_Frame,STUCGUFED,NISAR_SSAR_W,5416,-1.862533818,W,41.31580353,247,P,Left,"[[""-4.599425477"", ""-83.3084286""], [""14.06041548"", ""-84.49789616""], [""3.185821012"", ""-86.25058706""], [""-18.32186653"", ""-84.67018744""], [""-4.599425477"", ""-83.3084286""]]",-84.78958966,1.4.00,ISRO,Copernicus GLO-30,25,2026208153856,5223,SSAR,"[[""-14.99043129"", ""-82.96318861""], [""12.51699293"", ""-83.03698823""], [""22.85259024"", ""-86.11105718""], [""-26.94504709"", ""-85.97999688""], [""-14.99043129"", ""-82.96318861""]]",SAT_SEN_MODE,J,Y,2026-08-10 20:27:09,2026208153920_107_131,107,27-JUL-2026
NISAR_S2_PR_GUNW_025_107_D_130_026_3700_SH_20260715T154305_20260715T154340_20260727T154305_20260727T154340_P00500_M_F_I_001,NISAR_S2_PR_GUNW_025_107_D_130_026_3700_SH_20260715T154305_20260715T154340_20260727T154305_20260727T154340_P00500_M_F_I_001,NISAR_SSAR_GUNW,107,D,130,107_D_130,HH,130,2026208153920,NISAR,Descending,True,5.479959839,10-AUG-2026,2026-07-27T15:43:05Z,5.992961539,2026-08-10T21:50:44,NISAR_S2_PR_GUNW_025_107_D_130_026_3700_SH_20260715T154305_20260715T154340_20260727T154305_20260727T154340_P00500_M_F_I_001,ObsId_Track_Frame,STUCGUFED,NISAR_SSAR_W,5416,7.581410472,W,41.35887527,247,F,Left,"[[""3.942075012"", ""-81.7790358""], [""19.52212781"", ""-82.73005177""], [""13.32305265"", ""-84.6681152""], [""-5.669909624"", ""-83.4470994""], [""3.942075012"", ""-81.7790358""]]",-83.24489082,1.4.00,ISRO,Copernicus GLO-30,25,2026208153856,5223,SSAR,"[[""-5.444627228"", ""-81.63355332""], [""17.33588404"", ""-81.27626057""], [""27.34372266"", ""-84.33469448""], [""-8.972626615"", ""-84.90459087""], [""-5.444627228"", ""-81.63355332""]]",SAT_SEN_MODE,J,Y,2026-08-10 22:07:40,2026208153920_107_130,107,27-JUL-2026
NISAR_S2_PR_GUNW_025_094_D_127_026_3700_SH_20260714T180255_20260714T180335_20260726T180255_20260726T180334_P00500_M_F_I_001,NISAR_S2_PR_GUNW_025_094_D_127_026_3700_SH_20260714T180255_20260714T180335_20260726T180255_20260726T180334_P00500_M_F_I_001,NISAR_SSAR_GUNW,94,D,127,094_D_127,HH,127,2026207180100,NISAR,Descending,True,5.482044504,27-JUL-2026,2026-07-26T18:02:55Z,5.99143587,2026-07-28T02:53:06,NISAR_S2_PR_GUNW_025_094_D_127_026_3700_SH_20260714T180255_20260714T180335_20260726T180255_20260726T180334_P00500_M_F_I_001,ObsId_Track_Frame,STUCGUFED,NISAR_SSAR_W,5215,-14.4210679,W,41.3643837,247,F,Left,"[[""-17.72481385"", ""-76.38982724""], [""-8.092441105"", ""-76.98703359""], [""-10.29256878"", ""-79.255113""], [""-21.66405764"", ""-78.56302175""], [""-17.72481385"", ""-76.38982724""]]",-77.84724904,1.4.00,ISRO,Copernicus GLO-30,25,2026207180048,5210,SSAR,"[[""-18.59083176"", ""-76.20035074""], [""-7.10012215"", ""-76.8139948""], [""-8.885083962"", ""-79.43160687""], [""-22.88713195"", ""-78.67076374""], [""-18.59083176"", ""-76.20035074""]]",SAT_SEN_MODE,J,Y,2026-07-28 03:06:11,2026207180100_94_127,94,26-JUL-2026
NISAR_S2_PR_GUNW_025_094_D_126_026_3700_SH_20260714T180220_20260714T180259_20260726T180220_20260726T180258_P00500_M_F_I_001,NISAR_S2_PR_GUNW_025_094_D_126_026_3700_SH_20260714T180220_20260714T180259_20260726T180220_20260726T180258_P00500_M_F_I_001,NISAR_SSAR_GUNW,94,D,126,094_D_126,HH,126,2026207180100,NISAR,Descending,True,5.483917776,27-JUL-2026,2026-07-26T18:02:20Z,5.988057272,2026-07-28T02:47:14,NISAR_S2_PR_GUNW_025_094_D_126_026_3700_SH_20260714T180220_20260714T180259_20260726T180220_20260726T180258_P00500_M_F_I_001,ObsId_Track_Frame,STUCGUFED,NISAR_SSAR_W,5215,-11.97038177,W,41.38592148,247,F,Left,"[[""-15.09425272"", ""-74.39338408""], [""-6.618961522"", ""-74.93368349""], [""-8.274917694"", ""-77.16710245""], [""-18.00264621"", ""-76.56431321""], [""-15.09425272"", ""-74.39338408""]]",-75.80554537,1.4.00,ISRO,Copernicus GLO-30,25,2026207180048,5210,SSAR,"[[""-15.93226295"", ""-74.21205513""], [""-5.772114159"", ""-74.73505825""], [""-6.973195664"", ""-77.33196212""], [""-19.05526176"", ""-76.70203549""], [""-15.93226295"", ""-74.21205513""]]",SAT_SEN_MODE,J,Y,2026-07-28 03:03:19,2026207180100_94_126,94,26-JUL-2026
NISAR_S2_PR_GUNW_025_094_D_125_026_3700_SH_20260714T180144_20260714T180223_20260726T180143_20260726T180223_P00500_M_F_I_001,NISAR_S2_PR_GUNW_025_094_D_125_026_3700_SH_20260714T180144_20260714T180223_20260726T180143_20260726T180223_P00500_M_F_I_001,NISAR_SSAR_GUNW,94,D,125,094_D_125,HH,125,2026207180100,NISAR,Descending,True,5.485164296,27-JUL-2026,2026-07-26T18:01:43Z,5.992891173,2026-07-28T03:03:58,NISAR_S2_PR_GUNW_025_094_D_125_026_3700_SH_20260714T180144_20260714T180223_20260726T180143_20260726T180223_P00500_M_F_I_001,ObsId_Track_Frame,STUCGUFED,NISAR_SSAR_W,5215,-10.08221297,W,41.35291672,247,F,Left,"[[""-12.93850058"", ""-72.33759339""], [""-5.409320039"", ""-72.83371674""], [""-6.74104774"", ""-75.11623534""], [""-15.30661639"", ""-74.57149579""], [""-12.93850058"", ""-72.33759339""]]",-73.74920008,1.4.00,ISRO,Copernicus GLO-30,25,2026207180048,5210,SSAR,"[[""-13.7545052"", ""-72.16295467""], [""-4.686253922"", ""-72.60960196""], [""-5.549779423"", ""-75.27787983""], [""-16.18000433"", ""-74.74850505""], [""-13.7545052"", ""-72.16295467""]]",SAT_SEN_MODE,J,Y,2026-07-28 03:13:19,2026207180100_94_125,94,26-JUL-2026
NISAR_S2_PR_GUNW_024_079_D_129_026_3700_SH_20260701T170551_20260701T170623_20260725T170550_20260725T170622_P00500_P_F_I_001,NISAR_S2_PR_GUNW_024_079_D_129_026_3700_SH_20260701T170551_20260701T170623_20260725T170550_20260725T170622_P00500_P_F_I_001,NISAR_SSAR_GUNW,79,D,129,079_D_129,HH,129,2026206170232,NISAR,Descending,True,5.479952456,25-JUL-2026,2026-07-25T17:05:50Z,5.992064411,2026-07-27T07:48:01,NISAR_S2_PR_GUNW_024_079_D_129_026_3700_SH_20260701T170551_20260701T170623_20260725T170550_20260725T170622_P00500_P_F_I_001,ObsId_Track_Frame,STUCGUFED,NISAR_SSAR_W,5199,-7.295241987,W,41.36476135,247,F,Left,"[[""-11.3622815"", ""-80.24814324""], [""1.981045392"", ""-81.05366359""], [""-1.673336455"", ""-82.91114565""], [""-17.61892652"", ""-81.93544116""], [""-11.3622815"", ""-80.24814324""]]",-81.60764538,1.4.00,ISRO,Copernicus GLO-30,24,2026206170228,5195,SSAR,"[[""-15.06287395"", ""-79.97801708""], [""2.932670838"", ""-80.30812704""], [""4.08561678"", ""-83.03255826""], [""-20.56800426"", ""-82.5782824""], [""-15.06287395"", ""-79.97801708""]]",SAT_SEN_MODE,J,Y,2026-07-27 07:57:51,2026206170232_79_129,79,25-JUL-2026
NISAR_S2_PR_GUNW_024_079_D_127_026_3700_SH_20260701T170440_20260701T170519_20260725T170439_20260725T170518_P00500_P_F_I_001,NISAR_S2_PR_GUNW_024_079_D_127_026_3700_SH_20260701T170440_20260701T170519_20260725T170439_20260725T170518_P00500_P_F_I_001,NISAR_SSAR_GUNW,79,D,127,079_D_127,HH,127,2026206170232,NISAR,Descending,True,5.483431365,25-JUL-2026,2026-07-25T17:04:39Z,5.993849849,2026-07-27T02:32:50,NISAR_S2_PR_GUNW_024_079_D_127_026_3700_SH_20260701T170440_20260701T170519_20260725T170439_20260725T170518_P00500_P_F_I_001,ObsId_Track_Frame,STUCGUFED,NISAR_SSAR_W,5199,0.1043173183,W,41.36364746,247,F,Left,"[[""-3.142642296"", ""-76.38895253""], [""6.436837376"", ""-76.98343233""], [""4.23233791"", ""-79.25136061""], [""-7.111591429"", ""-78.55956105""], [""-3.142642296"", ""-76.38895253""]]",-77.84301305,1.4.00,ISRO,Copernicus GLO-30,24,2026206170228,5195,SSAR,"[[""-6.561012779"", ""-76.20343238""], [""6.88734633"", ""-76.1942505""], [""8.910132847"", ""-79.29119075""], [""-8.49051138"", ""-79.30311902""], [""-6.561012779"", ""-76.20343238""]]",SAT_SEN_MODE,J,Y,2026-07-27 02:47:07,2026206170232_79_127,79,25-JUL-2026
NISAR_S2_PR_GUNW_024_079_D_126_026_3700_SH_20260701T170405_20260701T170443_20260725T170404_20260725T170442_P00500_P_F_I_001,NISAR_S2_PR_GUNW_024_079_D_126_026_3700_SH_20260701T170405_20260701T170443_20260725T170404_20260725T170442_P00500_P_F_I_001,NISAR_SSAR_GUNW,79,D,126,079_D_126,HH,126,2026206170232,NISAR,Descending,True,5.485187068,25-JUL-2026,2026-07-25T17:04:04Z,5.993475658,2026-07-27T02:21:07,NISAR_S2_PR_GUNW_024_079_D_126_026_3700_SH_20260701T170405_20260701T170443_20260725T170404_20260725T170442_P00500_P_F_I_001,ObsId_Track_Frame,STUCGUFED,NISAR_SSAR_W,5199,2.536516538,W,41.38923645,247,F,Left,"[[""-0.5036912706"", ""-74.39465334""], [""7.894710159"", ""-74.93067777""], [""6.235451543"", ""-77.16403698""], [""-3.475672201"", ""-76.56016661""], [""-0.5036912706"", ""-74.39465334""]]",-75.80142522,1.4.00,ISRO,Copernicus GLO-30,24,2026206170228,5195,SSAR,"[[""-3.547940538"", ""-74.24781316""], [""8.200659486"", ""-74.11719411""], [""10.1993295"", ""-77.17805923""], [""-4.426202927"", ""-77.34163342""], [""-3.547940538"", ""-74.24781316""]]",SAT_SEN_MODE,J,Y,2026-07-27 02:33:06,2026206170232_79_126,79,25-JUL-2026
NISAR_S2_PR_GUNW_025_065_D_128_026_3700_SH_20260712T174653_20260712T174730_20260724T174652_20260724T174730_P00500_M_F_I_001,NISAR_S2_PR_GUNW_025_065_D_128_026_3700_SH_20260712T174653_20260712T174730_20260724T174652_20260724T174730_P00500_M_F_I_001,NISAR_SSAR_GUNW,65,D,128,065_D_128,HH,128,2026205174412,NISAR,Descending,True,5.481234446,25-JUL-2026,2026-07-24T17:46:52Z,5.991547063,2026-07-26T08:25:22,NISAR_S2_PR_GUNW_025_065_D_128_026_3700_SH_20260712T174653_20260712T174730_20260724T174652_20260724T174730_P00500_M_F_I_001,ObsId_Track_Frame,STUCGUFED,NISAR_SSAR_W,5185,-13.50910335,W,41.37324905,247,F,Left,"[[""-17.0609827"", ""-78.39636727""], [""-5.884757686"", ""-79.07467716""], [""-8.796919367"", ""-81.23078746""], [""-22.24827067"", ""-80.41738256""], [""-17.0609827"", ""-78.39636727""]]",-79.83784936,1.4.00,ISRO,Copernicus GLO-30,25,2026205174408,5181,SSAR,"[[""-18.76835376"", ""-78.15671701""], [""-4.679855575"", ""-78.74520362""], [""-6.150003032"", ""-81.41759421""], [""-24.09833875"", ""-80.6554184""], [""-18.76835376"", ""-78.15671701""]]",SAT_SEN_MODE,J,Y,2026-07-26 08:47:13,2026205174412_65_128,65,24-JUL-2026
NISAR_S2_PR_GUNW_025_065_D_127_026_3700_SH_20260712T174617_20260712T174656_20260724T174616_20260724T174655_P00500_M_F_I_001,NISAR_S2_PR_GUNW_025_065_D_127_026_3700_SH_20260712T174617_20260712T174656_20260724T174616_20260724T174655_P00500_M_F_I_001,NISAR_SSAR_GUNW,65,D,127,065_D_127,HH,127,2026205174412,NISAR,Descending,True,5.482434599,25-JUL-2026,2026-07-24T17:46:16Z,5.992803777,2026-07-26T08:22:35,NISAR_S2_PR_GUNW_025_065_D_127_026_3700_SH_20260712T174617_20260712T174656_20260724T174616_20260724T174655_P00500_M_F_I_001,ObsId_Track_Frame,STUCGUFED,NISAR_SSAR_W,5185,-10.27145501,W,41.39829636,247,F,Left,"[[""-13.53747775"", ""-76.39074181""], [""-3.942876502"", ""-76.98536927""], [""-6.137889358"", ""-79.25364746""], [""-17.50542325"", ""-78.56147836""], [""-13.53747775"", ""-76.39074181""]]",-77.84539492,1.4.00,ISRO,Copernicus GLO-30,25,2026205174408,5181,SSAR,"[[""-15.14967235"", ""-76.16961722""], [""-2.969697924"", ""-76.62822827""], [""-3.761684693"", ""-79.42333881""], [""-18.93931894"", ""-78.8454951""], [""-15.14967235"", ""-76.16961722""]]",SAT_SEN_MODE,J,Y,2026-07-26 08:44:43,2026205174412_65_127,65,24-JUL-2026
NISAR_S2_PR_GUNW_025_065_D_126_026_3700_SH_20260712T174541_20260712T174620_20260724T174541_20260724T174619_P00500_M_F_I_001,NISAR_S2_PR_GUNW_025_065_D_126_026_3700_SH_20260712T174541_20260712T174620_20260724T174541_20260724T174619_P00500_M_F_I_001,NISAR_SSAR_GUNW,65,D,126,065_D_126,HH,126,2026205174412,NISAR,Descending,True,5.569743863,25-JUL-2026,2026-07-24T17:45:41Z,5.991096712,2026-07-26T08:13:00,NISAR_S2_PR_GUNW_025_065_D_126_026_3700_SH_20260712T174541_20260712T174620_20260724T174541_20260724T174619_P00500_M_F_I_001,ObsId_Track_Frame,STUCGUFED,NISAR_SSAR_W,5185,-7.837415772,W,41.34968185,247,F,Left,"[[""-10.93988498"", ""-74.39281154""], [""-2.482645402"", ""-74.93265848""], [""-4.140430239"", ""-77.16603993""], [""-13.866028"", ""-76.56224021""], [""-10.93988498"", ""-74.39281154""]]",-75.80324116,1.4.00,ISRO,Copernicus GLO-30,25,2026205174408,5181,SSAR,"[[""-12.39156327"", ""-74.19364674""], [""-1.661698198"", ""-74.55113373""], [""-2.02943383"", ""-77.32535908""], [""-15.0224365"", ""-76.88871937""], [""-12.39156327"", ""-74.19364674""]]",SAT_SEN_MODE,J,Y,2026-07-26 08:24:04,2026205174412_65_126,65,24-JUL-2026
NISAR_S2_PR_GUNW_025_065_D_125_026_3700_SH_20260712T174505_20260712T174545_20260724T174505_20260724T174544_P00500_M_F_I_001,NISAR_S2_PR_GUNW_025_065_D_125_026_3700_SH_20260712T174505_20260712T174545_20260724T174505_20260724T174544_P00500_M_F_I_001,NISAR_SSAR_GUNW,65,D,125,065_D_125,HH,125,2026205174412,NISAR,Descending,True,5.485628358,25-JUL-2026,2026-07-24T17:45:05Z,5.993168132,2026-07-26T08:10:49,NISAR_S2_PR_GUNW_025_065_D_125_026_3700_SH_20260712T174505_20260712T174545_20260724T174505_20260724T174544_P00500_M_F_I_001,ObsId_Track_Frame,STUCGUFED,NISAR_SSAR_W,5185,-5.957334376,W,41.35864639,247,F,Left,"[[""-8.760700108"", ""-72.33905703""], [""-1.311167674"", ""-72.83089619""], [""-2.631243093"", ""-75.11406352""], [""-11.14585598"", ""-74.57147219""], [""-8.760700108"", ""-72.33905703""]]",-73.74716258,1.4.00,ISRO,Copernicus GLO-30,25,2026205174408,5181,SSAR,"[[""-10.16325916"", ""-72.15129566""], [""-0.6003828997"", ""-72.42617639""], [""-0.7174409565"", ""-75.26023106""], [""-12.09125714"", ""-74.93063368""], [""-10.16325916"", ""-72.15129566""]]",SAT_SEN_MODE,J,Y,2026-07-26 08:21:19,2026205174412_65_125,65,24-JUL-2026
NISAR_S2_PR_GUNW_025_051_D_125_026_3700_SH_20260711T182642_20260711T182722_20260723T182642_20260723T182721_P00500_M_F_I_001,NISAR_S2_PR_GUNW_025_051_D_125_026_3700_SH_20260711T182642_20260711T182722_20260723T182642_20260723T182721_P00500_M_F_I_001,NISAR_SSAR_GUNW,51,D,125,051_D_125,HH,125,2026204182628,NISAR,Descending,True,5.483908403,23-JUL-2026,2026-07-23T18:26:42Z,5.998815329,2026-07-26T13:10:06,NISAR_S2_PR_GUNW_025_051_D_125_026_3700_SH_20260711T182642_20260711T182722_20260723T182642_20260723T182721_P00500_M_F_I_001,ObsId_Track_Frame,STUCGUFED,NISAR_SSAR_W,5171,-16.33284718,W,41.34276962,247,F,Left,"[[""-19.14024153"", ""-72.3414606""], [""-11.65436177"", ""-72.83394181""], [""-12.96745196"", ""-75.1172738""], [""-21.53556602"", ""-74.57301274""], [""-19.14024153"", ""-72.3414606""]]",-73.76171065,1.4.00,ISRO,Copernicus GLO-30,25,2026204182600,5167,SSAR,"[[""-19.47729961"", ""-72.05688578""], [""-10.50264018"", ""-72.78461133""], [""-12.45854066"", ""-75.42402433""], [""-22.8550062"", ""-74.56443933""], [""-19.47729961"", ""-72.05688578""]]",SAT_SEN_MODE,J,Y,2026-07-26 13:21:04,2026204182628_51_125,51,23-JUL-2026
NISAR_S2_PR_GUNW_025_036_D_128_026_3700_SH_20260710T173014_20260710T173052_20260722T173014_20260722T173051_P00500_M_F_I_001,NISAR_S2_PR_GUNW_025_036_D_128_026_3700_SH_20260710T173014_20260710T173052_20260722T173014_20260722T173051_P00500_M_F_I_001,NISAR_SSAR_GUNW,36,D,128,036_D_128,HH,128,2026203172724,NISAR,Descending,True,5.480922511,23-JUL-2026,2026-07-22T17:30:14Z,5.991960244,2026-07-27T12:54:55,NISAR_S2_PR_GUNW_025_036_D_128_026_3700_SH_20260710T173014_20260710T173052_20260722T173014_20260722T173051_P00500_M_F_I_001,ObsId_Track_Frame,STUCGUFED,NISAR_SSAR_W,5156,-9.368689164,W,41.39844513,247,F,Left,"[[""-12.91897259"", ""-78.39426327""], [""-1.736307505"", ""-79.07375212""], [""-4.651705821"", ""-81.229734""], [""-18.10589084"", ""-80.41523752""], [""-12.91897259"", ""-78.39426327""]]",-79.83622915,1.4.00,ISRO,Copernicus GLO-30,25,2026203172720,5152,SSAR,"[[""-15.40625024"", ""-78.14254077""], [""-0.6619668417"", ""-78.56510283""], [""-0.8807266214"", ""-81.39329632""], [""-20.1350094"", ""-80.8363491""], [""-15.40625024"", ""-78.14254077""]]",SAT_SEN_MODE,J,Y,2026-07-27 13:25:27,2026203172724_36_128,36,22-JUL-2026
NISAR_S2_PR_GUNW_025_036_D_127_026_3700_SH_20260710T172938_20260710T173017_20260722T172937_20260722T173017_P00500_M_F_I_001,NISAR_S2_PR_GUNW_025_036_D_127_026_3700_SH_20260710T172938_20260710T173017_20260722T172937_20260722T173017_P00500_M_F_I_001,NISAR_SSAR_GUNW,36,D,127,036_D_127,HH,127,2026203172724,NISAR,Descending,True,5.566903897,23-JUL-2026,2026-07-22T17:29:37Z,5.992952264,2026-07-27T12:54:37,NISAR_S2_PR_GUNW_025_036_D_127_026_3700_SH_20260710T172938_20260710T173017_20260722T172937_20260722T173017_P00500_M_F_I_001,ObsId_Track_Frame,STUCGUFED,NISAR_SSAR_W,5156,-6.124403672,W,41.38401031,247,F,Left,"[[""-9.371690633"", ""-76.39100589""], [""0.2010220267"", ""-76.98457558""], [""-1.998496423"", ""-79.2526904""], [""-13.34601269"", ""-78.56118672""], [""-9.371690633"", ""-76.39100589""]]",-77.84463352,1.4.00,ISRO,Copernicus GLO-30,25,2026203172720,5152,SSAR,"[[""-11.71703849"", ""-76.16414623""], [""1.031993469"", ""-76.44767136""], [""1.320603378"", ""-79.39061893""], [""-14.86473994"", ""-79.02828843""], [""-11.71703849"", ""-76.16414623""]]",SAT_SEN_MODE,J,Y,2026-07-27 13:26:04,2026203172724_36_127,36,22-JUL-2026
NISAR_S2_PR_GUNW_025_036_D_126_026_3700_SH_20260710T172903_20260710T172941_20260722T172902_20260722T172941_P00500_M_F_I_001,NISAR_S2_PR_GUNW_025_036_D_126_026_3700_SH_20260710T172903_20260710T172941_20260722T172902_20260722T172941_P00500_M_F_I_001,NISAR_SSAR_GUNW,36,D,126,036_D_126,HH,126,2026203172724,NISAR,Descending,True,5.48483255,23-JUL-2026,2026-07-22T17:29:02Z,5.992927097,2026-07-27T12:57:26,NISAR_S2_PR_GUNW_025_036_D_126_026_3700_SH_20260710T172903_20260710T172941_20260722T172902_20260722T172941_P00500_M_F_I_001,ObsId_Track_Frame,STUCGUFED,NISAR_SSAR_W,5156,-3.693304752,W,41.37207413,247,F,Left,"[[""-6.729565263"", ""-74.39660767""], [""1.660573102"", ""-74.93155608""], [""0.002386375506"", ""-77.16494177""], [""-9.712302162"", ""-76.56121199""], [""-6.729565263"", ""-74.39660767""]]",-75.80285279,1.4.00,ISRO,Copernicus GLO-30,25,2026203172720,5152,SSAR,"[[""-8.849682482"", ""-74.20246021""], [""2.343709053"", ""-74.37536809""], [""2.88616893"", ""-77.28449954""], [""-10.85680681"", ""-77.07091596""], [""-8.849682482"", ""-74.20246021""]]",SAT_SEN_MODE,J,Y,2026-07-27 13:24:39,2026203172724_36_126,36,22-JUL-2026
NISAR_S2_PR_GUNW_025_036_D_125_026_3700_SH_20260710T172827_20260710T172906_20260722T172826_20260722T172905_P00500_M_F_I_001,NISAR_S2_PR_GUNW_025_036_D_125_026_3700_SH_20260710T172827_20260710T172906_20260722T172826_20260722T172905_P00500_M_F_I_001,NISAR_SSAR_GUNW,36,D,125,036_D_125,HH,125,2026203172724,NISAR,Descending,True,5.485978818,23-JUL-2026,2026-07-22T17:28:26Z,5.990121266,2026-07-27T13:20:12,NISAR_S2_PR_GUNW_025_036_D_125_026_3700_SH_20260710T172827_20260710T172906_20260722T172826_20260722T172905_P00500_M_F_I_001,ObsId_Track_Frame,STUCGUFED,NISAR_SSAR_W,5156,-1.774023966,W,41.4008522,247,F,Left,"[[""-4.617731838"", ""-72.33742136""], [""2.876332551"", ""-72.83208404""], [""1.532425843"", ""-75.11414855""], [""-6.96123101"", ""-74.5733887""], [""-4.617731838"", ""-72.33742136""]]",-73.74673812,1.4.00,ISRO,Copernicus GLO-30,25,2026203172720,5152,SSAR,"[[""-6.582751604"", ""-72.16236288""], [""3.418801495"", ""-72.24704867""], [""4.116558937"", ""-75.21711749""], [""-7.914840576"", ""-75.11455721""], [""-6.582751604"", ""-72.16236288""]]",SAT_SEN_MODE,J,Y,2026-07-27 13:42:30,2026203172724_36_125,36,22-JUL-2026
NISAR_S2_PR_GUNW_024_165_D_130_025_3700_SH_20260707T161624_20260707T161658_20260719T161623_20260719T161658_P00500_M_F_I_001,NISAR_S2_PR_GUNW_024_165_D_130_025_3700_SH_20260707T161624_20260707T161658_20260719T161623_20260719T161658_P00500_M_F_I_001,NISAR_SSAR_GUNW,165,D,130,165_D_130,HH,130,2026200161232,NISAR,Descending,True,5.479292351,20-JUL-2026,2026-07-19T16:16:23Z,5.990812969,2026-07-21T19:31:48,NISAR_S2_PR_GUNW_024_165_D_130_025_3700_SH_20260707T161624_20260707T161658_20260719T161623_20260719T161658_P00500_M_F_I_001,ObsId_Track_Frame,STUCGUFED,NISAR_SSAR_W,5113,-0.7275495515,W,41.36459732,247,F,Left,"[[""-4.391507512"", ""-81.78059971""], [""11.21367079"", ""-82.73275022""], [""5.022574477"", ""-84.671201""], [""-14.00248006"", ""-83.44897952""], [""-4.391507512"", ""-81.78059971""]]",-83.24656996,1.4.00,ISRO,Copernicus GLO-30,24,2026200161228,5108,SSAR,"[[""-11.80829614"", ""-81.4984668""], [""10.80104"", ""-81.52818777""], [""17.12340031"", ""-84.60224931""], [""-18.65531612"", ""-84.55552754""], [""-11.80829614"", ""-81.4984668""]]",SAT_SEN_MODE,J,Y,2026-07-21 20:02:06,2026200161232_165_130,165,19-JUL-2026
NISAR_S2_PR_GUNW_023_122_D_129_025_3700_SH_20260622T164053_20260622T164126_20260716T164052_20260716T164124_P00500_M_F_I_001,NISAR_S2_PR_GUNW_023_122_D_129_025_3700_SH_20260622T164053_20260622T164126_20260716T164052_20260716T164124_P00500_M_F_I_001,NISAR_SSAR_GUNW,122,D,129,122_D_129,HH,129,2026197163736,NISAR,Descending,True,5.480723168,16-JUL-2026,2026-07-16T16:40:52Z,5.989634835,2026-07-18T10:16:00,NISAR_S2_PR_GUNW_023_122_D_129_025_3700_SH_20260622T164053_20260622T164126_20260716T164052_20260716T164124_P00500_M_F_I_001,ObsId_Track_Frame,STUCGUFED,NISAR_SSAR_W,5070,-1.042118206,W,41.37219238,247,F,Left,"[[""-5.070599147"", ""-80.25137773""], [""8.207288551"", ""-81.05218237""], [""4.544702914"", ""-82.90934675""], [""-11.32592352"", ""-81.93892853""], [""-5.070599147"", ""-80.25137773""]]",-81.60801398,1.4.00,ISRO,Copernicus GLO-30,23,2026197163720,5065,SSAR,"[[""-10.06731721"", ""-80.01641935""], [""8.415797259"", ""-80.062911""], [""11.8776152"", ""-82.92552551""], [""-14.1650557"", ""-82.86005952""], [""-10.06731721"", ""-80.01641935""]]",SAT_SEN_MODE,J,Y,2026-07-18 10:32:04,2026197163736_122_129,122,16-JUL-2026
NISAR_S2_PR_GUNW_024_107_D_130_025_3700_SH_20260703T154306_20260703T154341_20260715T154305_20260715T154340_P00500_M_F_I_001,NISAR_S2_PR_GUNW_024_107_D_130_025_3700_SH_20260703T154306_20260703T154341_20260715T154305_20260715T154340_P00500_M_F_I_001,NISAR_SSAR_GUNW,107,D,130,107_D_130,HH,130,2026196153920,NISAR,Descending,True,5.563902998,16-JUL-2026,2026-07-15T15:43:05Z,5.970240515,2026-07-17T22:04:24,NISAR_S2_PR_GUNW_024_107_D_130_025_3700_SH_20260703T154306_20260703T154341_20260715T154305_20260715T154340_P00500_M_F_I_001,ObsId_Track_Frame,STUCGUFED,NISAR_SSAR_W,5055,7.912569842,W,41.59658051,247,F,Left,"[[""4.653138804"", ""-81.84254313""], [""19.28526418"", ""-82.72213315""], [""13.01121801"", ""-84.65728565""], [""-4.876417028"", ""-83.52573582""], [""4.653138804"", ""-81.84254313""]]",-83.26679775,1.4.00,ISRO,Copernicus GLO-30,24,2026196153856,5050,SSAR,"[[""-5.444627228"", ""-81.63355332""], [""17.33588404"", ""-81.27626057""], [""27.34372266"", ""-84.33469448""], [""-8.972626615"", ""-84.90459087""], [""-5.444627228"", ""-81.63355332""]]",SAT_SEN_MODE,J,Y,2026-07-17 22:22:03,2026196153920_107_130,107,15-JUL-2026
NISAR_S2_PR_GUNW_023_094_D_127_025_3700_SH_20260620T180257_20260620T180336_20260714T180255_20260714T180335_P00500_M_F_I_001,NISAR_S2_PR_GUNW_023_094_D_127_025_3700_SH_20260620T180257_20260620T180336_20260714T180255_20260714T180335_P00500_M_F_I_001,NISAR_SSAR_GUNW,94,D,127,094_D_127,HH,127,2026195180100,NISAR,Descending,True,5.482633259,15-JUL-2026,2026-07-14T18:02:55Z,5.99323602,2026-07-19T21:28:08,NISAR_S2_PR_GUNW_023_094_D_127_025_3700_SH_20260620T180257_20260620T180336_20260714T180255_20260714T180335_P00500_M_F_I_001,ObsId_Track_Frame,STUCGUFED,NISAR_SSAR_W,5042,-14.43359212,W,41.37081146,247,F,Left,"[[""-17.71251233"", ""-76.38861121""], [""-8.130005978"", ""-76.98336942""], [""-10.33757985"", ""-79.25119583""], [""-21.64925186"", ""-78.56195386""], [""-17.71251233"", ""-76.38861121""]]",-77.84430377,1.4.00,ISRO,Copernicus GLO-30,23,2026195180048,5037,SSAR,"[[""-18.59083176"", ""-76.20035074""], [""-7.10012215"", ""-76.8139948""], [""-8.885083962"", ""-79.43160687""], [""-22.88713195"", ""-78.67076374""], [""-18.59083176"", ""-76.20035074""]]",SAT_SEN_MODE,J,Y,2026-07-19 21:37:03,2026195180100_94_127,94,14-JUL-2026
NISAR_S2_PR_GUNW_023_094_D_126_025_3700_SH_20260620T180221_20260620T180300_20260714T180220_20260714T180259_P00500_M_F_I_001,NISAR_S2_PR_GUNW_023_094_D_126_025_3700_SH_20260620T180221_20260620T180300_20260714T180220_20260714T180259_P00500_M_F_I_001,NISAR_SSAR_GUNW,94,D,126,094_D_126,HH,126,2026195180100,NISAR,Descending,True,5.484245237,15-JUL-2026,2026-07-14T18:02:20Z,5.986621398,2026-07-19T20:59:08,NISAR_S2_PR_GUNW_023_094_D_126_025_3700_SH_20260620T180221_20260620T180300_20260714T180220_20260714T180259_P00500_M_F_I_001,ObsId_Track_Frame,STUCGUFED,NISAR_SSAR_W,5042,-11.96270281,W,41.39215469,247,F,Left,"[[""-15.0751449"", ""-74.39421623""], [""-6.624609093"", ""-74.9326967""], [""-8.281484812"", ""-77.1660735""], [""-17.98077528"", ""-76.56533435""], [""-15.0751449"", ""-74.39421623""]]",-75.80525842,1.4.00,ISRO,Copernicus GLO-30,23,2026195180048,5037,SSAR,"[[""-15.93226295"", ""-74.21205513""], [""-5.772114159"", ""-74.73505825""], [""-6.973195664"", ""-77.33196212""], [""-19.05526176"", ""-76.70203549""], [""-15.93226295"", ""-74.21205513""]]",SAT_SEN_MODE,J,Y,2026-07-19 21:09:10,2026195180100_94_126,94,14-JUL-2026
NISAR_S2_PR_GUNW_023_094_D_125_025_3700_SH_20260620T180145_20260620T180224_20260714T180144_20260714T180223_P00500_M_F_I_001,NISAR_S2_PR_GUNW_023_094_D_125_025_3700_SH_20260620T180145_20260620T180224_20260714T180144_20260714T180223_P00500_M_F_I_001,NISAR_SSAR_GUNW,94,D,125,094_D_125,HH,125,2026195180100,NISAR,Descending,True,5.485072933,15-JUL-2026,2026-07-14T18:01:44Z,5.991774529,2026-07-19T22:08:07,NISAR_S2_PR_GUNW_023_094_D_125_025_3700_SH_20260620T180145_20260620T180224_20260714T180144_20260714T180223_P00500_M_F_I_001,ObsId_Track_Frame,STUCGUFED,NISAR_SSAR_W,5042,-10.07850268,W,41.41147995,247,F,Left,"[[""-12.92742607"", ""-72.33865691""], [""-5.414404854"", ""-72.83360561""], [""-6.746949283"", ""-75.11608812""], [""-15.29351143"", ""-74.5727016""], [""-12.92742607"", ""-72.33865691""]]",-73.74954568,1.4.00,ISRO,Copernicus GLO-30,23,2026195180048,5037,SSAR,"[[""-13.7545052"", ""-72.16295467""], [""-4.686253922"", ""-72.60960196""], [""-5.549779423"", ""-75.27787983""], [""-16.18000433"", ""-74.74850505""], [""-13.7545052"", ""-72.16295467""]]",SAT_SEN_MODE,J,Y,2026-07-19 22:18:03,2026195180100_94_125,94,14-JUL-2026
NISAR_S2_PR_GUNW_024_079_D_129_025_3700_SH_20260701T170551_20260701T170623_20260713T170550_20260713T170623_P00500_P_F_I_001,NISAR_S2_PR_GUNW_024_079_D_129_025_3700_SH_20260701T170551_20260701T170623_20260713T170550_20260713T170623_P00500_P_F_I_001,NISAR_SSAR_GUNW,79,D,129,079_D_129,HH,129,2026194170232,NISAR,Descending,True,5.479952456,13-JUL-2026,2026-07-13T17:05:50Z,5.992064411,2026-07-29T16:39:15,NISAR_S2_PR_GUNW_024_079_D_129_025_3700_SH_20260701T170551_20260701T170623_20260713T170550_20260713T170623_P00500_P_F_I_001,ObsId_Track_Frame,STUCGUFED,NISAR_SSAR_W,5026,-7.295241987,W,41.36476135,247,F,Left,"[[""-11.3622815"", ""-80.24814324""], [""1.981045392"", ""-81.05366359""], [""-1.673336455"", ""-82.91114565""], [""-17.61892652"", ""-81.93544116""], [""-11.3622815"", ""-80.24814324""]]",-81.60764538,1.4.00,ISRO,Copernicus GLO-30,24,2026194170228,5022,SSAR,"[[""-15.06287395"", ""-79.97801708""], [""2.932670838"", ""-80.30812704""], [""4.08561678"", ""-83.03255826""], [""-20.56800426"", ""-82.5782824""], [""-15.06287395"", ""-79.97801708""]]",SAT_SEN_MODE,J,Y,2026-07-29 17:01:22,2026194170232_79_129,79,13-JUL-2026
NISAR_S2_PR_GUNW_024_079_D_127_025_3700_SH_20260701T170440_20260701T170519_20260713T170440_20260713T170519_P00500_P_F_I_001,NISAR_S2_PR_GUNW_024_079_D_127_025_3700_SH_20260701T170440_20260701T170519_20260713T170440_20260713T170519_P00500_P_F_I_001,NISAR_SSAR_GUNW,79,D,127,079_D_127,HH,127,2026194170232,NISAR,Descending,True,5.483431365,13-JUL-2026,2026-07-13T17:04:40Z,5.993849849,2026-07-29T16:54:13,NISAR_S2_PR_GUNW_024_079_D_127_025_3700_SH_20260701T170440_20260701T170519_20260713T170440_20260713T170519_P00500_P_F_I_001,ObsId_Track_Frame,STUCGUFED,NISAR_SSAR_W,5026,0.1043173183,W,41.36364746,247,F,Left,"[[""-3.142642296"", ""-76.38895253""], [""6.436837376"", ""-76.98343233""], [""4.23233791"", ""-79.25136061""], [""-7.111591429"", ""-78.55956105""], [""-3.142642296"", ""-76.38895253""]]",-77.84301305,1.4.00,ISRO,Copernicus GLO-30,24,2026194170228,5022,SSAR,"[[""-6.561012779"", ""-76.20343238""], [""6.88734633"", ""-76.1942505""], [""8.910132847"", ""-79.29119075""], [""-8.49051138"", ""-79.30311902""], [""-6.561012779"", ""-76.20343238""]]",SAT_SEN_MODE,J,Y,2026-07-29 17:21:38,2026194170232_79_127,79,13-JUL-2026
NISAR_S2_PR_GUNW_024_079_D_126_025_3700_SH_20260701T170405_20260701T170443_20260713T170404_20260713T170443_P00500_P_F_I_001,NISAR_S2_PR_GUNW_024_079_D_126_025_3700_SH_20260701T170405_20260701T170443_20260713T170404_20260713T170443_P00500_P_F_I_001,NISAR_SSAR_GUNW,79,D,126,079_D_126,HH,126,2026194170232,NISAR,Descending,True,5.485187068,13-JUL-2026,2026-07-13T17:04:04Z,5.993475658,2026-07-29T16:47:34,NISAR_S2_PR_GUNW_024_079_D_126_025_3700_SH_20260701T170405_20260701T170443_20260713T170404_20260713T170443_P00500_P_F_I_001,ObsId_Track_Frame,STUCGUFED,NISAR_SSAR_W,5026,2.536516538,W,41.38923645,247,F,Left,"[[""-0.5036912706"", ""-74.39465334""], [""7.894710159"", ""-74.93067777""], [""6.235451543"", ""-77.16403698""], [""-3.475672201"", ""-76.56016661""], [""-0.5036912706"", ""-74.39465334""]]",-75.80142522,1.4.00,ISRO,Copernicus GLO-30,24,2026194170228,5022,SSAR,"[[""-3.547940538"", ""-74.24781316""], [""8.200659486"", ""-74.11719411""], [""10.1993295"", ""-77.17805923""], [""-4.426202927"", ""-77.34163342""], [""-3.547940538"", ""-74.24781316""]]",SAT_SEN_MODE,J,Y,2026-07-29 17:26:06,2026194170232_79_126,79,13-JUL-2026
NISAR_S2_PR_GUNW_023_065_D_128_025_3700_SH_20260618T174654_20260618T174732_20260712T174653_20260712T174730_P00500_M_F_I_001,NISAR_S2_PR_GUNW_023_065_D_128_025_3700_SH_20260618T174654_20260618T174732_20260712T174653_20260712T174730_P00500_M_F_I_001,NISAR_SSAR_GUNW,65,D,128,065_D_128,HH,128,2026193174412,NISAR,Descending,True,5.481153588,13-JUL-2026,2026-07-12T17:46:53Z,5.986986023,2026-07-19T15:09:01,NISAR_S2_PR_GUNW_023_065_D_128_025_3700_SH_20260618T174654_20260618T174732_20260712T174653_20260712T174730_P00500_M_F_I_001,ObsId_Track_Frame,STUCGUFED,NISAR_SSAR_W,5012,-13.47296757,W,41.42858124,247,F,Left,"[[""-17.02881208"", ""-78.3981808""], [""-5.851686499"", ""-79.07514747""], [""-8.755467239"", ""-81.23152193""], [""-22.2103075"", ""-80.41971353""], [""-17.02881208"", ""-78.3981808""]]",-79.83917269,1.4.00,ISRO,Copernicus GLO-30,23,2026193174408,5008,SSAR,"[[""-18.76835376"", ""-78.15671701""], [""-4.679855575"", ""-78.74520362""], [""-6.150003032"", ""-81.41759421""], [""-24.09833875"", ""-80.6554184""], [""-18.76835376"", ""-78.15671701""]]",SAT_SEN_MODE,J,Y,2026-07-19 15:20:04,2026193174412_65_128,65,12-JUL-2026
NISAR_S2_PR_GUNW_023_065_D_127_025_3700_SH_20260618T174618_20260618T174657_20260712T174617_20260712T174656_P00500_M_F_I_001,NISAR_S2_PR_GUNW_023_065_D_127_025_3700_SH_20260618T174618_20260618T174657_20260712T174617_20260712T174656_P00500_M_F_I_001,NISAR_SSAR_GUNW,65,D,127,065_D_127,HH,127,2026193174412,NISAR,Descending,True,5.482764633,13-JUL-2026,2026-07-12T17:46:17Z,5.988339242,2026-07-19T14:46:36,NISAR_S2_PR_GUNW_023_065_D_127_025_3700_SH_20260618T174618_20260618T174657_20260712T174617_20260712T174656_P00500_M_F_I_001,ObsId_Track_Frame,STUCGUFED,NISAR_SSAR_W,5012,-10.24307783,W,41.40074921,247,F,Left,"[[""-13.52089662"", ""-76.39129671""], [""-3.906899103"", ""-76.98605205""], [""-6.094598915"", ""-79.25454294""], [""-17.48582762"", ""-78.5622664""], [""-13.52089662"", ""-76.39129671""]]",-77.84630138,1.4.00,ISRO,Copernicus GLO-30,23,2026193174408,5008,SSAR,"[[""-15.14967235"", ""-76.16961722""], [""-2.969697924"", ""-76.62822827""], [""-3.761684693"", ""-79.42333881""], [""-18.93931894"", ""-78.8454951""], [""-15.14967235"", ""-76.16961722""]]",SAT_SEN_MODE,J,Y,2026-07-19 14:57:04,2026193174412_65_127,65,12-JUL-2026
NISAR_S2_PR_GUNW_023_065_D_126_025_3700_SH_20260618T174543_20260618T174621_20260712T174541_20260712T174620_P00500_M_F_I_001,NISAR_S2_PR_GUNW_023_065_D_126_025_3700_SH_20260618T174543_20260618T174621_20260712T174541_20260712T174620_P00500_M_F_I_001,NISAR_SSAR_GUNW,65,D,126,065_D_126,HH,126,2026193174412,NISAR,Descending,True,5.484657551,13-JUL-2026,2026-07-12T17:45:41Z,5.987324586,2026-07-19T14:23:06,NISAR_S2_PR_GUNW_023_065_D_126_025_3700_SH_20260618T174543_20260618T174621_20260712T174541_20260712T174620_P00500_M_F_I_001,ObsId_Track_Frame,STUCGUFED,NISAR_SSAR_W,5012,-7.816007694,W,41.40470505,247,F,Left,"[[""-10.92955056"", ""-74.39268852""], [""-2.452840002"", ""-74.93298817""], [""-4.105643052"", ""-77.16650119""], [""-13.85391849"", ""-76.56223661""], [""-10.92955056"", ""-74.39268852""]]",-75.8035867,1.4.00,ISRO,Copernicus GLO-30,23,2026193174408,5008,SSAR,"[[""-12.39156327"", ""-74.19364674""], [""-1.661698198"", ""-74.55113373""], [""-2.02943383"", ""-77.32535908""], [""-15.0224365"", ""-76.88871937""], [""-12.39156327"", ""-74.19364674""]]",SAT_SEN_MODE,J,Y,2026-07-19 14:33:41,2026193174412_65_126,65,12-JUL-2026
NISAR_S2_PR_GUNW_023_065_D_125_025_3700_SH_20260618T174507_20260618T174546_20260712T174505_20260712T174545_P00500_M_F_I_001,NISAR_S2_PR_GUNW_023_065_D_125_025_3700_SH_20260618T174507_20260618T174546_20260712T174505_20260712T174545_P00500_M_F_I_001,NISAR_SSAR_GUNW,65,D,125,065_D_125,HH,125,2026193174412,NISAR,Descending,True,5.485814487,13-JUL-2026,2026-07-12T17:45:05Z,5.98704466,2026-07-19T14:37:37,NISAR_S2_PR_GUNW_023_065_D_125_025_3700_SH_20260618T174507_20260618T174546_20260712T174505_20260712T174545_P00500_M_F_I_001,ObsId_Track_Frame,STUCGUFED,NISAR_SSAR_W,5012,-5.928049795,W,41.41333771,247,F,Left,"[[""-8.746502972"", ""-72.33960997""], [""-1.269780261"", ""-72.83214656""], [""-2.583491584"", ""-75.11546543""], [""-11.1298988"", ""-74.57214066""], [""-8.746502972"", ""-72.33960997""]]",-73.74838301,1.4.00,ISRO,Copernicus GLO-30,23,2026193174408,5008,SSAR,"[[""-10.16325916"", ""-72.15129566""], [""-0.6003828997"", ""-72.42617639""], [""-0.7174409565"", ""-75.26023106""], [""-12.09125714"", ""-74.93063368""], [""-10.16325916"", ""-72.15129566""]]",SAT_SEN_MODE,J,Y,2026-07-19 14:53:10,2026193174412_65_125,65,12-JUL-2026
NISAR_S2_PR_GUNW_024_051_D_125_025_3700_SH_20260629T182643_20260629T182722_20260711T182642_20260711T182722_P00500_M_F_I_001,NISAR_S2_PR_GUNW_024_051_D_125_025_3700_SH_20260629T182643_20260629T182722_20260711T182642_20260711T182722_P00500_M_F_I_001,NISAR_SSAR_GUNW,51,D,125,051_D_125,HH,125,2026192182628,NISAR,Descending,True,5.483738232,11-JUL-2026,2026-07-11T18:26:42Z,5.991729489,2026-07-12T23:40:38,NISAR_S2_PR_GUNW_024_051_D_125_025_3700_SH_20260629T182643_20260629T182722_20260711T182642_20260711T182722_P00500_M_F_I_001,ObsId_Track_Frame,STUCGUFED,NISAR_SSAR_W,4998,-16.29953643,W,41.39121246,247,F,Left,"[[""-19.15095002"", ""-72.34038385""], [""-11.5791353"", ""-72.83721452""], [""-12.88047212"", ""-75.1208398""], [""-21.54764228"", ""-74.57183302""], [""-19.15095002"", ""-72.34038385""]]",-73.7638199,1.4.00,ISRO,Copernicus GLO-30,24,2026192182600,4994,SSAR,"[[""-19.47729961"", ""-72.05688578""], [""-10.50264018"", ""-72.78461133""], [""-12.45854066"", ""-75.42402433""], [""-22.8550062"", ""-74.56443933""], [""-19.47729961"", ""-72.05688578""]]",SAT_SEN_MODE,J,Y,2026-07-12 23:52:18,2026192182628_51_125,51,11-JUL-2026
NISAR_S2_PR_GUNW_024_036_D_128_025_3700_SH_20260628T173015_20260628T173052_20260710T173014_20260710T173052_P00500_M_F_I_001,NISAR_S2_PR_GUNW_024_036_D_128_025_3700_SH_20260628T173015_20260628T173052_20260710T173014_20260710T173052_P00500_M_F_I_001,NISAR_SSAR_GUNW,36,D,128,036_D_128,HH,128,2026191172724,NISAR,Descending,True,5.56618031,11-JUL-2026,2026-07-10T17:30:14Z,5.956722622,2026-07-19T03:43:12,NISAR_S2_PR_GUNW_024_036_D_128_025_3700_SH_20260628T173015_20260628T173052_20260710T173014_20260710T173052_P00500_M_F_I_001,ObsId_Track_Frame,STUCGUFED,NISAR_SSAR_W,4983,-9.034930001,W,41.70647812,247,F,Left,"[[""-12.39879356"", ""-78.43724271""], [""-1.68282803"", ""-79.07567326""], [""-4.586172811"", ""-81.23204806""], [""-17.49450937"", ""-80.46685377""], [""-12.39879356"", ""-78.43724271""]]",-79.85618674,1.4.00,ISRO,Copernicus GLO-30,24,2026191172720,4979,SSAR,"[[""-15.40625024"", ""-78.14254077""], [""-0.6619668417"", ""-78.56510283""], [""-0.8807266214"", ""-81.39329632""], [""-20.1350094"", ""-80.8363491""], [""-15.40625024"", ""-78.14254077""]]",SAT_SEN_MODE,J,Y,2026-07-19 03:53:03,2026191172724_36_128,36,10-JUL-2026
NISAR_S2_PR_GUNW_024_036_D_127_025_3700_SH_20260628T172939_20260628T173018_20260710T172938_20260710T173017_P00500_M_F_I_001,NISAR_S2_PR_GUNW_024_036_D_127_025_3700_SH_20260628T172939_20260628T173018_20260710T172938_20260710T173017_P00500_M_F_I_001,NISAR_SSAR_GUNW,36,D,127,036_D_127,HH,127,2026191172724,NISAR,Descending,True,5.569295434,11-JUL-2026,2026-07-10T17:29:38Z,5.957302064,2026-07-19T03:46:44,NISAR_S2_PR_GUNW_024_036_D_127_025_3700_SH_20260628T172939_20260628T173018_20260710T172938_20260710T173017_P00500_M_F_I_001,ObsId_Track_Frame,STUCGUFED,NISAR_SSAR_W,4983,-5.836480089,W,41.76139832,247,F,Left,"[[""-8.910585783"", ""-76.42883745""], [""0.2497783858"", ""-76.98612507""], [""-1.939846608"", ""-79.25454119""], [""-12.81040743"", ""-78.60532158""], [""-8.910585783"", ""-76.42883745""]]",-77.86186991,1.4.00,ISRO,Copernicus GLO-30,24,2026191172720,4979,SSAR,"[[""-11.71703849"", ""-76.16414623""], [""1.031993469"", ""-76.44767136""], [""1.320603378"", ""-79.39061893""], [""-14.86473994"", ""-79.02828843""], [""-11.71703849"", ""-76.16414623""]]",SAT_SEN_MODE,J,Y,2026-07-19 03:58:03,2026191172724_36_127,36,10-JUL-2026
NISAR_S2_PR_GUNW_024_036_D_126_025_3700_SH_20260628T172903_20260628T172942_20260710T172903_20260710T172941_P00500_M_F_I_001,NISAR_S2_PR_GUNW_024_036_D_126_025_3700_SH_20260628T172903_20260628T172942_20260710T172903_20260710T172941_P00500_M_F_I_001,NISAR_SSAR_GUNW,36,D,126,036_D_126,HH,126,2026191172724,NISAR,Descending,True,5.570758604,11-JUL-2026,2026-07-10T17:29:03Z,5.955469165,2026-07-19T03:16:16,NISAR_S2_PR_GUNW_024_036_D_126_025_3700_SH_20260628T172903_20260628T172942_20260710T172903_20260710T172941_P00500_M_F_I_001,ObsId_Track_Frame,STUCGUFED,NISAR_SSAR_W,4983,-3.43390259,W,41.78033829,247,F,Left,"[[""-6.298014893"", ""-74.43244567""], [""1.709458316"", ""-74.93326247""], [""0.05983223546"", ""-77.16689455""], [""-9.23203588"", ""-76.60080887""], [""-6.298014893"", ""-74.43244567""]]",-75.81907301,1.4.00,ISRO,Copernicus GLO-30,24,2026191172720,4979,SSAR,"[[""-8.849682482"", ""-74.20246021""], [""2.343709053"", ""-74.37536809""], [""2.88616893"", ""-77.28449954""], [""-10.85680681"", ""-77.07091596""], [""-8.849682482"", ""-74.20246021""]]",SAT_SEN_MODE,J,Y,2026-07-19 03:26:04,2026191172724_36_126,36,10-JUL-2026
NISAR_S2_PR_GUNW_024_036_D_125_025_3700_SH_20260628T172827_20260628T172906_20260710T172827_20260710T172906_P00500_M_F_I_001,NISAR_S2_PR_GUNW_024_036_D_125_025_3700_SH_20260628T172827_20260628T172906_20260710T172827_20260710T172906_P00500_M_F_I_001,NISAR_SSAR_GUNW,36,D,125,036_D_125,HH,125,2026191172724,NISAR,Descending,True,5.572889668,11-JUL-2026,2026-07-10T17:28:27Z,5.953882976,2026-07-19T03:54:09,NISAR_S2_PR_GUNW_024_036_D_125_025_3700_SH_20260628T172827_20260628T172906_20260710T172827_20260710T172906_P00500_M_F_I_001,ObsId_Track_Frame,STUCGUFED,NISAR_SSAR_W,4983,-1.5489779,W,41.75259399,247,F,Left,"[[""-4.244808268"", ""-72.36913162""], [""2.908967922"", ""-72.83326483""], [""1.569957706"", ""-75.11545414""], [""-6.532440779"", ""-74.60910454""], [""-4.244808268"", ""-72.36913162""]]",-73.76082895,1.4.00,ISRO,Copernicus GLO-30,24,2026191172720,4979,SSAR,"[[""-6.582751604"", ""-72.16236288""], [""3.418801495"", ""-72.24704867""], [""4.116558937"", ""-75.21711749""], [""-7.914840576"", ""-75.11455721""], [""-6.582751604"", ""-72.16236288""]]",SAT_SEN_MODE,J,Y,2026-07-19 04:18:03,2026191172724_36_125,36,10-JUL-2026
NISAR_S2_PR_GUNW_026_007_D_125_028_3700_SH_20260720T171147_20260720T171226_20260813T171146_20260813T171209_P00500_M_F_I_001,NISAR_S2_PR_GUNW_026_007_D_125_028_3700_SH_20260720T171147_20260720T171226_20260813T171146_20260813T171209_P00500_M_F_I_001,NISAR_SSAR_GUNW,7,D,125,007_D_125,HH,125,2026225171052,NISAR,Descending,True,5.485821497,13-AUG-2026,2026-08-13T17:11:46Z,5.989810118,2026-08-16T02:35:08,NISAR_S2_PR_GUNW_026_007_D_125_028_3700_SH_20260720T171147_20260720T171226_20260813T171146_20260813T171209_P00500_M_F_I_001,ObsId_Track_Frame,STUCGUFED,NISAR_SSAR_W,5473,2.394812277,W,41.41143036,247,F,Left,"[[""-0.438804982"", ""-72.33974784""], [""7.024484496"", ""-72.83225273""], [""5.671265405"", ""-75.11394747""], [""-2.762358879"", ""-74.57737407""], [""-0.438804982"", ""-72.33974784""]]",-73.74670802,1.4.00,ISRO,Copernicus GLO-30,26,2026225171048,5469,SSAR,"[[""-2.986085523"", ""-72.20256635""], [""7.357087367"", ""-72.08111308""], [""8.910493748"", ""-75.14925943""], [""-3.624405326"", ""-75.29749956""], [""-2.986085523"", ""-72.20256635""]]",SAT_SEN_MODE,J,Y,2026-08-16 02:46:06,2026225171052_7_125,7,13-AUG-2026
NISAR_S2_PR_GUNW_026_007_D_124_028_3700_SH_20260720T171112_20260720T171150_20260813T171111_20260813T171149_P00500_M_F_I_001,NISAR_S2_PR_GUNW_026_007_D_124_028_3700_SH_20260720T171112_20260720T171150_20260813T171111_20260813T171149_P00500_M_F_I_001,NISAR_SSAR_GUNW,7,D,124,007_D_124,HH,124,2026225171052,NISAR,Descending,True,5.486174662,13-AUG-2026,2026-08-13T17:11:11Z,5.995298855,2026-08-16T03:16:00,NISAR_S2_PR_GUNW_026_007_D_124_028_3700_SH_20260720T171112_20260720T171150_20260813T171111_20260813T171149_P00500_M_F_I_001,ObsId_Track_Frame,STUCGUFED,NISAR_SSAR_W,5473,3.903558975,W,41.35240173,247,F,Left,"[[""1.301887461"", ""-70.32018424""], [""7.966673473"", ""-70.77695318""], [""6.922409774"", ""-73.01610303""], [""-0.5680755911"", ""-72.52409732""], [""1.301887461"", ""-70.32018424""]]",-71.68721615,1.4.00,ISRO,Copernicus GLO-30,26,2026225171048,5469,SSAR,"[[""-1.025743218"", ""-70.20226633""], [""8.263038959"", ""-70.00173891""], [""9.776368587"", ""-73.02707198""], [""-1.216957834"", ""-73.26645345""], [""-1.025743218"", ""-70.20226633""]]",SAT_SEN_MODE,J,Y,2026-08-16 03:25:22,2026225171052_7_124,7,13-AUG-2026
NISAR_S2_PR_GUNW_025_094_D_124_026_3700_SH_20260714T180109_20260714T180147_20260726T180108_20260726T180147_P00500_M_F_I_001,NISAR_S2_PR_GUNW_025_094_D_124_026_3700_SH_20260714T180109_20260714T180147_20260726T180108_20260726T180147_P00500_M_F_I_001,NISAR_SSAR_GUNW,94,D,124,094_D_124,HH,124,2026207180100,NISAR,Descending,True,5.486016664,27-JUL-2026,2026-07-26T18:01:08Z,6.002586215,2026-07-28T03:03:42,NISAR_S2_PR_GUNW_025_094_D_124_026_3700_SH_20260714T180109_20260714T180147_20260726T180108_20260726T180147_P00500_M_F_I_001,ObsId_Track_Frame,STUCGUFED,NISAR_SSAR_W,5215,-8.570960583,W,41.30708313,247,F,Left,"[[""-11.16847902"", ""-70.32058737""], [""-4.477915062"", ""-70.77803676""], [""-5.529993147"", ""-73.01674468""], [""-13.0913277"", ""-72.51994829""], [""-11.16847902"", ""-70.32058737""]]",-71.6873987,1.4.00,ISRO,Copernicus GLO-30,25,2026207180048,5210,SSAR,"[[""-12.01936098"", ""-70.14535683""], [""-3.789655917"", ""-70.53077276""], [""-4.395268914"", ""-73.16942587""], [""-13.8775298"", ""-72.72088115""], [""-12.01936098"", ""-70.14535683""]]",SAT_SEN_MODE,J,Y,2026-07-28 03:13:08,2026207180100_94_124,94,26-JUL-2026
NISAR_S2_PR_GUNW_025_065_D_124_026_3700_SH_20260712T174430_20260712T174508_20260724T174429_20260724T174508_P00500_M_F_I_001,NISAR_S2_PR_GUNW_025_065_D_124_026_3700_SH_20260712T174430_20260712T174508_20260724T174429_20260724T174508_P00500_M_F_I_001,NISAR_SSAR_GUNW,65,D,124,065_D_124,HH,124,2026205174412,NISAR,Descending,True,5.570699739,25-JUL-2026,2026-07-24T17:44:29Z,5.995818381,2026-07-26T08:37:04,NISAR_S2_PR_GUNW_025_065_D_124_026_3700_SH_20260712T174430_20260712T174508_20260724T174429_20260724T174508_P00500_M_F_I_001,ObsId_Track_Frame,STUCGUFED,NISAR_SSAR_W,5185,-4.399752352,W,41.33892059,247,F,Left,"[[""-7.029002761"", ""-70.31823632""], [""-0.3070968955"", ""-70.7781237""], [""-1.370322769"", ""-73.01628589""], [""-8.914708434"", ""-72.52082585""], [""-7.029002761"", ""-70.31823632""]]",-71.68694299,1.4.00,ISRO,Copernicus GLO-30,25,2026205174408,5181,SSAR,"[[""-8.363130512"", ""-70.1463484""], [""0.2871465076"", ""-70.35325149""], [""0.3357136162"", ""-73.15305464""], [""-9.752424942"", ""-72.90979739""], [""-8.363130512"", ""-70.1463484""]]",SAT_SEN_MODE,J,Y,2026-07-26 08:52:04,2026205174412_65_124,65,24-JUL-2026
NISAR_S2_PR_GUNW_025_036_D_124_026_3700_SH_20260710T172751_20260710T172830_20260722T172751_20260722T172829_P00500_M_F_I_001,NISAR_S2_PR_GUNW_025_036_D_124_026_3700_SH_20260710T172751_20260710T172830_20260722T172751_20260722T172829_P00500_M_F_I_001,NISAR_SSAR_GUNW,36,D,124,036_D_124,HH,124,2026203172724,NISAR,Descending,True,5.486272309,23-JUL-2026,2026-07-22T17:27:51Z,6.005374448,2026-07-27T13:54:15,NISAR_S2_PR_GUNW_025_036_D_124_026_3700_SH_20260710T172751_20260710T172830_20260722T172751_20260722T172829_P00500_M_F_I_001,ObsId_Track_Frame,STUCGUFED,NISAR_SSAR_W,5156,-0.2451418884,W,41.29393005,247,F,Left,"[[""-2.859532343"", ""-70.31863676""], [""3.81495783"", ""-70.77592513""], [""2.770561614"", ""-73.01504321""], [""-4.719448619"", ""-72.52341265""], [""-2.859532343"", ""-70.31863676""]]",-71.686035,1.4.00,ISRO,Copernicus GLO-30,25,2026203172720,5152,SSAR,"[[""-4.706963097"", ""-70.16551059""], [""4.309960471"", ""-70.17613764""], [""5.071212368"", ""-73.10108343""], [""-5.537561652"", ""-73.08848561""], [""-4.706963097"", ""-70.16551059""]]",SAT_SEN_MODE,J,Y,2026-07-27 14:17:07,2026203172724_36_124,36,22-JUL-2026
NISAR_S2_PR_GUNW_025_007_D_125_026_3700_SH_20260708T171148_20260708T171227_20260720T171147_20260720T171226_P00500_M_F_I_001,NISAR_S2_PR_GUNW_025_007_D_125_026_3700_SH_20260708T171148_20260708T171227_20260720T171147_20260720T171226_P00500_M_F_I_001,NISAR_SSAR_GUNW,7,D,125,007_D_125,HH,125,2026201171052,NISAR,Descending,True,5.48653223,20-JUL-2026,2026-07-20T17:11:47Z,5.99091673,2026-07-22T05:22:04,NISAR_S2_PR_GUNW_025_007_D_125_026_3700_SH_20260708T171148_20260708T171227_20260720T171147_20260720T171226_P00500_M_F_I_001,ObsId_Track_Frame,STUCGUFED,NISAR_SSAR_W,5127,2.388748136,W,41.36237717,247,F,Left,"[[""-0.4439839378"", ""-72.33821765""], [""7.017881845"", ""-72.83090523""], [""5.663780426"", ""-75.11257701""], [""-2.767719451"", ""-74.57582866""], [""-0.4439839378"", ""-72.33821765""]]",-73.74524148,1.4.00,ISRO,Copernicus GLO-30,25,2026201171048,5123,SSAR,"[[""-2.986085523"", ""-72.20256635""], [""7.357087367"", ""-72.08111308""], [""8.910493748"", ""-75.14925943""], [""-3.624405326"", ""-75.29749956""], [""-2.986085523"", ""-72.20256635""]]",SAT_SEN_MODE,J,Y,2026-07-22 05:32:04,2026201171052_7_125,7,20-JUL-2026
NISAR_S2_PR_GUNW_025_007_D_124_026_3700_SH_20260708T171113_20260708T171151_20260720T171112_20260720T171150_P00500_M_F_I_001,NISAR_S2_PR_GUNW_025_007_D_124_026_3700_SH_20260708T171113_20260708T171151_20260720T171112_20260720T171150_P00500_M_F_I_001,NISAR_SSAR_GUNW,7,D,124,007_D_124,HH,124,2026201171052,NISAR,Descending,True,5.487022855,20-JUL-2026,2026-07-20T17:11:12Z,5.996521091,2026-07-22T05:16:51,NISAR_S2_PR_GUNW_025_007_D_124_026_3700_SH_20260708T171113_20260708T171151_20260720T171112_20260720T171150_P00500_M_F_I_001,ObsId_Track_Frame,STUCGUFED,NISAR_SSAR_W,5127,3.898618917,W,41.35427856,247,F,Left,"[[""1.295748965"", ""-70.31768556""], [""7.963109631"", ""-70.7748834""], [""6.918551362"", ""-73.01402992""], [""-0.5743697945"", ""-72.52158758""], [""1.295748965"", ""-70.31768556""]]",-71.68494605,1.4.00,ISRO,Copernicus GLO-30,25,2026201171048,5123,SSAR,"[[""-1.025743218"", ""-70.20226633""], [""8.263038959"", ""-70.00173891""], [""9.776368587"", ""-73.02707198""], [""-1.216957834"", ""-73.26645345""], [""-1.025743218"", ""-70.20226633""]]",SAT_SEN_MODE,J,Y,2026-07-22 05:28:09,2026201171052_7_124,7,20-JUL-2026
NISAR_S2_PR_GUNW_023_094_D_124_025_3700_SH_20260620T180110_20260620T180148_20260714T180109_20260714T180147_P00500_M_F_I_001,NISAR_S2_PR_GUNW_023_094_D_124_025_3700_SH_20260620T180110_20260620T180148_20260714T180109_20260714T180147_P00500_M_F_I_001,NISAR_SSAR_GUNW,94,D,124,094_D_124,HH,124,2026195180100,NISAR,Descending,True,5.486590502,15-JUL-2026,2026-07-14T18:01:09Z,5.997228703,2026-07-19T21:40:59,NISAR_S2_PR_GUNW_023_094_D_124_025_3700_SH_20260620T180110_20260620T180148_20260714T180109_20260714T180147_P00500_M_F_I_001,ObsId_Track_Frame,STUCGUFED,NISAR_SSAR_W,5042,-8.548956481,W,41.36527252,247,F,Left,"[[""-11.14509122"", ""-70.32175346""], [""-4.46006805"", ""-70.77805574""], [""-5.510108324"", ""-73.01678506""], [""-13.06505926"", ""-72.52130031""], [""-11.14509122"", ""-70.32175346""]]",-71.6879852,1.4.00,ISRO,Copernicus GLO-30,23,2026195180048,5037,SSAR,"[[""-12.01936098"", ""-70.14535683""], [""-3.789655917"", ""-70.53077276""], [""-4.395268914"", ""-73.16942587""], [""-13.8775298"", ""-72.72088115""], [""-12.01936098"", ""-70.14535683""]]",SAT_SEN_MODE,J,Y,2026-07-19 21:53:25,2026195180100_94_124,94,14-JUL-2026
NISAR_S2_PR_GUNW_023_065_D_124_025_3700_SH_20260618T174431_20260618T174510_20260712T174430_20260712T174508_P00500_M_F_I_001,NISAR_S2_PR_GUNW_023_065_D_124_025_3700_SH_20260618T174431_20260618T174510_20260712T174430_20260712T174508_P00500_M_F_I_001,NISAR_SSAR_GUNW,65,D,124,065_D_124,HH,124,2026193174412,NISAR,Descending,True,5.570757626,13-JUL-2026,2026-07-12T17:44:30Z,5.990565772,2026-07-19T14:47:24,NISAR_S2_PR_GUNW_023_065_D_124_025_3700_SH_20260618T174431_20260618T174510_20260712T174430_20260712T174508_P00500_M_F_I_001,ObsId_Track_Frame,STUCGUFED,NISAR_SSAR_W,5012,-7.884528113,W,34.1914978,247,F,Left,"[[""-6.999597984"", ""-70.32085744""], [""-7.000945035"", ""-70.3207786""], [""-8.883025656"", ""-72.52361496""], [""-8.881531822"", ""-72.52370319""], [""-6.999597984"", ""-70.32085744""]]",-71.42302639,1.4.00,ISRO,Copernicus GLO-30,23,2026193174408,5008,SSAR,"[[""-8.363130512"", ""-70.1463484""], [""0.2871465076"", ""-70.35325149""], [""0.3357136162"", ""-73.15305464""], [""-9.752424942"", ""-72.90979739""], [""-8.363130512"", ""-70.1463484""]]",SAT_SEN_MODE,J,Y,2026-07-19 14:59:03,2026193174412_65_124,65,12-JUL-2026
NISAR_S2_PR_GUNW_024_036_D_124_025_3700_SH_20260628T172752_20260628T172830_20260710T172751_20260710T172830_P00500_M_F_I_001,NISAR_S2_PR_GUNW_024_036_D_124_025_3700_SH_20260628T172752_20260628T172830_20260710T172751_20260710T172830_P00500_M_F_I_001,NISAR_SSAR_GUNW,36,D,124,036_D_124,HH,124,2026191172724,NISAR,Descending,True,5.485412204,11-JUL-2026,2026-07-10T17:27:51Z,5.969824635,2026-07-19T04:04:27,NISAR_S2_PR_GUNW_024_036_D_124_025_3700_SH_20260628T172752_20260628T172830_20260710T172751_20260710T172830_P00500_M_F_I_001,ObsId_Track_Frame,STUCGUFED,NISAR_SSAR_W,4983,-0.05925258715,W,41.67338943,247,F,Left,"[[""-2.549126826"", ""-70.3456858""], [""3.849132882"", ""-70.77740372""], [""2.809049026"", ""-73.01660713""], [""-4.373088467"", ""-72.55280476""], [""-2.549126826"", ""-70.3456858""]]",-71.6983266,1.4.00,ISRO,Copernicus GLO-30,24,2026191172720,4979,SSAR,"[[""-4.706963097"", ""-70.16551059""], [""4.309960471"", ""-70.17613764""], [""5.071212368"", ""-73.10108343""], [""-5.537561652"", ""-73.08848561""], [""-4.706963097"", ""-70.16551059""]]",SAT_SEN_MODE,J,Y,2026-07-19 04:18:07,2026191172724_36_124,36,10-JUL-2026
NISAR_S2_PR_GUNW_024_007_D_124_025_3700_SH_20260626T171113_20260626T171152_20260708T171113_20260708T171151_P00500_M_F_I_001,NISAR_S2_PR_GUNW_024_007_D_124_025_3700_SH_20260626T171113_20260626T171152_20260708T171113_20260708T171151_P00500_M_F_I_001,NISAR_SSAR_GUNW,7,D,124,007_D_124,HH,124,2026189171052,NISAR,Descending,True,5.572369898,08-JUL-2026,2026-07-08T17:11:13Z,5.960922575,2026-07-15T17:23:17,NISAR_S2_PR_GUNW_024_007_D_124_025_3700_SH_20260626T171113_20260626T171152_20260708T171113_20260708T171151_P00500_M_F_I_001,ObsId_Track_Frame,STUCGUFED,NISAR_SSAR_W,4954,4.091991811,W,41.67649078,247,F,Left,"[[""1.598811736"", ""-70.34498564""], [""8.015508901"", ""-70.77811825""], [""6.977280068"", ""-73.01738982""], [""-0.2322700404"", ""-72.55153947""], [""1.598811736"", ""-70.34498564""]]",-71.69843216,1.4.00,ISRO,Copernicus GLO-30,24,2026189171048,4950,SSAR,"[[""-1.025743218"", ""-70.20226633""], [""8.263038959"", ""-70.00173891""], [""9.776368587"", ""-73.02707198""], [""-1.216957834"", ""-73.26645345""], [""-1.025743218"", ""-70.20226633""]]",SAT_SEN_MODE,J,Y,2026-07-15 17:42:51,2026189171052_7_124,7,08-JUL-2026
NISAR_S2_PR_GUNW_025_107_D_129_026_3700_SH_20260715T154236_20260715T154308_20260727T154235_20260727T154308_P00500_M_F_I_001,NISAR_S2_PR_GUNW_025_107_D_129_026_3700_SH_20260715T154236_20260715T154308_20260727T154235_20260727T154308_P00500_M_F_I_001,NISAR_SSAR_GUNW,107,D,129,107_D_129,HH,129,2026208153920,NISAR,Descending,True,5.480831491,10-AUG-2026,2026-07-27T15:42:35Z,5.994222764,2026-08-10T20:17:40,NISAR_S2_PR_GUNW_025_107_D_129_026_3700_SH_20260715T154236_20260715T154308_20260727T154235_20260727T154308_P00500_M_F_I_001,ObsId_Track_Frame,STUCGUFED,NISAR_SSAR_W,5416,13.46584366,W,41.30178833,247,F,Left,"[[""9.475122416"", ""-80.2490282""], [""22.72776279"", ""-81.0499044""], [""19.03876357"", ""-82.90539347""], [""3.204035404"", ""-81.93423818""], [""9.475122416"", ""-80.2490282""]]",-81.60575736,1.4.00,ISRO,Copernicus GLO-30,25,2026208153856,5223,SSAR,"[[""1.786272473"", ""-80.2436519""], [""20.38131153"", ""-79.60042558""], [""28.99061949"", ""-82.51765503""], [""2.663000766"", ""-83.44604032""], [""1.786272473"", ""-80.2436519""]]",SAT_SEN_MODE,J,Y,2026-08-10 20:28:04,2026208153920_107_129,107,27-JUL-2026
NISAR_S2_PR_GUNW_025_107_D_128_026_3700_SH_20260715T154201_20260715T154239_20260727T154201_20260727T154238_P00500_M_F_I_001,NISAR_S2_PR_GUNW_025_107_D_128_026_3700_SH_20260715T154201_20260715T154239_20260727T154201_20260727T154238_P00500_M_F_I_001,NISAR_SSAR_GUNW,107,D,128,107_D_128,HH,128,2026208153920,NISAR,Descending,True,5.481915383,10-AUG-2026,2026-07-27T15:42:01Z,5.992430817,2026-08-10T19:37:45,NISAR_S2_PR_GUNW_025_107_D_128_026_3700_SH_20260715T154201_20260715T154239_20260727T154201_20260727T154238_P00500_M_F_I_001,ObsId_Track_Frame,STUCGUFED,NISAR_SSAR_W,5416,17.62519624,W,41.35518265,247,F,Left,"[[""14.09857502"", ""-78.39063736""], [""25.29176528"", ""-79.07214429""], [""22.36580028"", ""-81.22772111""], [""8.912730546"", ""-80.41158062""], [""14.09857502"", ""-78.39063736""]]",-79.8350962,1.4.00,ISRO,Copernicus GLO-30,25,2026208153856,5223,SSAR,"[[""6.711763947"", ""-78.5271144""], [""22.99383455"", ""-77.6287873""], [""31.34078888"", ""-80.6937072""], [""9.585954177"", ""-81.93479683""], [""6.711763947"", ""-78.5271144""]]",SAT_SEN_MODE,J,Y,2026-08-10 19:54:03,2026208153920_107_128,107,27-JUL-2026
NISAR_S2_PR_GUNW_025_107_D_127_026_3700_SH_20260715T154125_20260715T154204_20260727T154125_20260727T154204_P00500_M_F_I_001,NISAR_S2_PR_GUNW_025_107_D_127_026_3700_SH_20260715T154125_20260715T154204_20260727T154125_20260727T154204_P00500_M_F_I_001,NISAR_SSAR_GUNW,107,D,127,107_D_127,HH,127,2026208153920,NISAR,Descending,True,5.565137905,10-AUG-2026,2026-07-27T15:41:25Z,5.991712539,2026-08-10T20:51:38,NISAR_S2_PR_GUNW_025_107_D_127_026_3700_SH_20260715T154125_20260715T154204_20260727T154125_20260727T154204_P00500_M_F_I_001,ObsId_Track_Frame,STUCGUFED,NISAR_SSAR_W,5416,20.8859224,W,41.39893341,247,F,Left,"[[""17.65029632"", ""-76.38902847""], [""27.24426547"", ""-76.9847447""], [""25.04297772"", ""-79.25210856""], [""13.68229714"", ""-78.55899258""], [""17.65029632"", ""-76.38902847""]]",-77.84535325,1.4.00,ISRO,Copernicus GLO-30,25,2026208153856,5223,SSAR,"[[""11.0544965"", ""-76.6489966""], [""25.06899058"", ""-75.54489497""], [""32.66522413"", ""-78.62997219""], [""14.99046722"", ""-80.0835556""], [""11.0544965"", ""-76.6489966""]]",SAT_SEN_MODE,J,Y,2026-08-10 21:06:08,2026208153920_107_127,107,27-JUL-2026
NISAR_S2_PR_GUNW_025_107_D_126_026_3700_SH_20260715T154050_20260715T154128_20260727T154049_20260727T154128_P00500_M_F_I_001,NISAR_S2_PR_GUNW_025_107_D_126_026_3700_SH_20260715T154050_20260715T154128_20260727T154049_20260727T154128_P00500_M_F_I_001,NISAR_SSAR_GUNW,107,D,126,107_D_126,HH,126,2026208153920,NISAR,Descending,True,5.484937483,10-AUG-2026,2026-07-27T15:40:49Z,5.991198962,2026-08-10T20:19:42,NISAR_S2_PR_GUNW_025_107_D_126_026_3700_SH_20260715T154050_20260715T154128_20260727T154049_20260727T154128_P00500_M_F_I_001,ObsId_Track_Frame,STUCGUFED,NISAR_SSAR_W,5416,23.32106299,W,41.339077,247,F,Left,"[[""20.2715499"", ""-74.39252774""], [""28.71400222"", ""-74.93187377""], [""27.07321527"", ""-77.16594102""], [""17.30627592"", ""-76.55861203""], [""20.2715499"", ""-74.39252774""]]",-75.80348053,1.4.00,ISRO,Copernicus GLO-30,25,2026208153856,5223,SSAR,"[[""14.6239949"", ""-74.73298466""], [""26.62635192"", ""-73.49112033""], [""33.36351078"", ""-76.5163721""], [""18.91692088"", ""-78.08390827""], [""14.6239949"", ""-74.73298466""]]",SAT_SEN_MODE,J,Y,2026-08-10 20:32:07,2026208153920_107_126,107,27-JUL-2026
NISAR_S2_PR_GUNW_025_049_D_130_026_3700_SH_20260711T150948_20260711T151023_20260723T150947_20260723T151022_P00500_M_F_I_001,NISAR_S2_PR_GUNW_025_049_D_130_026_3700_SH_20260711T150948_20260711T151023_20260723T150947_20260723T151022_P00500_M_F_I_001,NISAR_SSAR_GUNW,49,D,130,049_D_130,HH,130,2026204150540,NISAR,Descending,True,5.479654442,23-JUL-2026,2026-07-23T15:09:47Z,5.993935753,2026-07-25T00:32:51,NISAR_S2_PR_GUNW_025_049_D_130_026_3700_SH_20260711T150948_20260711T151023_20260723T150947_20260723T151022_P00500_M_F_I_001,ObsId_Track_Frame,STUCGUFED,NISAR_SSAR_W,5171,15.88770561,W,41.34663391,247,F,Left,"[[""12.25960909"", ""-81.77914545""], [""27.83774296"", ""-82.73032641""], [""21.61293031"", ""-84.66743818""], [""2.649688247"", ""-83.44743814""], [""12.25960909"", ""-81.77914545""]]",-83.24534335,1.4.00,ISRO,Copernicus GLO-30,25,2026204150536,5165,SSAR,"[[""1.159675208"", ""-81.82775282""], [""23.50026207"", ""-81.09318342""], [""36.60269741"", ""-84.03715835""], [""1.980392831"", ""-85.20876112""], [""1.159675208"", ""-81.82775282""]]",SAT_SEN_MODE,J,Y,2026-07-25 00:46:30,2026204150540_49_130,49,23-JUL-2026
NISAR_S2_PR_GUNW_025_049_D_129_026_3700_SH_20260711T150918_20260711T150951_20260723T150918_20260723T150950_P00500_M_F_I_001,NISAR_S2_PR_GUNW_025_049_D_129_026_3700_SH_20260711T150918_20260711T150951_20260723T150918_20260723T150950_P00500_M_F_I_001,NISAR_SSAR_GUNW,49,D,129,049_D_129,HH,129,2026204150540,NISAR,Descending,True,5.480969363,23-JUL-2026,2026-07-23T15:09:18Z,5.992359841,2026-07-25T01:13:51,NISAR_S2_PR_GUNW_025_049_D_129_026_3700_SH_20260711T150918_20260711T150951_20260723T150918_20260723T150950_P00500_M_F_I_001,ObsId_Track_Frame,STUCGUFED,NISAR_SSAR_W,5171,21.78294044,W,41.38894653,247,F,Left,"[[""17.81128251"", ""-80.25087821""], [""31.04445241"", ""-81.05034927""], [""27.35346237"", ""-82.90578115""], [""11.53069944"", ""-81.9353377""], [""17.81128251"", ""-80.25087821""]]",-81.60811898,1.4.00,ISRO,Copernicus GLO-30,25,2026204150536,5165,SSAR,"[[""8.854899971"", ""-80.4643228""], [""26.86981309"", ""-79.44291555""], [""37.94345781"", ""-82.23041207""], [""13.48169135"", ""-83.69596745""], [""8.854899971"", ""-80.4643228""]]",SAT_SEN_MODE,J,Y,2026-07-25 01:38:05,2026204150540_49_129,49,23-JUL-2026
NISAR_S2_PR_GUNW_024_049_D_128_026_3700_SH_20260629T150845_20260629T150922_20260723T150843_20260723T150921_P00500_P_F_I_001,NISAR_S2_PR_GUNW_024_049_D_128_026_3700_SH_20260629T150845_20260629T150922_20260723T150843_20260723T150921_P00500_P_F_I_001,NISAR_SSAR_GUNW,49,D,128,049_D_128,HH,128,2026204150540,NISAR,Descending,True,5.566169789,23-JUL-2026,2026-07-23T15:08:43Z,5.984921591,2026-07-25T01:09:00,NISAR_S2_PR_GUNW_024_049_D_128_026_3700_SH_20260629T150845_20260629T150922_20260723T150843_20260723T150921_P00500_P_F_I_001,ObsId_Track_Frame,STUCGUFED,NISAR_SSAR_W,5171,20.03800541,W,34.07128143,247,F,Left,"[[""22.38556794"", ""-78.38713808""], [""22.38332798"", ""-78.38699113""], [""17.19269513"", ""-80.40743801""], [""17.19524834"", ""-80.40761466""], [""22.38556794"", ""-78.38713808""]]",-79.40721469,1.4.00,ISRO,Copernicus GLO-30,24,2026204150536,5165,SSAR,"[[""13.95431048"", ""-78.79527697""], [""29.72988437"", ""-77.48718224""], [""40.15787731"", ""-80.36288801""], [""20.1604795"", ""-82.14793242""], [""13.95431048"", ""-78.79527697""]]",SAT_SEN_MODE,J,Y,2026-07-25 01:21:07,2026204150540_49_128,49,23-JUL-2026
NISAR_S2_PR_GUNW_025_049_D_127_026_3700_SH_20260711T150808_20260711T150847_20260723T150807_20260723T150846_P00500_M_F_I_001,NISAR_S2_PR_GUNW_025_049_D_127_026_3700_SH_20260711T150808_20260711T150847_20260723T150807_20260723T150846_P00500_M_F_I_001,NISAR_SSAR_GUNW,49,D,127,049_D_127,HH,127,2026204150540,NISAR,Descending,True,5.568389901,23-JUL-2026,2026-07-23T15:08:07Z,5.991092014,2026-07-25T02:15:16,NISAR_S2_PR_GUNW_025_049_D_127_026_3700_SH_20260711T150808_20260711T150847_20260723T150807_20260723T150846_P00500_M_F_I_001,ObsId_Track_Frame,STUCGUFED,NISAR_SSAR_W,5171,24.15964714,W,34.15345383,247,F,Left,"[[""25.96992637"", ""-76.38724473""], [""25.96853147"", ""-76.38716852""], [""22.00301922"", ""-78.55731264""], [""22.00471235"", ""-78.5574135""], [""25.96992637"", ""-76.38724473""]]",-77.47859053,1.4.00,ISRO,Copernicus GLO-30,25,2026204150536,5165,SSAR,"[[""18.50821704"", ""-76.94487435""], [""31.97242777"", ""-75.42135862""], [""41.31964445"", ""-78.28667758""], [""25.24254028"", ""-80.26403687""], [""18.50821704"", ""-76.94487435""]]",SAT_SEN_MODE,J,Y,2026-07-25 02:30:05,2026204150540_49_127,49,23-JUL-2026
NISAR_S2_PR_GUNW_025_020_D_128_026_3700_SH_20260709T145205_20260709T145243_20260721T145205_20260721T145242_P00500_M_F_I_001,NISAR_S2_PR_GUNW_025_020_D_128_026_3700_SH_20260709T145205_20260709T145243_20260721T145205_20260721T145242_P00500_M_F_I_001,NISAR_SSAR_GUNW,20,D,128,020_D_128,HH,128,2026202144900,NISAR,Descending,True,5.482832063,21-JUL-2026,2026-07-21T14:52:05Z,5.991963916,2026-07-22T22:34:01,NISAR_S2_PR_GUNW_025_020_D_128_026_3700_SH_20260709T145205_20260709T145243_20260721T145205_20260721T145242_P00500_M_F_I_001,ObsId_Track_Frame,STUCGUFED,NISAR_SSAR_W,5142,30.09364215,W,41.3531189,247,F,Left,"[[""26.57846212"", ""-78.38950137""], [""37.76149326"", ""-79.07090367""], [""34.84007596"", ""-81.22664993""], [""21.39520505"", ""-80.41061405""], [""26.57846212"", ""-78.38950137""]]",-79.83617305,1.4.00,ISRO,Copernicus GLO-30,25,2026202144840,5136,SSAR,"[[""17.71987221"", ""-78.95098105""], [""33.06304113"", ""-77.45249442""], [""44.34459546"", ""-80.19173282""], [""25.62871549"", ""-82.21345688""], [""17.71987221"", ""-78.95098105""]]",SAT_SEN_MODE,J,Y,2026-07-22 22:46:04,2026202144900_20_128,20,21-JUL-2026
NISAR_S2_PR_GUNW_024_005_D_131_026_3700_SH_20260626T135526_20260626T135559_20260720T135524_20260720T135557_P00500_M_F_I_001,NISAR_S2_PR_GUNW_024_005_D_131_026_3700_SH_20260626T135526_20260626T135559_20260720T135524_20260720T135557_P00500_M_F_I_001,NISAR_SSAR_GUNW,5,D,131,005_D_131,HH,131,2026201135000,NISAR,Descending,True,5.478731535,20-JUL-2026,2026-07-20T13:55:24Z,5.986757627,2026-07-22T08:00:08,NISAR_S2_PR_GUNW_024_005_D_131_026_3700_SH_20260626T135526_20260626T135559_20260720T135524_20260720T135557_P00500_M_F_I_001,ObsId_Track_Frame,STUCGUFED,NISAR_SSAR_W,5127,25.26277058,W,41.36053085,247,F,Left,"[[""22.49822999"", ""-83.30965955""], [""41.27357679"", ""-84.5013313""], [""30.42842813"", ""-86.25385265""], [""8.792226817"", ""-84.67150524""], [""22.49822999"", ""-83.30965955""]]",-84.79579598,1.4.00,ISRO,Copernicus GLO-30,24,2026201134956,5121,SSAR,"[[""6.142983554"", ""-83.62799645""], [""30.6900386"", ""-82.63518451""], [""50.93653473"", ""-85.15515021""], [""12.59458929"", ""-86.8705475""], [""6.142983554"", ""-83.62799645""]]",SAT_SEN_MODE,J,Y,2026-07-22 08:38:04,2026201135000_5_131,5,20-JUL-2026
NISAR_S2_PR_GUNW_024_005_D_130_026_3700_SH_20260626T135454_20260626T135529_20260720T135453_20260720T135527_P00500_M_F_I_001,NISAR_S2_PR_GUNW_024_005_D_130_026_3700_SH_20260626T135454_20260626T135529_20260720T135453_20260720T135527_P00500_M_F_I_001,NISAR_SSAR_GUNW,5,D,130,005_D_130,HH,130,2026201135000,NISAR,Descending,True,5.479781457,20-JUL-2026,2026-07-20T13:54:53Z,5.984427531,2026-07-22T08:04:17,NISAR_S2_PR_GUNW_024_005_D_130_026_3700_SH_20260626T135454_20260626T135529_20260720T135453_20260720T135527_P00500_M_F_I_001,ObsId_Track_Frame,STUCGUFED,NISAR_SSAR_W,5127,34.69222788,W,41.44901657,247,F,Left,"[[""31.05913622"", ""-81.78469122""], [""46.67026734"", ""-82.73354415""], [""40.47910082"", ""-84.67120173""], [""21.42286194"", ""-83.45008138""], [""31.05913622"", ""-81.78469122""]]",-83.254296,1.4.00,ISRO,Copernicus GLO-30,24,2026201134956,5121,SSAR,"[[""17.40198844"", ""-82.45488348""], [""36.9708741"", ""-80.99367609""], [""54.46232221"", ""-83.33769107""], [""30.23816488"", ""-85.51510119""], [""17.40198844"", ""-82.45488348""]]",SAT_SEN_MODE,J,Y,2026-07-22 08:29:33,2026201135000_5_130,5,20-JUL-2026
NISAR_S2_PR_GUNW_024_165_D_128_025_3700_SH_20260707T161520_20260707T161557_20260719T161519_20260719T161556_P00500_M_F_I_001,NISAR_S2_PR_GUNW_024_165_D_128_025_3700_SH_20260707T161520_20260707T161557_20260719T161519_20260719T161556_P00500_M_F_I_001,NISAR_SSAR_GUNW,165,D,128,165_D_128,HH,128,2026200161232,NISAR,Descending,True,5.564529419,20-JUL-2026,2026-07-19T16:15:19Z,5.992065194,2026-07-21T19:26:51,NISAR_S2_PR_GUNW_024_165_D_128_025_3700_SH_20260707T161520_20260707T161557_20260719T161519_20260719T161556_P00500_M_F_I_001,ObsId_Track_Frame,STUCGUFED,NISAR_SSAR_W,5113,9.308807081,W,41.39074326,247,F,Left,"[[""5.779851433"", ""-78.3910086""], [""16.95992237"", ""-79.071766""], [""14.03163753"", ""-81.22726827""], [""0.5964463019"", ""-80.41217768""], [""5.779851433"", ""-78.3910086""]]",-79.83395156,1.4.00,ISRO,Copernicus GLO-30,24,2026200161228,5108,SSAR,"[[""-0.2592551515"", ""-78.32294306""], [""16.09081635"", ""-77.85030165""], [""21.98887967"", ""-80.99182844""], [""-0.3629137816"", ""-81.64463296""], [""-0.2592551515"", ""-78.32294306""]]",SAT_SEN_MODE,J,Y,2026-07-21 19:54:07,2026200161232_165_128,165,19-JUL-2026
NISAR_S2_PR_GUNW_024_165_D_127_025_3700_SH_20260707T161443_20260707T161523_20260719T161443_20260719T161522_P00500_M_F_I_001,NISAR_S2_PR_GUNW_024_165_D_127_025_3700_SH_20260707T161443_20260707T161523_20260719T161443_20260719T161522_P00500_M_F_I_001,NISAR_SSAR_GUNW,165,D,127,165_D_127,HH,127,2026200161232,NISAR,Descending,True,5.48367152,20-JUL-2026,2026-07-19T16:14:43Z,5.992867587,2026-07-21T19:04:31,NISAR_S2_PR_GUNW_024_165_D_127_025_3700_SH_20260707T161443_20260707T161523_20260719T161443_20260719T161522_P00500_M_F_I_001,ObsId_Track_Frame,STUCGUFED,NISAR_SSAR_W,5113,12.55965188,W,41.38739014,247,F,Left,"[[""9.332222717"", ""-76.38824671""], [""18.90209792"", ""-76.98278247""], [""16.69778846"", ""-79.25005801""], [""5.358383054"", ""-78.55769838""], [""9.332222717"", ""-76.38824671""]]",-77.84284144,1.4.00,ISRO,Copernicus GLO-30,24,2026200161228,5108,SSAR,"[[""3.869586811"", ""-76.4126132""], [""17.98209349"", ""-75.75380601""], [""23.49993142"", ""-78.94839921""], [""5.177590085"", ""-79.81888741""], [""3.869586811"", ""-76.4126132""]]",SAT_SEN_MODE,J,Y,2026-07-21 19:20:31,2026200161232_165_127,165,19-JUL-2026
NISAR_S2_PR_GUNW_024_165_D_126_025_3700_SH_20260707T161408_20260707T161447_20260719T161407_20260719T161446_P00500_M_F_I_001,NISAR_S2_PR_GUNW_024_165_D_126_025_3700_SH_20260707T161408_20260707T161447_20260719T161407_20260719T161446_P00500_M_F_I_001,NISAR_SSAR_GUNW,165,D,126,165_D_126,HH,126,2026200161232,NISAR,Descending,True,5.485576356,20-JUL-2026,2026-07-19T16:14:07Z,5.992135063,2026-07-21T19:15:48,NISAR_S2_PR_GUNW_024_165_D_126_025_3700_SH_20260707T161408_20260707T161447_20260719T161407_20260719T161446_P00500_M_F_I_001,ObsId_Track_Frame,STUCGUFED,NISAR_SSAR_W,5113,15.0015456,W,41.37094498,247,F,Left,"[[""11.97144743"", ""-74.39327511""], [""20.37209244"", ""-74.92986135""], [""18.71799555"", ""-77.16342395""], [""8.997896217"", ""-76.55863362""], [""11.97144743"", ""-74.39327511""]]",-75.80123426,1.4.00,ISRO,Copernicus GLO-30,24,2026200161228,5108,SSAR,"[[""7.221595742"", ""-74.48802374""], [""19.42977045"", ""-73.69191572""], [""24.38218806"", ""-76.82906134""], [""9.247540749"", ""-77.83816679""], [""7.221595742"", ""-74.48802374""]]",SAT_SEN_MODE,J,Y,2026-07-21 19:54:07,2026200161232_165_126,165,19-JUL-2026
NISAR_S2_PR_GUNW_024_122_D_126_025_3700_SH_20260704T163906_20260704T163945_20260716T163906_20260716T163944_P00500_M_F_I_001,NISAR_S2_PR_GUNW_024_122_D_126_025_3700_SH_20260704T163906_20260704T163945_20260716T163906_20260716T163944_P00500_M_F_I_001,NISAR_SSAR_GUNW,122,D,126,122_D_126,HH,126,2026197163736,NISAR,Descending,True,5.484989115,16-JUL-2026,2026-07-16T16:39:06Z,5.971009173,2026-07-18T10:13:41,NISAR_S2_PR_GUNW_024_122_D_126_025_3700_SH_20260704T163906_20260704T163945_20260716T163906_20260716T163944_P00500_M_F_I_001,ObsId_Track_Frame,STUCGUFED,NISAR_SSAR_W,5070,8.937877555,W,41.60314941,247,F,Left,"[[""6.151876291"", ""-74.42942701""], [""14.00931892"", ""-74.92510004""], [""12.33038042"", ""-77.15790119""], [""3.239742017"", ""-76.59959448""], [""6.151876291"", ""-74.42942701""]]",-75.81210249,1.4.00,ISRO,Copernicus GLO-30,24,2026197163720,5065,SSAR,"[[""1.807978574"", ""-74.34152765""], [""13.87726242"", ""-73.88453014""], [""17.37489045"", ""-77.02753995""], [""2.289390335"", ""-77.60511578""], [""1.807978574"", ""-74.34152765""]]",SAT_SEN_MODE,J,Y,2026-07-18 10:30:55,2026197163736_122_126,122,16-JUL-2026
NISAR_S2_PR_GUNW_024_122_D_125_025_3700_SH_20260704T163832_20260704T163909_20260716T163830_20260716T163909_P00500_M_F_I_001,NISAR_S2_PR_GUNW_024_122_D_125_025_3700_SH_20260704T163832_20260704T163909_20260716T163830_20260716T163909_P00500_M_F_I_001,NISAR_SSAR_GUNW,122,D,125,122_D_125,HH,125,2026197163736,NISAR,Descending,True,5.486300039,16-JUL-2026,2026-07-16T16:38:30Z,5.970069095,2026-07-18T10:05:27,NISAR_S2_PR_GUNW_024_122_D_125_025_3700_SH_20260704T163832_20260704T163909_20260716T163830_20260716T163909_P00500_M_F_I_001,ObsId_Track_Frame,STUCGUFED,NISAR_SSAR_W,5070,10.76533282,W,41.60691452,247,F,Left,"[[""8.125366812"", ""-72.49613207""], [""15.16100552"", ""-72.9546766""], [""13.8731982"", ""-75.10685068""], [""5.907592752"", ""-74.60462667""], [""8.125366812"", ""-72.49613207""]]",-73.81939579,1.4.00,ISRO,Copernicus GLO-30,24,2026197163720,5065,SSAR,"[[""4.269480503"", ""-72.33349761""], [""15.0232266"", ""-71.76819289""], [""18.33979954"", ""-74.94148913""], [""5.268254428"", ""-75.63848467""], [""4.269480503"", ""-72.33349761""]]",SAT_SEN_MODE,J,Y,2026-07-18 10:30:07,2026197163736_122_125,122,16-JUL-2026
NISAR_S2_PR_GUNW_024_120_D_131_025_3700_SH_20260704T132207_20260704T132240_20260716T132207_20260716T132240_P00500_M_F_I_001,NISAR_S2_PR_GUNW_024_120_D_131_025_3700_SH_20260704T132207_20260704T132240_20260716T132207_20260716T132240_P00500_M_F_I_001,NISAR_SSAR_GUNW,120,D,131,120_D_131,HH,131,2026197131708,NISAR,Descending,True,5.478888199,16-JUL-2026,2026-07-16T13:22:07Z,5.968753441,2026-07-18T11:22:16,NISAR_S2_PR_GUNW_024_120_D_131_025_3700_SH_20260704T132207_20260704T132240_20260716T132207_20260716T132240_P00500_M_F_I_001,ObsId_Track_Frame,STUCGUFED,NISAR_SSAR_W,5070,33.89733746,W,41.58968353,247,F,Left,"[[""31.60827214"", ""-83.38606671""], [""49.14069801"", ""-84.48492196""], [""38.14672955"", ""-86.23009483""], [""17.86101149"", ""-84.7633375""], [""31.60827214"", ""-83.38606671""]]",-84.82014845,1.4.00,ISRO,Copernicus GLO-30,24,2026197131704,5063,SSAR,"[[""13.65820871"", ""-83.91569877""], [""36.13404803"", ""-82.68254906""], [""57.6483754"", ""-84.88882841""], [""27.71850163"", ""-86.90914067""], [""13.65820871"", ""-83.91569877""]]",SAT_SEN_MODE,J,Y,2026-07-18 11:38:03,2026197131708_120_131,120,16-JUL-2026
NISAR_S2_PR_GUNW_024_107_D_129_025_3700_SH_20260703T154236_20260703T154309_20260715T154236_20260715T154308_P00500_M_F_I_001,NISAR_S2_PR_GUNW_024_107_D_129_025_3700_SH_20260703T154236_20260703T154309_20260715T154236_20260715T154308_P00500_M_F_I_001,NISAR_SSAR_GUNW,107,D,129,107_D_129,HH,129,2026196153920,NISAR,Descending,True,5.566291255,16-JUL-2026,2026-07-15T15:42:36Z,5.971756548,2026-07-17T22:16:14,NISAR_S2_PR_GUNW_024_107_D_129_025_3700_SH_20260703T154236_20260703T154309_20260715T154236_20260715T154308_P00500_M_F_I_001,ObsId_Track_Frame,STUCGUFED,NISAR_SSAR_W,5055,13.74450292,W,41.60169601,247,F,Left,"[[""10.10920179"", ""-80.30274525""], [""22.5270879"", ""-81.04237194""], [""18.79013944"", ""-82.89614287""], [""3.927224014"", ""-81.99832205""], [""10.10920179"", ""-80.30274525""]]",-81.62297646,1.4.00,ISRO,Copernicus GLO-30,24,2026196153856,5050,SSAR,"[[""1.786272473"", ""-80.2436519""], [""20.38131153"", ""-79.60042558""], [""28.99061949"", ""-82.51765503""], [""2.663000766"", ""-83.44604032""], [""1.786272473"", ""-80.2436519""]]",SAT_SEN_MODE,J,Y,2026-07-17 22:31:03,2026196153920_107_129,107,15-JUL-2026
NISAR_S2_PR_GUNW_024_107_D_128_025_3700_SH_20260703T154202_20260703T154240_20260715T154201_20260715T154239_P00500_M_F_I_001,NISAR_S2_PR_GUNW_024_107_D_128_025_3700_SH_20260703T154202_20260703T154240_20260715T154201_20260715T154239_P00500_M_F_I_001,NISAR_SSAR_GUNW,107,D,128,107_D_128,HH,128,2026196153920,NISAR,Descending,True,5.481853132,16-JUL-2026,2026-07-15T15:42:01Z,5.970646615,2026-07-18T00:15:12,NISAR_S2_PR_GUNW_024_107_D_128_025_3700_SH_20260703T154202_20260703T154240_20260715T154201_20260715T154239_P00500_M_F_I_001,ObsId_Track_Frame,STUCGUFED,NISAR_SSAR_W,5055,17.85804696,W,41.6551857,247,F,Left,"[[""14.6532281"", ""-78.43594984""], [""25.11294937"", ""-79.06429898""], [""22.14615391"", ""-81.21850237""], [""9.560648101"", ""-80.46574295""], [""14.6532281"", ""-78.43594984""]]",-79.84848419,1.4.00,ISRO,Copernicus GLO-30,24,2026196153856,5050,SSAR,"[[""6.711763947"", ""-78.5271144""], [""22.99383455"", ""-77.6287873""], [""31.34078888"", ""-80.6937072""], [""9.585954177"", ""-81.93479683""], [""6.711763947"", ""-78.5271144""]]",SAT_SEN_MODE,J,Y,2026-07-18 00:33:21,2026196153920_107_128,107,15-JUL-2026
NISAR_S2_PR_GUNW_024_107_D_127_025_3700_SH_20260703T154126_20260703T154205_20260715T154125_20260715T154204_P00500_M_F_I_001,NISAR_S2_PR_GUNW_024_107_D_127_025_3700_SH_20260703T154126_20260703T154205_20260715T154125_20260715T154204_P00500_M_F_I_001,NISAR_SSAR_GUNW,107,D,127,107_D_127,HH,127,2026196153920,NISAR,Descending,True,5.569668919,16-JUL-2026,2026-07-15T15:41:25Z,5.969538034,2026-07-17T23:53:30,NISAR_S2_PR_GUNW_024_107_D_127_025_3700_SH_20260703T154126_20260703T154205_20260715T154125_20260715T154204_P00500_M_F_I_001,ObsId_Track_Frame,STUCGUFED,NISAR_SSAR_W,5055,21.08909546,W,41.63438416,247,F,Left,"[[""18.14069999"", ""-76.42836122""], [""27.09414219"", ""-76.97711488""], [""24.86320238"", ""-79.24355166""], [""14.25429145"", ""-78.60518145""], [""18.14069999"", ""-76.42836122""]]",-77.85636111,1.4.00,ISRO,Copernicus GLO-30,24,2026196153856,5050,SSAR,"[[""11.0544965"", ""-76.6489966""], [""25.06899058"", ""-75.54489497""], [""32.66522413"", ""-78.62997219""], [""14.99046722"", ""-80.0835556""], [""11.0544965"", ""-76.6489966""]]",SAT_SEN_MODE,J,Y,2026-07-18 00:08:03,2026196153920_107_127,107,15-JUL-2026
NISAR_S2_PR_GUNW_024_107_D_126_025_3700_SH_20260703T154050_20260703T154129_20260715T154050_20260715T154128_P00500_M_F_I_001,NISAR_S2_PR_GUNW_024_107_D_126_025_3700_SH_20260703T154050_20260703T154129_20260715T154050_20260715T154128_P00500_M_F_I_001,NISAR_SSAR_GUNW,107,D,126,107_D_126,HH,126,2026196153920,NISAR,Descending,True,5.485018972,16-JUL-2026,2026-07-15T15:40:50Z,5.966575854,2026-07-17T21:47:39,NISAR_S2_PR_GUNW_024_107_D_126_025_3700_SH_20260703T154050_20260703T154129_20260715T154050_20260715T154128_P00500_M_F_I_001,ObsId_Track_Frame,STUCGUFED,NISAR_SSAR_W,5055,23.51273572,W,41.63805008,247,F,Left,"[[""20.72618788"", ""-74.42969015""], [""28.59247469"", ""-74.92545887""], [""26.93140821"", ""-77.15894651""], [""17.82691302"", ""-76.60087917""], [""20.72618788"", ""-74.42969015""]]",-75.81437883,1.4.00,ISRO,Copernicus GLO-30,24,2026196153856,5050,SSAR,"[[""14.6239949"", ""-74.73298466""], [""26.62635192"", ""-73.49112033""], [""33.36351078"", ""-76.5163721""], [""18.91692088"", ""-78.08390827""], [""14.6239949"", ""-74.73298466""]]",SAT_SEN_MODE,J,Y,2026-07-17 21:59:11,2026196153920_107_126,107,15-JUL-2026
NISAR_S2_PR_GUNW_023_049_D_130_025_3700_SH_20260617T150949_20260617T151024_20260711T150948_20260711T151023_P00500_M_F_I_001,NISAR_S2_PR_GUNW_023_049_D_130_025_3700_SH_20260617T150949_20260617T151024_20260711T150948_20260711T151023_P00500_M_F_I_001,NISAR_SSAR_GUNW,49,D,130,049_D_130,HH,130,2026192150540,NISAR,Descending,True,5.479956565,11-JUL-2026,2026-07-11T15:09:48Z,5.98760517,2026-07-19T09:07:49,NISAR_S2_PR_GUNW_023_049_D_130_025_3700_SH_20260617T150949_20260617T151024_20260711T150948_20260711T151023_P00500_M_F_I_001,ObsId_Track_Frame,STUCGUFED,NISAR_SSAR_W,4998,15.95874021,W,41.38267136,247,F,Left,"[[""12.29245589"", ""-81.7819135""], [""27.93927132"", ""-82.73397997""], [""21.74696621"", ""-84.67234834""], [""2.686690799"", ""-83.45092914""], [""12.29245589"", ""-81.7819135""]]",-83.24964712,1.4.00,ISRO,Copernicus GLO-30,23,2026192150536,4992,SSAR,"[[""1.159675208"", ""-81.82775282""], [""23.50026207"", ""-81.09318342""], [""36.60269741"", ""-84.03715835""], [""1.980392831"", ""-85.20876112""], [""1.159675208"", ""-81.82775282""]]",SAT_SEN_MODE,J,Y,2026-07-19 09:20:06,2026192150540_49_130,49,11-JUL-2026
NISAR_S2_PR_GUNW_023_049_D_129_025_3700_SH_20260617T150920_20260617T150952_20260711T150918_20260711T150951_P00500_M_F_I_001,NISAR_S2_PR_GUNW_023_049_D_129_025_3700_SH_20260617T150920_20260617T150952_20260711T150918_20260711T150951_P00500_M_F_I_001,NISAR_SSAR_GUNW,49,D,129,049_D_129,HH,129,2026192150540,NISAR,Descending,True,5.480975003,11-JUL-2026,2026-07-11T15:09:18Z,5.985594068,2026-07-19T09:01:16,NISAR_S2_PR_GUNW_023_049_D_129_025_3700_SH_20260617T150920_20260617T150952_20260711T150918_20260711T150951_P00500_M_F_I_001,ObsId_Track_Frame,STUCGUFED,NISAR_SSAR_W,4998,21.84609996,W,41.4249382,247,F,Left,"[[""17.83785508"", ""-80.25310466""], [""31.13764089"", ""-81.05384414""], [""27.4700099"", ""-82.91009986""], [""11.56122156"", ""-81.93802303""], [""17.83785508"", ""-80.25310466""]]",-81.6119412,1.4.00,ISRO,Copernicus GLO-30,23,2026192150536,4992,SSAR,"[[""8.854899971"", ""-80.4643228""], [""26.86981309"", ""-79.44291555""], [""37.94345781"", ""-82.23041207""], [""13.48169135"", ""-83.69596745""], [""8.854899971"", ""-80.4643228""]]",SAT_SEN_MODE,J,Y,2026-07-19 09:15:03,2026192150540_49_129,49,11-JUL-2026
NISAR_S2_PR_GUNW_023_049_D_127_025_3700_SH_20260617T150809_20260617T150848_20260711T150808_20260711T150847_P00500_M_F_I_001,NISAR_S2_PR_GUNW_023_049_D_127_025_3700_SH_20260617T150809_20260617T150848_20260711T150808_20260711T150847_P00500_M_F_I_001,NISAR_SSAR_GUNW,49,D,127,049_D_127,HH,127,2026192150540,NISAR,Descending,True,5.484213169,11-JUL-2026,2026-07-11T15:08:08Z,5.985309584,2026-07-19T08:59:08,NISAR_S2_PR_GUNW_023_049_D_127_025_3700_SH_20260617T150809_20260617T150848_20260711T150808_20260711T150847_P00500_M_F_I_001,ObsId_Track_Frame,STUCGUFED,NISAR_SSAR_W,4998,29.24259347,W,41.41750336,247,F,Left,"[[""25.98527075"", ""-76.38753105""], [""35.62556925"", ""-76.98479162""], [""33.43961378"", ""-79.25264497""], [""22.02273897"", ""-78.55790429""], [""25.98527075"", ""-76.38753105""]]",-77.84674298,1.4.00,ISRO,Copernicus GLO-30,23,2026192150536,4992,SSAR,"[[""18.50821704"", ""-76.94487435""], [""31.97242777"", ""-75.42135862""], [""41.31964445"", ""-78.28667758""], [""25.24254028"", ""-80.26403687""], [""18.50821704"", ""-76.94487435""]]",SAT_SEN_MODE,J,Y,2026-07-19 09:17:46,2026192150540_49_127,49,11-JUL-2026
NISAR_S2_PR_GUNW_024_020_D_128_025_3700_SH_20260627T145206_20260627T145243_20260709T145205_20260709T145243_P00500_M_F_I_001,NISAR_S2_PR_GUNW_024_020_D_128_025_3700_SH_20260627T145206_20260627T145243_20260709T145205_20260709T145243_P00500_M_F_I_001,NISAR_SSAR_GUNW,20,D,128,020_D_128,HH,128,2026190144900,NISAR,Descending,True,5.482586108,09-JUL-2026,2026-07-09T14:52:05Z,5.984303308,2026-07-18T14:04:36,NISAR_S2_PR_GUNW_024_020_D_128_025_3700_SH_20260627T145206_20260627T145243_20260709T145205_20260709T145243_P00500_M_F_I_001,ObsId_Track_Frame,STUCGUFED,NISAR_SSAR_W,4969,30.15967159,W,41.42586899,247,F,Left,"[[""26.60289916"", ""-78.39090835""], [""37.86138849"", ""-79.07424054""], [""34.96352692"", ""-81.23075876""], [""21.42401499"", ""-80.41241846""], [""26.60289916"", ""-78.39090835""]]",-79.83957603,1.4.00,ISRO,Copernicus GLO-30,24,2026190144840,4963,SSAR,"[[""17.71987221"", ""-78.95098105""], [""33.06304113"", ""-77.45249442""], [""44.34459546"", ""-80.19173282""], [""25.62871549"", ""-82.21345688""], [""17.71987221"", ""-78.95098105""]]",SAT_SEN_MODE,J,Y,2026-07-18 14:19:17,2026190144900_20_128,20,09-JUL-2026
NISAR_S2_PR_GUNW_025_147_D_132_027_3700_SH_20260718T101929_20260718T102007_20260811T101928_20260811T102006_P00500_M_F_I_001,NISAR_S2_PR_GUNW_025_147_D_132_027_3700_SH_20260718T101929_20260718T102007_20260811T101928_20260811T102006_P00500_M_F_I_001,NISAR_SSAR_GUNW,147,D,132,147_D_132,HH,132,2026223101336,NISAR,Descending,True,5.478360187,11-AUG-2026,2026-08-11T10:19:28Z,5.991640998,2026-08-14T18:57:31,NISAR_S2_PR_GUNW_025_147_D_132_027_3700_SH_20260718T101929_20260718T102007_20260811T101928_20260811T102006_P00500_M_F_I_001,ObsId_Track_Frame,STUCGUFED,NISAR_SSAR_W,5438,62.09077052,W,41.33857727,247,F,Left,"[[""64.43202924"", ""-84.55519137""], [""85.76984327"", ""-86.08940707""], [""56.76540444"", ""-87.7097029""], [""41.14660811"", ""-85.5803277""], [""64.43202924"", ""-84.55519137""]]",-86.13630907,1.4.00,ISRO,Copernicus GLO-30,25,2026223101324,5436,SSAR,"[[""26.86981309"", ""-86.10139532""], [""55.36369182"", ""-83.88454367""], [""88.79395122"", ""-84.96575229""], [""86.55778471"", ""-88.23426351""], [""26.86981309"", ""-86.10139532""]]",SAT_SEN_MODE,J,Y,2026-08-14 19:14:05,2026223101336_147_132,147,11-AUG-2026
NISAR_S2_PR_GUNW_025_107_D_125_026_3700_SH_20260715T154014_20260715T154053_20260727T154013_20260727T154052_P00500_M_F_I_001,NISAR_S2_PR_GUNW_025_107_D_125_026_3700_SH_20260715T154014_20260715T154053_20260727T154013_20260727T154052_P00500_M_F_I_001,NISAR_SSAR_GUNW,107,D,125,107_D_125,HH,125,2026208153920,NISAR,Descending,True,5.486668884,10-AUG-2026,2026-07-27T15:40:13Z,5.985878369,2026-08-10T21:51:35,NISAR_S2_PR_GUNW_025_107_D_125_026_3700_SH_20260715T154014_20260715T154053_20260727T154013_20260727T154052_P00500_M_F_I_001,ObsId_Track_Frame,STUCGUFED,NISAR_SSAR_W,5416,25.25543119,W,41.4087944,247,F,Left,"[[""22.43530278"", ""-72.33691064""], [""29.91654914"", ""-72.8309749""], [""28.60077882"", ""-75.11424332""], [""20.11129617"", ""-74.57449229""], [""22.43530278"", ""-72.33691064""]]",-73.74579976,1.4.00,ISRO,Copernicus GLO-30,25,2026208153856,5223,SSAR,"[[""17.35663243"", ""-72.7553131""], [""27.94039247"", ""-71.39125285""], [""34.11317953"", ""-74.41342126""], [""21.7610568"", ""-76.08833642""], [""17.35663243"", ""-72.7553131""]]",SAT_SEN_MODE,J,Y,2026-08-10 22:07:36,2026208153920_107_125,107,27-JUL-2026
NISAR_S2_PR_GUNW_025_078_D_125_026_3700_SH_20260713T152335_20260713T152414_20260725T152335_20260725T152414_P00500_M_F_I_001,NISAR_S2_PR_GUNW_025_078_D_125_026_3700_SH_20260713T152335_20260713T152414_20260725T152335_20260725T152414_P00500_M_F_I_001,NISAR_SSAR_GUNW,78,D,125,078_D_125,HH,125,2026206152216,NISAR,Descending,True,5.486325369,25-JUL-2026,2026-07-25T15:23:35Z,5.992375257,2026-07-26T23:09:53,NISAR_S2_PR_GUNW_025_078_D_125_026_3700_SH_20260713T152335_20260713T152414_20260725T152335_20260725T152414_P00500_M_F_I_001,ObsId_Track_Frame,STUCGUFED,NISAR_SSAR_W,5199,29.40603576,W,41.32551575,247,F,Left,"[[""26.59353922"", ""-72.33701295""], [""34.08098522"", ""-72.83148614""], [""32.75370852"", ""-75.1142672""], [""24.25373981"", ""-74.57327607""], [""26.59353922"", ""-72.33701295""]]",-73.74654094,1.4.00,ISRO,Copernicus GLO-30,25,2026206152212,5194,SSAR,"[[""21.21966325"", ""-72.91274286""], [""31.55862071"", ""-71.3326416""], [""38.41676164"", ""-74.23812879""], [""26.62613407"", ""-76.16596393""], [""21.21966325"", ""-72.91274286""]]",SAT_SEN_MODE,J,Y,2026-07-26 23:23:24,2026206152216_78_125,78,25-JUL-2026
NISAR_S2_PR_GUNW_025_063_D_126_026_3700_SH_20260712T142555_20260712T142634_20260724T142555_20260724T142633_P00500_M_F_I_001,NISAR_S2_PR_GUNW_025_063_D_126_026_3700_SH_20260712T142555_20260712T142634_20260724T142555_20260724T142633_P00500_M_F_I_001,NISAR_SSAR_GUNW,63,D,126,063_D_126,HH,126,2026205142340,NISAR,Descending,True,5.48563508,25-JUL-2026,2026-07-24T14:25:55Z,5.991764699,2026-07-26T06:35:09,NISAR_S2_PR_GUNW_025_063_D_126_026_3700_SH_20260712T142555_20260712T142634_20260724T142555_20260724T142633_P00500_M_F_I_001,ObsId_Track_Frame,STUCGUFED,NISAR_SSAR_W,5185,42.04784363,W,41.35388184,247,F,Left,"[[""39.00738728"", ""-74.39190925""], [""47.43722978"", ""-74.930442""], [""45.79736138"", ""-77.16385723""], [""36.06242929"", ""-76.55894666""], [""39.00738728"", ""-74.39190925""]]",-75.80478822,1.4.00,ISRO,Copernicus GLO-30,25,2026205142320,5179,SSAR,"[[""32.32768406"", ""-75.46539529""], [""42.49791062"", ""-73.36899364""], [""52.11804578"", ""-75.73943118""], [""41.59870745"", ""-78.27159555""], [""32.32768406"", ""-75.46539529""]]",SAT_SEN_MODE,J,Y,2026-07-26 06:51:22,2026205142340_63_126,63,24-JUL-2026
NISAR_S2_PR_GUNW_025_049_D_126_026_3700_SH_20260711T150732_20260711T150811_20260723T150732_20260723T150810_P00500_M_F_I_001,NISAR_S2_PR_GUNW_025_049_D_126_026_3700_SH_20260711T150732_20260711T150811_20260723T150732_20260723T150810_P00500_M_F_I_001,NISAR_SSAR_GUNW,49,D,126,049_D_126,HH,126,2026204150540,NISAR,Descending,True,5.485258165,23-JUL-2026,2026-07-23T15:07:32Z,5.992064439,2026-07-25T00:28:51,NISAR_S2_PR_GUNW_025_049_D_126_026_3700_SH_20260711T150732_20260711T150811_20260723T150732_20260723T150810_P00500_M_F_I_001,ObsId_Track_Frame,STUCGUFED,NISAR_SSAR_W,5171,31.63999212,W,41.35693359,247,F,Left,"[[""28.58363494"", ""-74.39041482""], [""37.03624761"", ""-74.93073734""], [""35.40095573"", ""-77.16503211""], [""25.63691884"", ""-76.55806225""], [""28.58363494"", ""-74.39041482""]]",-75.80282699,1.4.00,ISRO,Copernicus GLO-30,25,2026204150536,5165,SSAR,"[[""22.29362916"", ""-75.04195065""], [""33.70895209"", ""-73.38418491""], [""41.94454392"", ""-76.17522452""], [""28.91086499"", ""-78.23807063""], [""22.29362916"", ""-75.04195065""]]",SAT_SEN_MODE,J,Y,2026-07-25 00:42:03,2026204150540_49_126,49,23-JUL-2026
NISAR_S2_PR_GUNW_025_049_D_125_026_3700_SH_20260711T150656_20260711T150736_20260723T150656_20260723T150735_P00500_M_F_I_001,NISAR_S2_PR_GUNW_025_049_D_125_026_3700_SH_20260711T150656_20260711T150736_20260723T150656_20260723T150735_P00500_M_F_I_001,NISAR_SSAR_GUNW,49,D,125,049_D_125,HH,125,2026204150540,NISAR,Descending,True,5.486379183,23-JUL-2026,2026-07-23T15:06:56Z,5.991418867,2026-07-25T00:58:01,NISAR_S2_PR_GUNW_025_049_D_125_026_3700_SH_20260711T150656_20260711T150736_20260723T150656_20260723T150735_P00500_M_F_I_001,ObsId_Track_Frame,STUCGUFED,NISAR_SSAR_W,5171,33.56274123,W,41.32590866,247,F,Left,"[[""30.75295422"", ""-72.33627949""], [""38.24099445"", ""-72.8308996""], [""36.9060741"", ""-75.11335087""], [""28.41949607"", ""-74.57307216""], [""30.75295422"", ""-72.33627949""]]",-73.74560705,1.4.00,ISRO,Copernicus GLO-30,25,2026204150536,5165,SSAR,"[[""25.12996648"", ""-73.07942384""], [""35.14699359"", ""-71.29460988""], [""42.63845287"", ""-74.06520296""], [""31.52841413"", ""-76.2258531""], [""25.12996648"", ""-73.07942384""]]",SAT_SEN_MODE,J,Y,2026-07-25 01:35:16,2026204150540_49_125,49,23-JUL-2026
NISAR_S2_PR_GUNW_025_034_D_128_026_3700_SH_20260710T141028_20260710T141106_20260722T141027_20260722T141105_P00500_M_F_I_001,NISAR_S2_PR_GUNW_025_034_D_128_026_3700_SH_20260710T141028_20260710T141106_20260722T141027_20260722T141105_P00500_M_F_I_001,NISAR_SSAR_GUNW,34,D,128,034_D_128,HH,128,2026203140632,NISAR,Descending,True,5.482417829,23-JUL-2026,2026-07-22T14:10:27Z,5.990830637,2026-07-24T00:32:13,NISAR_S2_PR_GUNW_025_034_D_128_026_3700_SH_20260710T141028_20260710T141106_20260722T141027_20260722T141105_P00500_M_F_I_001,ObsId_Track_Frame,STUCGUFED,NISAR_SSAR_W,5156,40.50481557,W,41.41676712,247,F,Left,"[[""36.98064845"", ""-78.38873649""], [""48.17693489"", ""-79.07082068""], [""45.27056453"", ""-81.22710301""], [""31.80311162"", ""-80.41029323""], [""36.98064845"", ""-78.38873649""]]",-79.83842207,1.4.00,ISRO,Copernicus GLO-30,25,2026203140628,5150,SSAR,"[[""27.56790349"", ""-79.36208362""], [""41.33057536"", ""-77.45536205""], [""54.23408769"", ""-79.77678313""], [""39.4924483"", ""-82.2487479""], [""27.56790349"", ""-79.36208362""]]",SAT_SEN_MODE,J,Y,2026-07-24 00:45:09,2026203140632_34_128,34,22-JUL-2026
NISAR_S2_PR_GUNW_025_034_D_127_026_3700_SH_20260710T140952_20260710T141031_20260722T140951_20260722T141030_P00500_M_F_I_001,NISAR_S2_PR_GUNW_025_034_D_127_026_3700_SH_20260710T140952_20260710T141031_20260722T140951_20260722T141030_P00500_M_F_I_001,NISAR_SSAR_GUNW,34,D,127,034_D_127,HH,127,2026203140632,NISAR,Descending,True,5.567954571,23-JUL-2026,2026-07-22T14:09:51Z,5.990555241,2026-07-24T00:18:10,NISAR_S2_PR_GUNW_025_034_D_127_026_3700_SH_20260710T140952_20260710T141031_20260722T140951_20260722T141030_P00500_M_F_I_001,ObsId_Track_Frame,STUCGUFED,NISAR_SSAR_W,5156,43.76910937,W,41.36049652,247,F,Left,"[[""40.52318503"", ""-76.38546905""], [""50.1378796"", ""-76.98290777""], [""47.96064156"", ""-79.25116174""], [""36.57059439"", ""-78.55664239""], [""40.52318503"", ""-76.38546905""]]",-77.84797796,1.4.00,ISRO,Copernicus GLO-30,25,2026203140628,5150,SSAR,"[[""32.48517142"", ""-77.54862491""], [""43.99234315"", ""-75.42141763""], [""55.39028135"", ""-77.67881465""], [""43.70118651"", ""-80.30622369""], [""32.48517142"", ""-77.54862491""]]",SAT_SEN_MODE,J,Y,2026-07-24 00:32:39,2026203140632_34_127,34,22-JUL-2026
NISAR_S2_PR_GUNW_025_034_D_126_026_3700_SH_20260710T140917_20260710T140955_20260722T140916_20260722T140954_P00500_M_F_I_001,NISAR_S2_PR_GUNW_025_034_D_126_026_3700_SH_20260710T140917_20260710T140955_20260722T140916_20260722T140954_P00500_M_F_I_001,NISAR_SSAR_GUNW,34,D,126,034_D_126,HH,126,2026203140632,NISAR,Descending,True,5.485185339,23-JUL-2026,2026-07-22T14:09:16Z,5.991611422,2026-07-24T00:31:17,NISAR_S2_PR_GUNW_025_034_D_126_026_3700_SH_20260710T140917_20260710T140955_20260722T140916_20260722T140954_P00500_M_F_I_001,ObsId_Track_Frame,STUCGUFED,NISAR_SSAR_W,5156,46.21236619,W,41.40973663,247,F,Left,"[[""43.16815422"", ""-74.39143118""], [""51.60591941"", ""-74.93038202""], [""49.96951295"", ""-77.16391527""], [""40.22304179"", ""-76.55844441""], [""43.16815422"", ""-74.39143118""]]",-75.80569153,1.4.00,ISRO,Copernicus GLO-30,25,2026203140628,5150,SSAR,"[[""36.52259097"", ""-75.64214848""], [""46.02876987"", ""-73.40954916""], [""56.03384539"", ""-75.57969845""], [""46.68334698"", ""-78.23604866""], [""36.52259097"", ""-75.64214848""]]",SAT_SEN_MODE,J,Y,2026-07-24 00:48:13,2026203140632_34_126,34,22-JUL-2026
NISAR_S2_PR_GUNW_025_020_D_127_026_3700_SH_20260709T145129_20260709T145208_20260721T145128_20260721T145208_P00500_M_F_I_001,NISAR_S2_PR_GUNW_025_020_D_127_026_3700_SH_20260709T145129_20260709T145208_20260721T145128_20260721T145208_P00500_M_F_I_001,NISAR_SSAR_GUNW,20,D,127,020_D_127,HH,127,2026202144900,NISAR,Descending,True,5.483930547,21-JUL-2026,2026-07-21T14:51:28Z,5.991583398,2026-07-22T22:44:51,NISAR_S2_PR_GUNW_025_020_D_127_026_3700_SH_20260709T145129_20260709T145208_20260721T145128_20260721T145208_P00500_M_F_I_001,ObsId_Track_Frame,STUCGUFED,NISAR_SSAR_W,5142,33.35608295,W,41.34413147,247,F,Left,"[[""30.12585018"", ""-76.38646005""], [""39.71849778"", ""-76.98264213""], [""37.52208155"", ""-79.25019064""], [""26.16232657"", ""-78.55674141""], [""30.12585018"", ""-76.38646005""]]",-77.84541442,1.4.00,ISRO,Copernicus GLO-30,25,2026202144840,5136,SSAR,"[[""22.36258071"", ""-77.11149917""], [""35.41143612"", ""-75.39236667""], [""45.47239266"", ""-78.10618837""], [""30.4675274"", ""-80.31195061""], [""22.36258071"", ""-77.11149917""]]",SAT_SEN_MODE,J,Y,2026-07-22 23:01:13,2026202144900_20_127,20,21-JUL-2026
NISAR_S2_PR_GUNW_025_020_D_126_026_3700_SH_20260709T145054_20260709T145132_20260721T145053_20260721T145132_P00500_M_F_I_001,NISAR_S2_PR_GUNW_025_020_D_126_026_3700_SH_20260709T145054_20260709T145132_20260721T145053_20260721T145132_P00500_M_F_I_001,NISAR_SSAR_GUNW,20,D,126,020_D_126,HH,126,2026202144900,NISAR,Descending,True,5.570027292,21-JUL-2026,2026-07-21T14:50:53Z,5.991436405,2026-07-22T22:47:00,NISAR_S2_PR_GUNW_025_020_D_126_026_3700_SH_20260709T145054_20260709T145132_20260721T145053_20260721T145132_P00500_M_F_I_001,ObsId_Track_Frame,STUCGUFED,NISAR_SSAR_W,5142,35.80322888,W,41.37901306,247,F,Left,"[[""32.74972156"", ""-74.39095344""], [""41.19579702"", ""-74.9308022""], [""39.55919623"", ""-77.1643582""], [""29.8133057"", ""-76.55874012""], [""32.74972156"", ""-74.39095344""]]",-75.80302608,1.4.00,ISRO,Copernicus GLO-30,25,2026202144840,5136,SSAR,"[[""26.2568282"", ""-75.20530565""], [""37.21895378"", ""-73.36206685""], [""46.08812622"", ""-76.002782""], [""34.00330281"", ""-78.27305852""], [""26.2568282"", ""-75.20530565""]]",SAT_SEN_MODE,J,Y,2026-07-22 23:08:58,2026202144900_20_126,20,21-JUL-2026
NISAR_S2_PR_GUNW_025_020_D_125_026_3700_SH_20260709T145018_20260709T145057_20260721T145017_20260721T145056_P00500_M_F_I_001,NISAR_S2_PR_GUNW_025_020_D_125_026_3700_SH_20260709T145018_20260709T145057_20260721T145017_20260721T145056_P00500_M_F_I_001,NISAR_SSAR_GUNW,20,D,125,020_D_125,HH,125,2026202144900,NISAR,Descending,True,5.486725798,21-JUL-2026,2026-07-21T14:50:17Z,5.99087588,2026-07-22T22:51:51,NISAR_S2_PR_GUNW_025_020_D_125_026_3700_SH_20260709T145018_20260709T145057_20260721T145017_20260721T145056_P00500_M_F_I_001,ObsId_Track_Frame,STUCGUFED,NISAR_SSAR_W,5142,37.71430478,W,41.34806442,247,F,Left,"[[""34.91524472"", ""-72.33606703""], [""42.40206699"", ""-72.83062852""], [""41.06683329"", ""-75.1130468""], [""32.55569681"", ""-74.57062098""], [""34.91524472"", ""-72.33606703""]]",-73.74753227,1.4.00,ISRO,Copernicus GLO-30,25,2026202144840,5136,SSAR,"[[""29.13332507"", ""-73.25092457""], [""38.73202847"", ""-71.27770356""], [""46.77181094"", ""-73.88702742""], [""36.4740402"", ""-76.25211473""], [""29.13332507"", ""-73.25092457""]]",SAT_SEN_MODE,J,Y,2026-07-22 23:07:04,2026202144900_20_125,20,21-JUL-2026
NISAR_S2_PR_GUNW_025_018_D_131_026_3700_SH_20260709T113355_20260709T113427_20260721T113354_20260721T113427_P00500_M_F_I_001,NISAR_S2_PR_GUNW_025_018_D_131_026_3700_SH_20260709T113355_20260709T113427_20260721T113354_20260721T113427_P00500_M_F_I_001,NISAR_SSAR_GUNW,18,D,131,018_D_131,HH,131,2026202112832,NISAR,Descending,True,5.479640145,21-JUL-2026,2026-07-21T11:33:54Z,5.991023767,2026-07-22T22:55:42,NISAR_S2_PR_GUNW_025_018_D_131_026_3700_SH_20260709T113355_20260709T113427_20260721T113354_20260721T113427_P00500_M_F_I_001,ObsId_Track_Frame,STUCGUFED,NISAR_SSAR_W,5135,60.67823972,W,41.38780594,247,F,Left,"[[""57.83134078"", ""-83.30583478""], [""76.46644887"", ""-84.49471927""], [""65.77595343"", ""-86.22292348""], [""44.31769476"", ""-84.64746437""], [""57.83134078"", ""-83.30583478""]]",-84.77434124,1.4.00,ISRO,Copernicus GLO-30,25,2026202112828,5134,SSAR,"[[""39.39256804"", ""-84.82428489""], [""55.35259863"", ""-82.96835129""], [""79.43576797"", ""-84.11343405""], [""71.8079755"", ""-86.54126412""], [""39.39256804"", ""-84.82428489""]]",SAT_SEN_MODE,J,Y,2026-07-22 23:09:16,2026202112832_18_131,18,21-JUL-2026
NISAR_S2_PR_GUNW_024_005_D_129_026_3700_SH_20260626T135424_20260626T135457_20260720T135423_20260720T135456_P00500_M_F_I_001,NISAR_S2_PR_GUNW_024_005_D_129_026_3700_SH_20260626T135424_20260626T135457_20260720T135423_20260720T135456_P00500_M_F_I_001,NISAR_SSAR_GUNW,5,D,129,005_D_129,HH,129,2026201135000,NISAR,Descending,True,5.481430557,20-JUL-2026,2026-07-20T13:54:23Z,5.982393931,2026-07-22T07:56:57,NISAR_S2_PR_GUNW_024_005_D_129_026_3700_SH_20260626T135424_20260626T135457_20260720T135423_20260720T135456_P00500_M_F_I_001,ObsId_Track_Frame,STUCGUFED,NISAR_SSAR_W,5127,40.57810984,W,41.4010849,247,F,Left,"[[""36.5598228"", ""-80.25140556""], [""49.87718751"", ""-81.05323847""], [""46.22285334"", ""-82.90994515""], [""30.29158198"", ""-81.93695386""], [""36.5598228"", ""-80.25140556""]]",-81.61441447,1.4.00,ISRO,Copernicus GLO-30,24,2026201134956,5121,SSAR,"[[""26.20374836"", ""-81.0880188""], [""41.08175114"", ""-79.4004425""], [""55.88552705"", ""-81.57840007""], [""39.80557109"", ""-83.84675722""], [""26.20374836"", ""-81.0880188""]]",SAT_SEN_MODE,J,Y,2026-07-22 08:06:38,2026201135000_5_129,5,20-JUL-2026
NISAR_S2_PR_GUNW_024_005_D_128_026_3700_SH_20260626T135350_20260626T135427_20260720T135349_20260720T135426_P00500_M_F_I_001,NISAR_S2_PR_GUNW_024_005_D_128_026_3700_SH_20260626T135350_20260626T135427_20260720T135349_20260720T135426_P00500_M_F_I_001,NISAR_SSAR_GUNW,5,D,128,005_D_128,HH,128,2026201135000,NISAR,Descending,True,5.483597405,20-JUL-2026,2026-07-20T13:53:49Z,5.982315694,2026-07-22T07:59:32,NISAR_S2_PR_GUNW_024_005_D_128_026_3700_SH_20260626T135350_20260626T135427_20260720T135349_20260720T135426_P00500_M_F_I_001,ObsId_Track_Frame,STUCGUFED,NISAR_SSAR_W,5127,44.73014651,W,41.4830513,247,F,Left,"[[""41.15434037"", ""-78.38818799""], [""52.44130074"", ""-79.07341709""], [""49.5669961"", ""-81.23078615""], [""35.98323164"", ""-80.41027327""], [""41.15434037"", ""-78.38818799""]]",-79.84173343,1.4.00,ISRO,Copernicus GLO-30,24,2026201134956,5121,SSAR,"[[""31.70233525"", ""-79.53648317""], [""44.65768426"", ""-77.49919125""], [""57.95980535"", ""-79.62234065""], [""44.96558812"", ""-82.20978286""], [""31.70233525"", ""-79.53648317""]]",SAT_SEN_MODE,J,Y,2026-07-22 08:27:07,2026201135000_5_128,5,20-JUL-2026
NISAR_S2_PR_GUNW_024_005_D_127_026_3700_SH_20260626T135314_20260626T135353_20260720T135312_20260720T135352_P00500_M_F_I_001,NISAR_S2_PR_GUNW_024_005_D_127_026_3700_SH_20260626T135314_20260626T135353_20260720T135312_20260720T135352_P00500_M_F_I_001,NISAR_SSAR_GUNW,5,D,127,005_D_127,HH,127,2026201135000,NISAR,Descending,True,5.57014575,20-JUL-2026,2026-07-20T13:53:12Z,5.984221508,2026-07-22T08:34:09,NISAR_S2_PR_GUNW_024_005_D_127_026_3700_SH_20260626T135314_20260626T135353_20260720T135312_20260720T135352_P00500_M_F_I_001,ObsId_Track_Frame,STUCGUFED,NISAR_SSAR_W,5127,47.97844341,W,41.44431305,247,F,Left,"[[""44.69039084"", ""-76.38499691""], [""54.37906148"", ""-76.98530112""], [""52.22286034"", ""-79.25423963""], [""40.74714794"", ""-78.55695197""], [""44.69039084"", ""-76.38499691""]]",-77.8507251,1.4.00,ISRO,Copernicus GLO-30,24,2026201134956,5121,SSAR,"[[""36.70959566"", ""-77.72891451""], [""47.44642055"", ""-75.47513676""], [""59.16100273"", ""-77.52149114""], [""48.90547891"", ""-80.25359902""], [""36.70959566"", ""-77.72891451""]]",SAT_SEN_MODE,J,Y,2026-07-22 08:54:04,2026201135000_5_127,5,20-JUL-2026
NISAR_S2_PR_GUNW_024_005_D_126_026_3700_SH_20260626T135238_20260626T135317_20260720T135237_20260720T135316_P00500_M_F_I_001,NISAR_S2_PR_GUNW_024_005_D_126_026_3700_SH_20260626T135238_20260626T135317_20260720T135237_20260720T135316_P00500_M_F_I_001,NISAR_SSAR_GUNW,5,D,126,005_D_126,HH,126,2026201135000,NISAR,Descending,True,5.570870506,20-JUL-2026,2026-07-20T13:52:37Z,5.984875518,2026-07-22T07:57:48,NISAR_S2_PR_GUNW_024_005_D_126_026_3700_SH_20260626T135238_20260626T135317_20260720T135237_20260720T135316_P00500_M_F_I_001,ObsId_Track_Frame,STUCGUFED,NISAR_SSAR_W,5127,50.41786679,W,41.39755249,247,F,Left,"[[""47.34128819"", ""-74.39231226""], [""55.83430613"", ""-74.93319371""], [""54.21975952"", ""-77.16748121""], [""44.3961316"", ""-76.55932385""], [""47.34128819"", ""-74.39231226""]]",-75.80993145,1.4.00,ISRO,Copernicus GLO-30,24,2026201134956,5121,SSAR,"[[""40.81508387"", ""-75.81542961""], [""49.57199083"", ""-73.47511651""], [""59.84993557"", ""-75.43109156""], [""51.70983681"", ""-78.16988544""], [""40.81508387"", ""-75.81542961""]]",SAT_SEN_MODE,J,Y,2026-07-22 08:22:49,2026201135000_5_126,5,20-JUL-2026
NISAR_S2_PR_GUNW_023_134_D_131_025_3700_SH_20260623T124031_20260623T124104_20260717T124029_20260717T124103_P00500_M_F_I_001,NISAR_S2_PR_GUNW_023_134_D_131_025_3700_SH_20260623T124031_20260623T124104_20260717T124029_20260717T124103_P00500_M_F_I_001,NISAR_SSAR_GUNW,134,D,131,134_D_131,HH,131,2026198123548,NISAR,Descending,True,5.479652877,17-JUL-2026,2026-07-17T12:40:29Z,5.982899336,2026-07-19T02:13:04,NISAR_S2_PR_GUNW_023_134_D_131_025_3700_SH_20260623T124031_20260623T124104_20260717T124029_20260717T124103_P00500_M_F_I_001,ObsId_Track_Frame,STUCGUFED,NISAR_SSAR_W,5078,44.01324396,W,41.47424698,247,F,Left,"[[""41.25682011"", ""-83.31108034""], [""60.00625571"", ""-84.50025937""], [""49.17013003"", ""-86.25303453""], [""27.50841704"", ""-84.6680339""], [""41.25682011"", ""-83.31108034""]]",-84.7998434,1.4.00,ISRO,Copernicus GLO-30,23,2026198123544,5077,SSAR,"[[""24.09744522"", ""-84.29149699""], [""43.15965401"", ""-82.85944452""], [""65.26425828"", ""-84.61929988""], [""45.99346886"", ""-86.75781221""], [""24.09744522"", ""-84.29149699""]]",SAT_SEN_MODE,J,Y,2026-07-19 02:24:17,2026198123548_134_131,134,17-JUL-2026
NISAR_S2_PR_GUNW_023_134_D_130_025_3700_SH_20260623T123959_20260623T124034_20260717T123958_20260717T124033_P00500_M_F_I_001,NISAR_S2_PR_GUNW_023_134_D_130_025_3700_SH_20260623T123959_20260623T124034_20260717T123958_20260717T124033_P00500_M_F_I_001,NISAR_SSAR_GUNW,134,D,130,134_D_130,HH,130,2026198123548,NISAR,Descending,True,5.480830699,17-JUL-2026,2026-07-17T12:39:58Z,5.98568497,2026-07-19T02:07:17,NISAR_S2_PR_GUNW_023_134_D_130_025_3700_SH_20260623T123959_20260623T124034_20260717T123958_20260717T124033_P00500_M_F_I_001,ObsId_Track_Frame,STUCGUFED,NISAR_SSAR_W,5078,53.39943574,W,41.39314651,247,F,Left,"[[""49.75446819"", ""-81.77967869""], [""65.37301596"", ""-82.73078317""], [""59.16496846"", ""-84.66773015""], [""40.1296348"", ""-83.44560229""], [""49.75446819"", ""-81.77967869""]]",-83.25286312,1.4.00,ISRO,Copernicus GLO-30,23,2026198123544,5077,SSAR,"[[""36.74806261"", ""-83.15190304""], [""50.81505766"", ""-81.32134656""], [""69.41309086"", ""-82.81005155""], [""58.32025237"", ""-85.18262875""], [""36.74806261"", ""-83.15190304""]]",SAT_SEN_MODE,J,Y,2026-07-19 02:19:03,2026198123548_134_130,134,17-JUL-2026
NISAR_S2_PR_GUNW_024_120_D_130_025_3700_SH_20260704T132136_20260704T132210_20260716T132135_20260716T132210_P00500_M_F_I_001,NISAR_S2_PR_GUNW_024_120_D_130_025_3700_SH_20260704T132136_20260704T132210_20260716T132135_20260716T132210_P00500_M_F_I_001,NISAR_SSAR_GUNW,120,D,130,120_D_130,HH,130,2026197131708,NISAR,Descending,True,5.48025746,16-JUL-2026,2026-07-16T13:21:35Z,5.96840204,2026-07-18T10:22:26,NISAR_S2_PR_GUNW_024_120_D_130_025_3700_SH_20260704T132136_20260704T132210_20260716T132135_20260716T132210_P00500_M_F_I_001,ObsId_Track_Frame,STUCGUFED,NISAR_SSAR_W,5070,43.26826519,W,41.62599182,247,F,Left,"[[""40.073884"", ""-81.84471559""], [""54.611871"", ""-82.71877833""], [""48.29682951"", ""-84.6515419""], [""30.52278499"", ""-83.52517698""], [""40.073884"", ""-81.84471559""]]",-83.27029114,1.4.00,ISRO,Copernicus GLO-30,24,2026197131704,5063,SSAR,"[[""25.53322893"", ""-82.76817231""], [""42.98570312"", ""-81.08544985""], [""61.4026465"", ""-83.07207354""], [""43.23217294"", ""-85.44559646""], [""25.53322893"", ""-82.76817231""]]",SAT_SEN_MODE,J,Y,2026-07-18 10:39:03,2026197131708_120_130,120,16-JUL-2026
NISAR_S2_PR_GUNW_024_120_D_129_025_3700_SH_20260704T132106_20260704T132139_20260716T132105_20260716T132138_P00500_M_F_I_001,NISAR_S2_PR_GUNW_024_120_D_129_025_3700_SH_20260704T132106_20260704T132139_20260716T132105_20260716T132138_P00500_M_F_I_001,NISAR_SSAR_GUNW,120,D,129,120_D_129,HH,129,2026197131708,NISAR,Descending,True,5.568066749,16-JUL-2026,2026-07-16T13:21:05Z,5.967844257,2026-07-18T10:59:16,NISAR_S2_PR_GUNW_024_120_D_129_025_3700_SH_20260704T132106_20260704T132139_20260716T132105_20260716T132138_P00500_M_F_I_001,ObsId_Track_Frame,STUCGUFED,NISAR_SSAR_W,5070,49.10730092,W,41.57157516,247,F,Left,"[[""45.48716117"", ""-80.30127407""], [""57.87681794"", ""-81.03987086""], [""54.14796799"", ""-82.89392203""], [""39.31677211"", ""-81.99774707""], [""45.48716117"", ""-80.30127407""]]",-81.62640866,1.4.00,ISRO,Copernicus GLO-30,24,2026197131704,5063,SSAR,"[[""34.70350609"", ""-81.39081466""], [""47.53175075"", ""-79.52646492""], [""63.10263312"", ""-81.32968841""], [""51.33076345"", ""-83.71692305""], [""34.70350609"", ""-81.39081466""]]",SAT_SEN_MODE,J,Y,2026-07-18 11:15:13,2026197131708_120_129,120,16-JUL-2026
NISAR_S2_PR_GUNW_024_120_D_128_025_3700_SH_20260704T132032_20260704T132109_20260716T132031_20260716T132109_P00500_M_F_I_001,NISAR_S2_PR_GUNW_024_120_D_128_025_3700_SH_20260704T132032_20260704T132109_20260716T132031_20260716T132109_P00500_M_F_I_001,NISAR_SSAR_GUNW,120,D,128,120_D_128,HH,128,2026197131708,NISAR,Descending,True,5.482844992,16-JUL-2026,2026-07-16T13:20:31Z,5.96953913,2026-07-18T11:19:44,NISAR_S2_PR_GUNW_024_120_D_128_025_3700_SH_20260704T132032_20260704T132109_20260716T132031_20260716T132109_P00500_M_F_I_001,ObsId_Track_Frame,STUCGUFED,NISAR_SSAR_W,5070,53.21933592,W,41.62129593,247,F,Left,"[[""49.98240975"", ""-78.43073897""], [""60.49481574"", ""-79.06325992""], [""57.56668958"", ""-81.21892032""], [""44.91904697"", ""-80.46281941""], [""49.98240975"", ""-78.43073897""]]",-79.85275491,1.4.00,ISRO,Copernicus GLO-30,24,2026197131704,5063,SSAR,"[[""40.39445157"", ""-79.87141265""], [""51.40237615"", ""-77.6499901""], [""65.18510866"", ""-79.35582695""], [""55.75432238"", ""-82.05194562""], [""40.39445157"", ""-79.87141265""]]",SAT_SEN_MODE,J,Y,2026-07-18 11:34:03,2026197131708_120_128,120,16-JUL-2026
NISAR_S2_PR_GUNW_024_107_D_125_025_3700_SH_20260703T154016_20260703T154054_20260715T154014_20260715T154053_P00500_M_F_I_001,NISAR_S2_PR_GUNW_024_107_D_125_025_3700_SH_20260703T154016_20260703T154054_20260715T154014_20260715T154053_P00500_M_F_I_001,NISAR_SSAR_GUNW,107,D,125,107_D_125,HH,125,2026196153920,NISAR,Descending,True,5.573085695,16-JUL-2026,2026-07-15T15:40:14Z,5.964968716,2026-07-17T23:06:20,NISAR_S2_PR_GUNW_024_107_D_125_025_3700_SH_20260703T154016_20260703T154054_20260715T154014_20260715T154053_P00500_M_F_I_001,ObsId_Track_Frame,STUCGUFED,NISAR_SSAR_W,5055,25.352646,W,41.63069153,247,F,Left,"[[""22.70008363"", ""-72.4887102""], [""29.74836017"", ""-72.94779094""], [""28.48069656"", ""-75.10877718""], [""20.51837679"", ""-74.60844262""], [""22.70008363"", ""-72.4887102""]]",-73.81701745,1.4.00,ISRO,Copernicus GLO-30,24,2026196153856,5050,SSAR,"[[""17.35663243"", ""-72.7553131""], [""27.94039247"", ""-71.39125285""], [""34.11317953"", ""-74.41342126""], [""21.7610568"", ""-76.08833642""], [""17.35663243"", ""-72.7553131""]]",SAT_SEN_MODE,J,Y,2026-07-17 23:22:03,2026196153920_107_125,107,15-JUL-2026
NISAR_S2_PR_GUNW_024_078_D_125_025_3700_SH_20260701T152337_20260701T152415_20260713T152335_20260713T152414_P00500_M_F_I_001,NISAR_S2_PR_GUNW_024_078_D_125_025_3700_SH_20260701T152337_20260701T152415_20260713T152335_20260713T152414_P00500_M_F_I_001,NISAR_SSAR_GUNW,78,D,125,078_D_125,HH,125,2026194152216,NISAR,Descending,True,5.571345663,13-JUL-2026,2026-07-13T15:23:35Z,5.968924122,2026-07-15T05:14:16,NISAR_S2_PR_GUNW_024_078_D_125_025_3700_SH_20260701T152337_20260701T152415_20260713T152335_20260713T152414_P00500_M_F_I_001,ObsId_Track_Frame,STUCGUFED,NISAR_SSAR_W,5026,29.54831469,W,41.61544418,247,F,Left,"[[""26.93563259"", ""-72.41947254""], [""33.95507751"", ""-72.87692529""], [""32.64027187"", ""-75.10918429""], [""24.69276089"", ""-74.61000475""], [""26.93563259"", ""-72.41947254""]]",-73.78190381,1.4.00,ISRO,Copernicus GLO-30,24,2026194152212,5021,SSAR,"[[""21.21966325"", ""-72.91274286""], [""31.55862071"", ""-71.3326416""], [""38.41676164"", ""-74.23812879""], [""26.62613407"", ""-76.16596393""], [""21.21966325"", ""-72.91274286""]]",SAT_SEN_MODE,J,Y,2026-07-15 05:35:36,2026194152216_78_125,78,13-JUL-2026
NISAR_S2_PR_GUNW_023_063_D_126_025_3700_SH_20260618T142556_20260618T142635_20260712T142555_20260712T142634_P00500_M_F_I_001,NISAR_S2_PR_GUNW_023_063_D_126_025_3700_SH_20260618T142556_20260618T142635_20260712T142555_20260712T142634_P00500_M_F_I_001,NISAR_SSAR_GUNW,63,D,126,063_D_126,HH,126,2026193142340,NISAR,Descending,True,5.572775073,13-JUL-2026,2026-07-12T14:25:55Z,5.984373028,2026-07-19T12:10:27,NISAR_S2_PR_GUNW_023_063_D_126_025_3700_SH_20260618T142556_20260618T142635_20260712T142555_20260712T142634_P00500_M_F_I_001,ObsId_Track_Frame,STUCGUFED,NISAR_SSAR_W,5012,42.08688238,W,41.3852272,247,F,Left,"[[""39.01120626"", ""-74.39138897""], [""47.50855572"", ""-74.93272072""], [""45.88058687"", ""-77.16645712""], [""36.06692194"", ""-76.55846215""], [""39.01120626"", ""-74.39138897""]]",-75.80643747,1.4.00,ISRO,Copernicus GLO-30,23,2026193142320,5006,SSAR,"[[""32.32768406"", ""-75.46539529""], [""42.49791062"", ""-73.36899364""], [""52.11804578"", ""-75.73943118""], [""41.59870745"", ""-78.27159555""], [""32.32768406"", ""-75.46539529""]]",SAT_SEN_MODE,J,Y,2026-07-19 12:27:04,2026193142340_63_126,63,12-JUL-2026
NISAR_S2_PR_GUNW_023_049_D_126_025_3700_SH_20260617T150734_20260617T150812_20260711T150732_20260711T150811_P00500_M_F_I_001,NISAR_S2_PR_GUNW_023_049_D_126_025_3700_SH_20260617T150734_20260617T150812_20260711T150732_20260711T150811_P00500_M_F_I_001,NISAR_SSAR_GUNW,49,D,126,049_D_126,HH,126,2026192150540,NISAR,Descending,True,5.48579658,11-JUL-2026,2026-07-11T15:07:32Z,5.985362464,2026-07-19T09:26:55,NISAR_S2_PR_GUNW_023_049_D_126_025_3700_SH_20260617T150734_20260617T150812_20260711T150732_20260711T150811_P00500_M_F_I_001,ObsId_Track_Frame,STUCGUFED,NISAR_SSAR_W,4998,31.68043305,W,41.3914299,247,F,Left,"[[""28.60763003"", ""-74.39192381""], [""37.08835458"", ""-74.93246975""], [""35.46168858"", ""-77.16699733""], [""25.66446211"", ""-76.55983957""], [""28.60763003"", ""-74.39192381""]]",-75.80483237,1.4.00,ISRO,Copernicus GLO-30,23,2026192150536,4992,SSAR,"[[""22.29362916"", ""-75.04195065""], [""33.70895209"", ""-73.38418491""], [""41.94454392"", ""-76.17522452""], [""28.91086499"", ""-78.23807063""], [""22.29362916"", ""-75.04195065""]]",SAT_SEN_MODE,J,Y,2026-07-19 09:40:13,2026192150540_49_126,49,11-JUL-2026
NISAR_S2_PR_GUNW_023_049_D_125_025_3700_SH_20260617T150658_20260617T150737_20260711T150656_20260711T150736_P00500_M_F_I_001,NISAR_S2_PR_GUNW_023_049_D_125_025_3700_SH_20260617T150658_20260617T150737_20260711T150656_20260711T150736_P00500_M_F_I_001,NISAR_SSAR_GUNW,49,D,125,049_D_125,HH,125,2026192150540,NISAR,Descending,True,5.486369384,11-JUL-2026,2026-07-11T15:06:56Z,5.985475678,2026-07-19T09:28:39,NISAR_S2_PR_GUNW_023_049_D_125_025_3700_SH_20260617T150658_20260617T150737_20260711T150656_20260711T150736_P00500_M_F_I_001,ObsId_Track_Frame,STUCGUFED,NISAR_SSAR_W,4998,33.59219724,W,41.43661499,247,F,Left,"[[""30.75404909"", ""-72.33599093""], [""38.29656443"", ""-72.83307132""], [""36.97047348"", ""-75.11574929""], [""28.42079498"", ""-74.57279213""], [""30.75404909"", ""-72.33599093""]]",-73.74718159,1.4.00,ISRO,Copernicus GLO-30,23,2026192150536,4992,SSAR,"[[""25.12996648"", ""-73.07942384""], [""35.14699359"", ""-71.29460988""], [""42.63845287"", ""-74.06520296""], [""31.52841413"", ""-76.2258531""], [""25.12996648"", ""-73.07942384""]]",SAT_SEN_MODE,J,Y,2026-07-19 09:44:08,2026192150540_49_125,49,11-JUL-2026
NISAR_S2_PR_GUNW_024_034_D_128_025_3700_SH_20260628T141029_20260628T141106_20260710T141028_20260710T141106_P00500_M_F_I_001,NISAR_S2_PR_GUNW_024_034_D_128_025_3700_SH_20260628T141029_20260628T141106_20260710T141028_20260710T141106_P00500_M_F_I_001,NISAR_SSAR_GUNW,34,D,128,034_D_128,HH,128,2026191140632,NISAR,Descending,True,5.567322612,11-JUL-2026,2026-07-10T14:10:28Z,5.950478298,2026-07-19T08:11:58,NISAR_S2_PR_GUNW_024_034_D_128_025_3700_SH_20260628T141029_20260628T141106_20260710T141028_20260710T141106_P00500_M_F_I_001,ObsId_Track_Frame,STUCGUFED,NISAR_SSAR_W,4983,40.88430534,W,41.76530075,247,F,Left,"[[""37.54889224"", ""-78.43575267""], [""48.26451185"", ""-79.07407772""], [""45.37878123"", ""-81.23103498""], [""32.46709861"", ""-80.46639212""], [""37.54889224"", ""-78.43575267""]]",-79.86086709,1.4.00,ISRO,Copernicus GLO-30,24,2026191140628,4977,SSAR,"[[""27.56790349"", ""-79.36208362""], [""41.33057536"", ""-77.45536205""], [""54.23408769"", ""-79.77678313""], [""39.4924483"", ""-82.2487479""], [""27.56790349"", ""-79.36208362""]]",SAT_SEN_MODE,J,Y,2026-07-19 08:25:04,2026191140632_34_128,34,10-JUL-2026
NISAR_S2_PR_GUNW_024_034_D_127_025_3700_SH_20260628T140952_20260628T141032_20260710T140952_20260710T141031_P00500_M_F_I_001,NISAR_S2_PR_GUNW_024_034_D_127_025_3700_SH_20260628T140952_20260628T141032_20260710T140952_20260710T141031_P00500_M_F_I_001,NISAR_SSAR_GUNW,34,D,127,034_D_127,HH,127,2026191140632,NISAR,Descending,True,5.569852057,11-JUL-2026,2026-07-10T14:09:52Z,5.950518187,2026-07-19T08:04:58,NISAR_S2_PR_GUNW_024_034_D_127_025_3700_SH_20260628T140952_20260628T141032_20260710T140952_20260710T141031_P00500_M_F_I_001,ObsId_Track_Frame,STUCGUFED,NISAR_SSAR_W,4983,44.09105129,W,41.7346611,247,F,Left,"[[""41.02341312"", ""-76.42661204""], [""50.20539694"", ""-76.98521666""], [""48.04187454"", ""-79.25388258""], [""37.15187528"", ""-78.60458743""], [""41.02341312"", ""-76.42661204""]]",-77.86694837,1.4.00,ISRO,Copernicus GLO-30,24,2026191140628,4977,SSAR,"[[""32.48517142"", ""-77.54862491""], [""43.99234315"", ""-75.42141763""], [""55.39028135"", ""-77.67881465""], [""43.70118651"", ""-80.30622369""], [""32.48517142"", ""-77.54862491""]]",SAT_SEN_MODE,J,Y,2026-07-19 08:16:15,2026191140632_34_127,34,10-JUL-2026
NISAR_S2_PR_GUNW_024_034_D_126_025_3700_SH_20260628T140917_20260628T140956_20260710T140917_20260710T140955_P00500_M_F_I_001,NISAR_S2_PR_GUNW_024_034_D_126_025_3700_SH_20260628T140917_20260628T140956_20260710T140917_20260710T140955_P00500_M_F_I_001,NISAR_SSAR_GUNW,34,D,126,034_D_126,HH,126,2026191140632,NISAR,Descending,True,5.571747661,11-JUL-2026,2026-07-10T14:09:17Z,5.951978476,2026-07-19T08:11:58,NISAR_S2_PR_GUNW_024_034_D_126_025_3700_SH_20260628T140917_20260628T140956_20260710T140917_20260710T140955_P00500_M_F_I_001,ObsId_Track_Frame,STUCGUFED,NISAR_SSAR_W,4983,46.48843252,W,41.75608826,247,F,Left,"[[""43.61112909"", ""-74.42836543""], [""51.65931374"", ""-74.93231747""], [""50.03200285"", ""-77.16610448""], [""40.72893108"", ""-76.60020581""], [""43.61112909"", ""-74.42836543""]]",-75.82239772,1.4.00,ISRO,Copernicus GLO-30,24,2026191140628,4977,SSAR,"[[""36.52259097"", ""-75.64214848""], [""46.02876987"", ""-73.40954916""], [""56.03384539"", ""-75.57969845""], [""46.68334698"", ""-78.23604866""], [""36.52259097"", ""-75.64214848""]]",SAT_SEN_MODE,J,Y,2026-07-19 08:24:06,2026191140632_34_126,34,10-JUL-2026
NISAR_S2_PR_GUNW_024_020_D_127_025_3700_SH_20260627T145130_20260627T145209_20260709T145129_20260709T145208_P00500_M_F_I_001,NISAR_S2_PR_GUNW_024_020_D_127_025_3700_SH_20260627T145130_20260627T145209_20260709T145129_20260709T145208_P00500_M_F_I_001,NISAR_SSAR_GUNW,20,D,127,020_D_127,HH,127,2026190144900,NISAR,Descending,True,5.56926377,09-JUL-2026,2026-07-09T14:51:29Z,5.983941002,2026-07-18T14:01:30,NISAR_S2_PR_GUNW_024_020_D_127_025_3700_SH_20260627T145130_20260627T145209_20260709T145129_20260709T145208_P00500_M_F_I_001,ObsId_Track_Frame,STUCGUFED,NISAR_SSAR_W,4969,33.41027823,W,41.45169067,247,F,Left,"[[""30.13730129"", ""-76.38716524""], [""39.81021959"", ""-76.98618164""], [""37.63262096"", ""-79.25430601""], [""26.17561338"", ""-78.55759848""], [""30.13730129"", ""-76.38716524""]]",-77.8485327,1.4.00,ISRO,Copernicus GLO-30,24,2026190144840,4963,SSAR,"[[""22.36258071"", ""-77.11149917""], [""35.41143612"", ""-75.39236667""], [""45.47239266"", ""-78.10618837""], [""30.4675274"", ""-80.31195061""], [""22.36258071"", ""-77.11149917""]]",SAT_SEN_MODE,J,Y,2026-07-18 14:17:23,2026190144900_20_127,20,09-JUL-2026
NISAR_S2_PR_GUNW_024_020_D_126_025_3700_SH_20260627T145054_20260627T145133_20260709T145054_20260709T145132_P00500_M_F_I_001,NISAR_S2_PR_GUNW_024_020_D_126_025_3700_SH_20260627T145054_20260627T145133_20260709T145054_20260709T145132_P00500_M_F_I_001,NISAR_SSAR_GUNW,20,D,126,020_D_126,HH,126,2026190144900,NISAR,Descending,True,5.485173878,09-JUL-2026,2026-07-09T14:50:54Z,5.985589269,2026-07-18T14:08:22,NISAR_S2_PR_GUNW_024_020_D_126_025_3700_SH_20260627T145054_20260627T145133_20260709T145054_20260709T145132_P00500_M_F_I_001,ObsId_Track_Frame,STUCGUFED,NISAR_SSAR_W,4969,35.83991749,W,41.37098694,247,F,Left,"[[""32.76791011"", ""-74.39255195""], [""41.24759759"", ""-74.93309925""], [""39.61911338"", ""-77.16754463""], [""29.83320126"", ""-76.56117399""], [""32.76791011"", ""-74.39255195""]]",-75.80572743,1.4.00,ISRO,Copernicus GLO-30,24,2026190144840,4963,SSAR,"[[""26.2568282"", ""-75.20530565""], [""37.21895378"", ""-73.36206685""], [""46.08812622"", ""-76.002782""], [""34.00330281"", ""-78.27305852""], [""26.2568282"", ""-75.20530565""]]",SAT_SEN_MODE,J,Y,2026-07-18 14:25:54,2026190144900_20_126,20,09-JUL-2026
NISAR_S2_PR_GUNW_024_020_D_125_025_3700_SH_20260627T145018_20260627T145057_20260709T145018_20260709T145057_P00500_M_F_I_001,NISAR_S2_PR_GUNW_024_020_D_125_025_3700_SH_20260627T145018_20260627T145057_20260709T145018_20260709T145057_P00500_M_F_I_001,NISAR_SSAR_GUNW,20,D,125,020_D_125,HH,125,2026190144900,NISAR,Descending,True,5.486874902,09-JUL-2026,2026-07-09T14:50:18Z,5.984918416,2026-07-18T14:10:52,NISAR_S2_PR_GUNW_024_020_D_125_025_3700_SH_20260627T145018_20260627T145057_20260709T145018_20260709T145057_P00500_M_F_I_001,ObsId_Track_Frame,STUCGUFED,NISAR_SSAR_W,4969,37.74811627,W,41.4548912,247,F,Left,"[[""34.92397513"", ""-72.33697159""], [""42.45834705"", ""-72.83335767""], [""41.13123975"", ""-75.11597656""], [""32.56534409"", ""-74.57159031""], [""34.92397513"", ""-72.33697159""]]",-73.74988906,1.4.00,ISRO,Copernicus GLO-30,24,2026190144840,4963,SSAR,"[[""29.13332507"", ""-73.25092457""], [""38.73202847"", ""-71.27770356""], [""46.77181094"", ""-73.88702742""], [""36.4740402"", ""-76.25211473""], [""29.13332507"", ""-73.25092457""]]",SAT_SEN_MODE,J,Y,2026-07-18 14:23:38,2026190144900_20_125,20,09-JUL-2026
NISAR_S2_PR_GUNW_026_021_D_124_028_3700_SH_20260721T162935_20260721T163013_20260814T162934_20260814T163012_P00500_M_F_I_001,NISAR_S2_PR_GUNW_026_021_D_124_028_3700_SH_20260721T162935_20260721T163013_20260814T162934_20260814T163012_P00500_M_F_I_001,NISAR_SSAR_GUNW,21,D,124,021_D_124,HH,124,2026226162932,NISAR,Descending,True,5.486297615,15-AUG-2026,2026-08-14T16:29:34Z,5.993089461,2026-08-16T11:38:43,NISAR_S2_PR_GUNW_026_021_D_124_028_3700_SH_20260721T162935_20260721T163013_20260814T162934_20260814T163012_P00500_M_F_I_001,ObsId_Track_Frame,STUCGUFED,NISAR_SSAR_W,5488,14.32439417,W,41.35964584,238,F,Left,"[[""11.68997448"", ""-70.31869067""], [""18.38205923"", ""-70.77746865""], [""17.33600433"", ""-73.01649658""], [""9.879794938"", ""-72.52777222""], [""11.68997448"", ""-70.31869067""]]",-71.68507147,1.4.00,ISRO,Copernicus GLO-30,26,2026226162916,5483,SSAR,"[[""8.241366694"", ""-70.39964949""], [""17.85716642"", ""-69.6356376""], [""21.29804447"", ""-72.75761347""], [""9.941042382"", ""-73.67791792""], [""8.241366694"", ""-70.39964949""]]",SAT_SEN_MODE,J,Y,2026-08-16 11:49:03,2026226162932_21_124,21,14-AUG-2026
NISAR_S2_PR_GUNW_026_007_D_123_028_3700_SH_20260720T171049_20260720T171115_20260813T171048_20260813T171114_P00500_M_P_I_001,NISAR_S2_PR_GUNW_026_007_D_123_028_3700_SH_20260720T171049_20260720T171115_20260813T171048_20260813T171114_P00500_M_P_I_001,NISAR_SSAR_GUNW,7,D,123,007_D_123,HH,123,2026225171052,NISAR,Descending,True,5.486498485,13-AUG-2026,2026-08-13T17:10:48Z,5.993102624,2026-08-16T02:39:15,NISAR_S2_PR_GUNW_026_007_D_123_028_3700_SH_20260720T171049_20260720T171115_20260813T171048_20260813T171114_P00500_M_P_I_001,ObsId_Track_Frame,STUCGUFED,NISAR_SSAR_W,5473,5.000692977,W,41.35923767,247,P,Left,"[[""2.274246374"", ""-68.98624804""], [""8.668559242"", ""-69.43356817""], [""8.019825531"", ""-70.96715863""], [""1.132449679"", ""-70.49887895""], [""2.274246374"", ""-68.98624804""]]",-69.99990192,1.4.00,ISRO,Copernicus GLO-30,26,2026225171048,5469,SSAR,"[[""0.5660776056"", ""-68.1248748""], [""9.066858664"", ""-67.85568646""], [""10.59294905"", ""-70.95683489""], [""0.6633951689"", ""-71.27456398""], [""0.5660776056"", ""-68.1248748""]]",SAT_SEN_MODE,J,Y,2026-08-16 02:49:08,2026225171052_7_123,7,13-AUG-2026
NISAR_S2_PR_GUNW_025_165_D_124_027_3700_SH_20260719T161256_20260719T161334_20260812T161255_20260812T161333_P00500_M_F_I_001,NISAR_S2_PR_GUNW_025_165_D_124_027_3700_SH_20260719T161256_20260719T161334_20260812T161255_20260812T161333_P00500_M_F_I_001,NISAR_SSAR_GUNW,165,D,124,165_D_124,HH,124,2026224161232,NISAR,Descending,True,5.486318586,13-AUG-2026,2026-08-12T16:12:55Z,5.995779728,2026-08-15T13:12:35,NISAR_S2_PR_GUNW_025_165_D_124_027_3700_SH_20260719T161256_20260719T161334_20260812T161255_20260812T161333_P00500_M_F_I_001,ObsId_Track_Frame,STUCGUFED,NISAR_SSAR_W,5460,18.47712137,W,41.3735199,247,F,Left,"[[""15.83173603"", ""-70.31661421""], [""22.55435709"", ""-70.77769122""], [""21.51416689"", ""-73.01694113""], [""14.01982373"", ""-72.52558774""], [""15.83173603"", ""-70.31661421""]]",-71.68456627,1.4.00,ISRO,Copernicus GLO-30,25,2026224161228,5454,SSAR,"[[""11.99902374"", ""-70.51556591""], [""21.62765223"", ""-69.51811872""], [""25.81847387"", ""-72.61626987""], [""14.53946988"", ""-73.81775259""], [""11.99902374"", ""-70.51556591""]]",SAT_SEN_MODE,J,Y,2026-08-15 13:23:43,2026224161232_165_124,165,12-AUG-2026
NISAR_S2_PR_GUNW_025_165_D_123_027_3700_SH_20260719T161229_20260719T161259_20260812T161228_20260812T161258_P00500_M_P_I_001,NISAR_S2_PR_GUNW_025_165_D_123_027_3700_SH_20260719T161229_20260719T161259_20260812T161228_20260812T161258_P00500_M_P_I_001,NISAR_SSAR_GUNW,165,D,123,165_D_123,HH,123,2026224161232,NISAR,Descending,True,5.486595911,13-AUG-2026,2026-08-12T16:12:28Z,5.993259896,2026-08-15T12:22:06,NISAR_S2_PR_GUNW_025_165_D_123_027_3700_SH_20260719T161229_20260719T161259_20260812T161228_20260812T161258_P00500_M_P_I_001,ObsId_Track_Frame,STUCGUFED,NISAR_SSAR_W,5460,19.63238928,W,41.37472916,247,P,Left,"[[""16.99954078"", ""-68.76706184""], [""23.32409305"", ""-69.2112873""], [""22.57457336"", ""-70.96649201""], [""15.71352204"", ""-70.50005777""], [""16.99954078"", ""-68.76706184""]]",-69.88816453,1.4.00,ISRO,Copernicus GLO-30,25,2026224161228,5454,SSAR,"[[""13.74454609"", ""-68.46433419""], [""22.50637276"", ""-67.38323324""], [""26.48730933"", ""-70.5250615""], [""16.39187703"", ""-71.80905919""], [""13.74454609"", ""-68.46433419""]]",SAT_SEN_MODE,J,Y,2026-08-15 12:35:39,2026224161232_165_123,165,12-AUG-2026
NISAR_S2_PR_GUNW_025_136_D_124_027_3700_SH_20260717T155617_20260717T155656_20260810T155616_20260810T155653_P00500_M_F_I_001,NISAR_S2_PR_GUNW_025_136_D_124_027_3700_SH_20260717T155617_20260717T155656_20260810T155616_20260810T155653_P00500_M_F_I_001,NISAR_SSAR_GUNW,136,D,124,136_D_124,HH,124,2026222155556,NISAR,Descending,True,5.486447578,11-AUG-2026,2026-08-10T15:56:16Z,6.001413612,2026-08-12T04:18:02,NISAR_S2_PR_GUNW_025_136_D_124_027_3700_SH_20260717T155617_20260717T155656_20260810T155616_20260810T155653_P00500_M_F_I_001,ObsId_Track_Frame,STUCGUFED,NISAR_SSAR_W,5430,22.62821815,W,41.28621674,247,F,Left,"[[""20.00973063"", ""-70.31673168""], [""26.69254363"", ""-70.77525363""], [""25.66269537"", ""-73.01504641""], [""18.18755091"", ""-72.52477503""], [""20.00973063"", ""-70.31673168""]]",-71.68477184,1.4.00,ISRO,Copernicus GLO-30,25,2026222155552,5425,SSAR,"[[""15.80392513"", ""-70.64054468""], [""25.33228395"", ""-69.41551492""], [""30.24870223"", ""-72.46611593""], [""19.22241903"", ""-73.9395206""], [""15.80392513"", ""-70.64054468""]]",SAT_SEN_MODE,J,Y,2026-08-12 04:31:03,2026222155556_136_124,136,10-AUG-2026
NISAR_S2_PR_GUNW_025_136_D_123_027_3700_SH_20260717T155553_20260717T155620_20260810T155552_20260810T155619_P00500_M_P_I_001,NISAR_S2_PR_GUNW_025_136_D_123_027_3700_SH_20260717T155553_20260717T155620_20260810T155552_20260810T155619_P00500_M_P_I_001,NISAR_SSAR_GUNW,136,D,123,136_D_123,HH,123,2026222155556,NISAR,Descending,True,5.486711112,11-AUG-2026,2026-08-10T15:55:52Z,5.995266159,2026-08-12T03:53:34,NISAR_S2_PR_GUNW_025_136_D_123_027_3700_SH_20260717T155553_20260717T155620_20260810T155552_20260810T155619_P00500_M_P_I_001,ObsId_Track_Frame,STUCGUFED,NISAR_SSAR_W,5430,23.73397385,W,41.31937408,247,P,Left,"[[""21.04720207"", ""-68.93068721""], [""27.40769091"", ""-69.37624952""], [""26.71918963"", ""-70.96457581""], [""19.86759776"", ""-70.49824701""], [""21.04720207"", ""-68.93068721""]]",-69.97047885,1.4.00,ISRO,Copernicus GLO-30,25,2026222155552,5425,SSAR,"[[""17.59160875"", ""-68.60145302""], [""26.26240945"", ""-67.28699809""], [""30.89477695"", ""-70.36346475""], [""21.03152807"", ""-71.92081277""], [""17.59160875"", ""-68.60145302""]]",SAT_SEN_MODE,J,Y,2026-08-12 04:04:03,2026222155556_136_123,136,10-AUG-2026
NISAR_S2_PR_GUNW_025_107_D_124_026_3700_SH_20260715T153938_20260715T154017_20260727T153938_20260727T154016_P00500_M_F_I_001,NISAR_S2_PR_GUNW_025_107_D_124_026_3700_SH_20260715T153938_20260715T154017_20260727T153938_20260727T154016_P00500_M_F_I_001,NISAR_SSAR_GUNW,107,D,124,107_D_124,HH,124,2026208153920,NISAR,Descending,True,5.486223322,10-AUG-2026,2026-07-27T15:39:38Z,5.998949364,2026-08-10T22:27:21,NISAR_S2_PR_GUNW_025_107_D_124_026_3700_SH_20260715T153938_20260715T154017_20260727T153938_20260727T154016_P00500_M_F_I_001,ObsId_Track_Frame,STUCGUFED,NISAR_SSAR_W,5416,26.80372157,W,41.30894852,247,F,Left,"[[""24.1699875"", ""-70.31674405""], [""30.90810777"", ""-70.77801695""], [""29.8414502"", ""-73.0159771""], [""22.3354664"", ""-72.5237241""], [""24.1699875"", ""-70.31674405""]]",-71.68420908,1.4.00,ISRO,Copernicus GLO-30,25,2026208153856,5223,SSAR,"[[""19.67358349"", ""-70.78667255""], [""29.01397507"", ""-69.34138554""], [""34.5995417"", ""-72.30463188""], [""23.97448809"", ""-74.03602599""], [""19.67358349"", ""-70.78667255""]]",SAT_SEN_MODE,J,Y,2026-08-10 22:45:04,2026208153920_107_124,107,27-JUL-2026
NISAR_S2_PR_GUNW_024_079_D_124_026_3700_SH_20260701T170253_20260701T170332_20260725T170252_20260725T170331_P00500_P_F_I_001,NISAR_S2_PR_GUNW_024_079_D_124_026_3700_SH_20260701T170253_20260701T170332_20260725T170252_20260725T170331_P00500_P_F_I_001,NISAR_SSAR_GUNW,79,D,124,079_D_124,HH,124,2026206170232,NISAR,Descending,True,5.487315032,25-JUL-2026,2026-07-25T17:02:52Z,5.995993652,2026-07-27T03:39:43,NISAR_S2_PR_GUNW_024_079_D_124_026_3700_SH_20260701T170253_20260701T170332_20260725T170252_20260725T170331_P00500_P_F_I_001,ObsId_Track_Frame,STUCGUFED,NISAR_SSAR_W,5199,6.002499877,W,41.34799576,247,F,Left,"[[""3.366580271"", ""-70.31771977""], [""10.06039934"", ""-70.77657604""], [""9.01130472"", ""-73.01547446""], [""1.540914294"", ""-72.52547837""], [""3.366580271"", ""-70.31771977""]]",-71.6850702,1.4.00,ISRO,Copernicus GLO-30,24,2026206170228,5195,SSAR,"[[""0.8181836768"", ""-70.23559507""], [""10.20434235"", ""-69.92611281""], [""12.1009482"", ""-72.98820834""], [""0.9744782266"", ""-73.35869833""], [""0.8181836768"", ""-70.23559507""]]",SAT_SEN_MODE,J,Y,2026-07-27 03:49:24,2026206170232_79_124,79,25-JUL-2026
NISAR_S2_PR_GUNW_024_165_D_124_025_3700_SH_20260707T161257_20260707T161335_20260719T161256_20260719T161334_P00500_M_F_I_001,NISAR_S2_PR_GUNW_024_165_D_124_025_3700_SH_20260707T161257_20260707T161335_20260719T161256_20260719T161334_P00500_M_F_I_001,NISAR_SSAR_GUNW,165,D,124,165_D_124,HH,124,2026200161232,NISAR,Descending,True,5.487086777,20-JUL-2026,2026-07-19T16:12:56Z,5.998229129,2026-07-21T19:56:08,NISAR_S2_PR_GUNW_024_165_D_124_025_3700_SH_20260707T161257_20260707T161335_20260719T161256_20260719T161334_P00500_M_F_I_001,ObsId_Track_Frame,STUCGUFED,NISAR_SSAR_W,5113,18.46511949,W,41.32429886,247,F,Left,"[[""15.82700584"", ""-70.31441779""], [""22.53608244"", ""-70.77507782""], [""21.49327106"", ""-73.01426409""], [""14.01467156"", ""-72.52335542""], [""15.82700584"", ""-70.31441779""]]",-71.6819941,1.4.00,ISRO,Copernicus GLO-30,24,2026200161228,5108,SSAR,"[[""11.99902374"", ""-70.51556591""], [""21.62765223"", ""-69.51811872""], [""25.81847387"", ""-72.61626987""], [""14.53946988"", ""-73.81775259""], [""11.99902374"", ""-70.51556591""]]",SAT_SEN_MODE,J,Y,2026-07-21 20:24:07,2026200161232_165_124,165,19-JUL-2026
NISAR_S2_PR_GUNW_024_079_D_124_025_3700_SH_20260701T170253_20260701T170332_20260713T170253_20260713T170331_P00500_P_F_I_001,NISAR_S2_PR_GUNW_024_079_D_124_025_3700_SH_20260701T170253_20260701T170332_20260713T170253_20260713T170331_P00500_P_F_I_001,NISAR_SSAR_GUNW,79,D,124,079_D_124,HH,124,2026194170232,NISAR,Descending,True,5.487315032,13-JUL-2026,2026-07-13T17:02:53Z,5.995993652,2026-07-29T17:29:37,NISAR_S2_PR_GUNW_024_079_D_124_025_3700_SH_20260701T170253_20260701T170332_20260713T170253_20260713T170331_P00500_P_F_I_001,ObsId_Track_Frame,STUCGUFED,NISAR_SSAR_W,5026,6.002499877,W,41.34799576,247,F,Left,"[[""3.366580271"", ""-70.31771977""], [""10.06039934"", ""-70.77657604""], [""9.01130472"", ""-73.01547446""], [""1.540914294"", ""-72.52547837""], [""3.366580271"", ""-70.31771977""]]",-71.6850702,1.4.00,ISRO,Copernicus GLO-30,24,2026194170228,5022,SSAR,"[[""0.8181836768"", ""-70.23559507""], [""10.20434235"", ""-69.92611281""], [""12.1009482"", ""-72.98820834""], [""0.9744782266"", ""-73.35869833""], [""0.8181836768"", ""-70.23559507""]]",SAT_SEN_MODE,J,Y,2026-07-29 17:48:20,2026194170232_79_124,79,13-JUL-2026
NISAR_S2_PR_GUNW_026_020_D_124_028_3700_SH_20260721T144942_20260721T145020_20260814T144941_20260814T145005_P00500_M_F_I_001,NISAR_S2_PR_GUNW_026_020_D_124_028_3700_SH_20260721T144942_20260721T145020_20260814T144941_20260814T145005_P00500_M_F_I_001,NISAR_SSAR_GUNW,20,D,124,020_D_124,HH,124,2026226144900,NISAR,Descending,True,5.487066097,14-AUG-2026,2026-08-14T14:49:41Z,5.992346856,2026-08-16T13:18:07,NISAR_S2_PR_GUNW_026_020_D_124_028_3700_SH_20260721T144942_20260721T145020_20260814T144941_20260814T145005_P00500_M_F_I_001,ObsId_Track_Frame,STUCGUFED,NISAR_SSAR_W,5488,39.26766403,W,41.3583374,247,F,Left,"[[""36.66302004"", ""-70.31826265""], [""43.39672806"", ""-70.77900251""], [""42.31159989"", ""-73.01610465""], [""34.78079952"", ""-72.52110679""], [""36.66302004"", ""-70.31826265""]]",-71.68862167,1.4.00,ISRO,Copernicus GLO-30,26,2026226144840,5482,SSAR,"[[""31.61540457"", ""-71.27595072""], [""39.96542062"", ""-69.2370235""], [""47.20765402"", ""-71.78120334""], [""38.4290033"", ""-74.16904512""], [""31.61540457"", ""-71.27595072""]]",SAT_SEN_MODE,J,Y,2026-08-16 13:34:09,2026226144900_20_124,20,14-AUG-2026
NISAR_S2_PR_GUNW_026_020_D_123_028_3700_SH_20260721T144905_20260721T144945_20260814T144904_20260814T144944_P00500_M_F_I_001,NISAR_S2_PR_GUNW_026_020_D_123_028_3700_SH_20260721T144905_20260721T144945_20260814T144904_20260814T144944_P00500_M_F_I_001,NISAR_SSAR_GUNW,20,D,123,020_D_123,HH,123,2026226144900,NISAR,Descending,True,5.487888003,14-AUG-2026,2026-08-14T14:49:04Z,5.993604479,2026-08-16T13:59:49,NISAR_S2_PR_GUNW_026_020_D_123_028_3700_SH_20260721T144905_20260721T144945_20260814T144904_20260814T144944_P00500_M_F_I_001,ObsId_Track_Frame,STUCGUFED,NISAR_SSAR_W,5488,40.57071518,W,41.37832642,247,F,Left,"[[""38.17019793"", ""-68.21701465""], [""44.29815997"", ""-68.65332553""], [""43.33031858"", ""-70.96355479""], [""36.55300915"", ""-70.50237138""], [""38.17019793"", ""-68.21701465""]]",-69.60828645,1.4.00,ISRO,Copernicus GLO-30,26,2026226144840,5482,SSAR,"[[""33.53429093"", ""-69.26439134""], [""41.0687655"", ""-67.12714624""], [""47.79715851"", ""-69.65970096""], [""39.98636535"", ""-72.12523616""], [""33.53429093"", ""-69.26439134""]]",SAT_SEN_MODE,J,Y,2026-08-16 14:23:17,2026226144900_20_123,20,14-AUG-2026
NISAR_S2_PR_GUNW_026_020_D_122_028_3700_SH_20260721T144857_20260721T144909_20260814T144856_20260814T144907_P00500_M_P_I_001,NISAR_S2_PR_GUNW_026_020_D_122_028_3700_SH_20260721T144857_20260721T144909_20260814T144856_20260814T144907_P00500_M_P_I_001,NISAR_SSAR_GUNW,20,D,122,020_D_122,HH,122,2026226144900,NISAR,Descending,True,5.488630765,14-AUG-2026,2026-08-14T14:48:56Z,6.001814247,2026-08-16T11:28:51,NISAR_S2_PR_GUNW_026_020_D_122_028_3700_SH_20260721T144857_20260721T144909_20260814T144856_20260814T144907_P00500_M_P_I_001,ObsId_Track_Frame,STUCGUFED,NISAR_SSAR_W,5488,41.27862365,W,41.27790451,247,P,Left,"[[""38.47999756"", ""-67.74059534""], [""44.48625175"", ""-68.17226415""], [""44.23790124"", ""-68.83681524""], [""38.04381534"", ""-68.39747574""], [""38.47999756"", ""-67.74059534""]]",-68.31689132,1.4.00,ISRO,Copernicus GLO-30,26,2026226144840,5482,SSAR,"[[""35.28323562"", ""-67.22184263""], [""42.01170739"", ""-65.03961927""], [""48.19880808"", ""-67.52446456""], [""41.30090929"", ""-70.00644563""], [""35.28323562"", ""-67.22184263""]]",SAT_SEN_MODE,J,Y,2026-08-16 11:42:14,2026226144900_20_122,20,14-AUG-2026
NISAR_S2_PR_GUNW_025_107_D_123_026_3700_SH_20260715T153917_20260715T153942_20260727T153917_20260727T153941_P00500_M_P_I_001,NISAR_S2_PR_GUNW_025_107_D_123_026_3700_SH_20260715T153917_20260715T153942_20260727T153917_20260727T153941_P00500_M_P_I_001,NISAR_SSAR_GUNW,107,D,123,107_D_123,HH,123,2026208153920,NISAR,Descending,True,5.486646007,10-AUG-2026,2026-07-27T15:39:17Z,5.99411885,2026-08-10T19:42:09,NISAR_S2_PR_GUNW_025_107_D_123_026_3700_SH_20260715T153917_20260715T153942_20260727T153917_20260727T153941_P00500_M_P_I_001,ObsId_Track_Frame,STUCGUFED,NISAR_SSAR_W,5416,27.85307605,W,41.36062622,247,P,Left,"[[""25.08838158"", ""-69.10418713""], [""31.50447521"", ""-69.55198464""], [""30.91069832"", ""-70.96630957""], [""24.04055365"", ""-70.49956029""], [""25.08838158"", ""-69.10418713""]]",-70.06060549,1.4.00,ISRO,Copernicus GLO-30,25,2026208153856,5223,SSAR,"[[""21.47652138"", ""-68.75278697""], [""29.98766722"", ""-67.21059291""], [""35.23310371"", ""-70.19358784""], [""25.71274917"", ""-72.0133513""], [""21.47652138"", ""-68.75278697""]]",SAT_SEN_MODE,J,Y,2026-08-10 19:57:06,2026208153920_107_123,107,27-JUL-2026
NISAR_S2_PR_GUNW_025_078_D_123_026_3700_SH_20260713T152223_20260713T152303_20260725T152223_20260725T152302_P00500_M_F_I_001,NISAR_S2_PR_GUNW_025_078_D_123_026_3700_SH_20260713T152223_20260713T152303_20260725T152223_20260725T152302_P00500_M_F_I_001,NISAR_SSAR_GUNW,78,D,123,078_D_123,HH,123,2026206152216,NISAR,Descending,True,5.48741231,25-JUL-2026,2026-07-25T15:22:23Z,5.998811196,2026-07-26T23:39:17,NISAR_S2_PR_GUNW_025_078_D_123_026_3700_SH_20260713T152223_20260713T152303_20260725T152223_20260725T152302_P00500_M_F_I_001,ObsId_Track_Frame,STUCGUFED,NISAR_SSAR_W,5199,32.2562576,W,41.29138947,247,F,Left,"[[""29.86804692"", ""-68.21779248""], [""35.98473231"", ""-68.65271632""], [""35.03707626"", ""-70.96389839""], [""28.19707117"", ""-70.49838778""], [""29.86804692"", ""-68.21779248""]]",-69.61236752,1.4.00,ISRO,Copernicus GLO-30,25,2026206152212,5194,SSAR,"[[""25.44190461"", ""-68.91390365""], [""33.68096356"", ""-67.16144349""], [""39.48271351"", ""-70.02022637""], [""30.45915149"", ""-72.07587288""], [""25.44190461"", ""-68.91390365""]]",SAT_SEN_MODE,J,Y,2026-07-26 23:51:07,2026206152216_78_123,78,25-JUL-2026
NISAR_S2_PR_GUNW_025_063_D_125_026_3700_SH_20260712T142519_20260712T142558_20260724T142519_20260724T142558_P00500_M_F_I_001,NISAR_S2_PR_GUNW_025_063_D_125_026_3700_SH_20260712T142519_20260712T142558_20260724T142519_20260724T142558_P00500_M_F_I_001,NISAR_SSAR_GUNW,63,D,125,063_D_125,HH,125,2026205142340,NISAR,Descending,True,5.486571162,25-JUL-2026,2026-07-24T14:25:19Z,5.99208623,2026-07-26T06:33:22,NISAR_S2_PR_GUNW_025_063_D_125_026_3700_SH_20260712T142519_20260712T142558_20260724T142519_20260724T142558_P00500_M_F_I_001,ObsId_Track_Frame,STUCGUFED,NISAR_SSAR_W,5185,43.95452556,W,41.36687851,247,F,Left,"[[""41.15966102"", ""-72.33605311""], [""48.6506706"", ""-72.83074247""], [""47.30811922"", ""-75.11282401""], [""38.79390188"", ""-74.57006444""], [""41.15966102"", ""-72.33605311""]]",-73.74871503,1.4.00,ISRO,Copernicus GLO-30,25,2026205142320,5179,SSAR,"[[""35.308879"", ""-73.52000091""], [""44.11728199"", ""-71.30333981""], [""52.81212856"", ""-73.6297355""], [""43.91248192"", ""-76.23844881""], [""35.308879"", ""-73.52000091""]]",SAT_SEN_MODE,J,Y,2026-07-26 06:48:03,2026205142340_63_125,63,24-JUL-2026
NISAR_S2_PR_GUNW_025_063_D_123_026_3700_SH_20260712T142408_20260712T142447_20260724T142407_20260724T142447_P00500_M_F_I_001,NISAR_S2_PR_GUNW_025_063_D_123_026_3700_SH_20260712T142408_20260712T142447_20260724T142407_20260724T142447_P00500_M_F_I_001,NISAR_SSAR_GUNW,63,D,123,063_D_123,HH,123,2026205142340,NISAR,Descending,True,5.575854182,25-JUL-2026,2026-07-24T14:24:07Z,5.990811852,2026-07-26T07:04:11,NISAR_S2_PR_GUNW_025_063_D_123_026_3700_SH_20260712T142408_20260712T142447_20260724T142407_20260724T142447_P00500_M_F_I_001,ObsId_Track_Frame,STUCGUFED,NISAR_SSAR_W,5185,46.79393972,W,41.34223175,247,F,Left,"[[""44.40207858"", ""-68.21452645""], [""50.52551577"", ""-68.65107237""], [""49.56246427"", ""-70.96157634""], [""42.76180147"", ""-70.4978676""], [""44.40207858"", ""-68.21452645""]]",-69.60947534,1.4.00,ISRO,Copernicus GLO-30,25,2026205142320,5179,SSAR,"[[""39.7726533"", ""-69.53642887""], [""46.60209906"", ""-67.16639511""], [""53.84521346"", ""-69.4025382""], [""47.12770326"", ""-72.09344834""], [""39.7726533"", ""-69.53642887""]]",SAT_SEN_MODE,J,Y,2026-07-26 07:18:04,2026205142340_63_123,63,24-JUL-2026
NISAR_S2_PR_GUNW_025_049_D_123_026_3700_SH_20260711T150545_20260711T150624_20260723T150544_20260723T150624_P00500_M_F_I_001,NISAR_S2_PR_GUNW_025_049_D_123_026_3700_SH_20260711T150545_20260711T150624_20260723T150544_20260723T150624_P00500_M_F_I_001,NISAR_SSAR_GUNW,49,D,123,049_D_123,HH,123,2026204150540,NISAR,Descending,True,5.574525669,23-JUL-2026,2026-07-23T15:05:44Z,5.99962463,2026-07-25T00:41:20,NISAR_S2_PR_GUNW_025_049_D_123_026_3700_SH_20260711T150545_20260711T150624_20260723T150544_20260723T150624_P00500_M_F_I_001,ObsId_Track_Frame,STUCGUFED,NISAR_SSAR_W,5171,36.41979297,W,41.30765533,247,F,Left,"[[""34.01773306"", ""-68.21620269""], [""40.14903212"", ""-68.65238714""], [""39.20476837"", ""-70.96371334""], [""32.37134092"", ""-70.49898248""], [""34.01773306"", ""-68.21620269""]]",-69.61088804,1.4.00,ISRO,Copernicus GLO-30,25,2026204150536,5165,SSAR,"[[""29.44189687"", ""-69.08716183""], [""37.37472209"", ""-67.13128346""], [""43.6812693"", ""-69.84189673""], [""35.20949319"", ""-72.11927293""], [""29.44189687"", ""-69.08716183""]]",SAT_SEN_MODE,J,Y,2026-07-25 00:55:08,2026204150540_49_123,49,23-JUL-2026
NISAR_S2_PR_GUNW_025_034_D_125_026_3700_SH_20260710T140841_20260710T140920_20260722T140840_20260722T140919_P00500_M_F_I_001,NISAR_S2_PR_GUNW_025_034_D_125_026_3700_SH_20260710T140841_20260710T140920_20260722T140840_20260722T140919_P00500_M_F_I_001,NISAR_SSAR_GUNW,34,D,125,034_D_125,HH,125,2026203140632,NISAR,Descending,True,5.571625324,23-JUL-2026,2026-07-22T14:08:40Z,5.992482184,2026-07-24T00:37:28,NISAR_S2_PR_GUNW_025_034_D_125_026_3700_SH_20260710T140841_20260710T140920_20260722T140840_20260722T140919_P00500_M_F_I_001,ObsId_Track_Frame,STUCGUFED,NISAR_SSAR_W,5156,48.1126971,W,41.32607269,247,F,Left,"[[""45.3191149"", ""-72.33574389""], [""52.81516704"", ""-72.83078035""], [""51.46897101"", ""-75.11269254""], [""42.94640184"", ""-74.5691612""], [""45.3191149"", ""-72.33574389""]]",-73.74966993,1.4.00,ISRO,Copernicus GLO-30,25,2026203140628,5150,SSAR,"[[""39.52709328"", ""-73.69715832""], [""47.7127338"", ""-71.34891509""], [""56.72749591"", ""-73.46660807""], [""48.83467186"", ""-76.19179214""], [""39.52709328"", ""-73.69715832""]]",SAT_SEN_MODE,J,Y,2026-07-24 00:51:26,2026203140632_34_125,34,22-JUL-2026
NISAR_S2_PR_GUNW_025_020_D_123_026_3700_SH_20260709T144906_20260709T144946_20260721T144905_20260721T144945_P00500_M_F_I_001,NISAR_S2_PR_GUNW_025_020_D_123_026_3700_SH_20260709T144906_20260709T144946_20260721T144905_20260721T144945_P00500_M_F_I_001,NISAR_SSAR_GUNW,20,D,123,020_D_123,HH,123,2026202144900,NISAR,Descending,True,5.488923679,21-JUL-2026,2026-07-21T14:49:05Z,5.995220982,2026-07-23T02:00:24,NISAR_S2_PR_GUNW_025_020_D_123_026_3700_SH_20260709T144906_20260709T144946_20260721T144905_20260721T144945_P00500_M_F_I_001,ObsId_Track_Frame,STUCGUFED,NISAR_SSAR_W,5142,40.56483741,W,41.34657669,247,F,Left,"[[""38.16901684"", ""-68.21523329""], [""44.2879506"", ""-68.65116241""], [""43.31895315"", ""-70.96137208""], [""36.55172437"", ""-70.50057925""], [""38.16901684"", ""-68.21523329""]]",-69.60622641,1.4.00,ISRO,Copernicus GLO-30,25,2026202144840,5136,SSAR,"[[""33.53429093"", ""-69.26439134""], [""41.0687655"", ""-67.12714624""], [""47.79715851"", ""-69.65970096""], [""39.98636535"", ""-72.12523616""], [""33.53429093"", ""-69.26439134""]]",SAT_SEN_MODE,J,Y,2026-07-23 02:38:08,2026202144900_20_123,20,21-JUL-2026
NISAR_S2_PR_GUNW_024_078_D_123_025_3700_SH_20260701T152224_20260701T152304_20260713T152223_20260713T152303_P00500_M_F_I_001,NISAR_S2_PR_GUNW_024_078_D_123_025_3700_SH_20260701T152224_20260701T152304_20260713T152223_20260713T152303_P00500_M_F_I_001,NISAR_SSAR_GUNW,78,D,123,078_D_123,HH,123,2026194152216,NISAR,Descending,True,5.487011543,13-JUL-2026,2026-07-13T15:22:23Z,5.982622609,2026-07-15T05:32:44,NISAR_S2_PR_GUNW_024_078_D_123_025_3700_SH_20260701T152224_20260701T152304_20260713T152223_20260713T152303_P00500_M_F_I_001,ObsId_Track_Frame,STUCGUFED,NISAR_SSAR_W,5026,32.35483291,W,41.54636383,247,F,Left,"[[""30.15113318"", ""-68.24329322""], [""35.87902423"", ""-68.64721373""], [""34.91907492"", ""-70.95816443""], [""28.51045632"", ""-70.525849""], [""30.15113318"", ""-68.24329322""]]",-69.61920525,1.4.00,ISRO,Copernicus GLO-30,24,2026194152212,5021,SSAR,"[[""25.44190461"", ""-68.91390365""], [""33.68096356"", ""-67.16144349""], [""39.48271351"", ""-70.02022637""], [""30.45915149"", ""-72.07587288""], [""25.44190461"", ""-68.91390365""]]",SAT_SEN_MODE,J,Y,2026-07-15 05:45:46,2026194152216_78_123,78,13-JUL-2026
NISAR_S2_PR_GUNW_023_063_D_125_025_3700_SH_20260618T142520_20260618T142600_20260712T142519_20260712T142558_P00500_M_F_I_001,NISAR_S2_PR_GUNW_023_063_D_125_025_3700_SH_20260618T142520_20260618T142600_20260712T142519_20260712T142558_P00500_M_F_I_001,NISAR_SSAR_GUNW,63,D,125,063_D_125,HH,125,2026193142340,NISAR,Descending,True,5.574097678,13-JUL-2026,2026-07-12T14:25:19Z,5.986440994,2026-07-19T12:19:56,NISAR_S2_PR_GUNW_023_063_D_125_025_3700_SH_20260618T142520_20260618T142600_20260712T142519_20260712T142558_P00500_M_F_I_001,ObsId_Track_Frame,STUCGUFED,NISAR_SSAR_W,5012,43.98084408,W,41.3972435,247,F,Left,"[[""41.16734979"", ""-72.33616884""], [""48.69334698"", ""-72.83216835""], [""47.35702922"", ""-75.11439805""], [""38.80280688"", ""-74.57026001""], [""41.16734979"", ""-72.33616884""]]",-73.74987904,1.4.00,ISRO,Copernicus GLO-30,23,2026193142320,5006,SSAR,"[[""35.308879"", ""-73.52000091""], [""44.11728199"", ""-71.30333981""], [""52.81212856"", ""-73.6297355""], [""43.91248192"", ""-76.23844881""], [""35.308879"", ""-73.52000091""]]",SAT_SEN_MODE,J,Y,2026-07-19 12:33:17,2026193142340_63_125,63,12-JUL-2026
NISAR_S2_PR_GUNW_024_063_D_123_025_3700_SH_20260630T142408_20260630T142448_20260712T142408_20260712T142447_P00500_M_F_I_001,NISAR_S2_PR_GUNW_024_063_D_123_025_3700_SH_20260630T142408_20260630T142448_20260712T142408_20260712T142447_P00500_M_F_I_001,NISAR_SSAR_GUNW,63,D,123,063_D_123,HH,123,2026193142340,NISAR,Descending,True,5.576923976,13-JUL-2026,2026-07-12T14:24:08Z,5.959756679,2026-07-19T12:15:55,NISAR_S2_PR_GUNW_024_063_D_123_025_3700_SH_20260630T142408_20260630T142448_20260712T142408_20260712T142447_P00500_M_F_I_001,ObsId_Track_Frame,STUCGUFED,NISAR_SSAR_W,5012,46.95517771,W,41.71404648,247,F,Left,"[[""44.71598177"", ""-68.24247285""], [""50.50948436"", ""-68.64987821""], [""49.54451338"", ""-70.96034311""], [""43.10672789"", ""-70.52770346""], [""44.71598177"", ""-68.24247285""]]",-69.62032381,1.4.00,ISRO,Copernicus GLO-30,24,2026193142320,5006,SSAR,"[[""39.7726533"", ""-69.53642887""], [""46.60209906"", ""-67.16639511""], [""53.84521346"", ""-69.4025382""], [""47.12770326"", ""-72.09344834""], [""39.7726533"", ""-69.53642887""]]",SAT_SEN_MODE,J,Y,2026-07-19 12:29:22,2026193142340_63_123,63,12-JUL-2026
NISAR_S2_PR_GUNW_024_049_D_123_025_3700_SH_20260629T150545_20260629T150625_20260711T150545_20260711T150624_P00500_M_F_I_001,NISAR_S2_PR_GUNW_024_049_D_123_025_3700_SH_20260629T150545_20260629T150625_20260711T150545_20260711T150624_P00500_M_F_I_001,NISAR_SSAR_GUNW,49,D,123,049_D_123,HH,123,2026192150540,NISAR,Descending,True,5.573723626,11-JUL-2026,2026-07-11T15:05:45Z,5.97242172,2026-07-19T10:10:58,NISAR_S2_PR_GUNW_024_049_D_123_025_3700_SH_20260629T150545_20260629T150625_20260711T150545_20260711T150624_P00500_M_F_I_001,ObsId_Track_Frame,STUCGUFED,NISAR_SSAR_W,4998,36.56428314,W,41.63791275,247,F,Left,"[[""34.31014236"", ""-68.24239754""], [""40.12062754"", ""-68.65074457""], [""39.1732003"", ""-70.96201898""], [""32.6984609"", ""-70.52745261""], [""34.31014236"", ""-68.24239754""]]",-69.62039656,1.4.00,ISRO,Copernicus GLO-30,24,2026192150536,4992,SSAR,"[[""29.44189687"", ""-69.08716183""], [""37.37472209"", ""-67.13128346""], [""43.6812693"", ""-69.84189673""], [""35.20949319"", ""-72.11927293""], [""29.44189687"", ""-69.08716183""]]",SAT_SEN_MODE,J,Y,2026-07-19 10:22:03,2026192150540_49_123,49,11-JUL-2026
NISAR_S2_PR_GUNW_024_034_D_125_025_3700_SH_20260628T140841_20260628T140920_20260710T140841_20260710T140920_P00500_M_F_I_001,NISAR_S2_PR_GUNW_024_034_D_125_025_3700_SH_20260628T140841_20260628T140920_20260710T140841_20260710T140920_P00500_M_F_I_001,NISAR_SSAR_GUNW,34,D,125,034_D_125,HH,125,2026191140632,NISAR,Descending,True,5.574205773,11-JUL-2026,2026-07-10T14:08:41Z,5.955202719,2026-07-19T08:06:44,NISAR_S2_PR_GUNW_024_034_D_125_025_3700_SH_20260628T140841_20260628T140920_20260710T140841_20260710T140920_P00500_M_F_I_001,ObsId_Track_Frame,STUCGUFED,NISAR_SSAR_W,4983,48.34468702,W,41.69726562,247,F,Left,"[[""45.71388784"", ""-72.36925727""], [""52.84200672"", ""-72.83163843""], [""51.49972077"", ""-75.11364865""], [""43.39185569"", ""-74.60628368""], [""45.71388784"", ""-72.36925727""]]",-73.76409534,1.4.00,ISRO,Copernicus GLO-30,24,2026191140628,4977,SSAR,"[[""39.52709328"", ""-73.69715832""], [""47.7127338"", ""-71.34891509""], [""56.72749591"", ""-73.46660807""], [""48.83467186"", ""-76.19179214""], [""39.52709328"", ""-73.69715832""]]",SAT_SEN_MODE,J,Y,2026-07-19 08:18:06,2026191140632_34_125,34,10-JUL-2026
NISAR_S2_PR_GUNW_024_020_D_123_025_3700_SH_20260627T144907_20260627T144946_20260709T144906_20260709T144946_P00500_M_F_I_001,NISAR_S2_PR_GUNW_024_020_D_123_025_3700_SH_20260627T144907_20260627T144946_20260709T144906_20260709T144946_P00500_M_F_I_001,NISAR_SSAR_GUNW,20,D,123,020_D_123,HH,123,2026190144900,NISAR,Descending,True,5.488342035,09-JUL-2026,2026-07-09T14:49:06Z,5.988661047,2026-07-18T15:09:27,NISAR_S2_PR_GUNW_024_020_D_123_025_3700_SH_20260627T144907_20260627T144946_20260709T144906_20260709T144946_P00500_M_F_I_001,ObsId_Track_Frame,STUCGUFED,NISAR_SSAR_W,4969,40.59758213,W,41.3708725,247,F,Left,"[[""38.20683462"", ""-68.21973268""], [""44.31191915"", ""-68.65343574""], [""43.34563777"", ""-70.96369615""], [""36.59342863"", ""-70.50532135""], [""38.20683462"", ""-68.21973268""]]",-69.60955419,1.4.00,ISRO,Copernicus GLO-30,24,2026190144840,4963,SSAR,"[[""33.53429093"", ""-69.26439134""], [""41.0687655"", ""-67.12714624""], [""47.79715851"", ""-69.65970096""], [""39.98636535"", ""-72.12523616""], [""33.53429093"", ""-69.26439134""]]",SAT_SEN_MODE,J,Y,2026-07-18 15:22:05,2026190144900_20_123,20,09-JUL-2026
NISAR_S2_PR_GUNW_025_147_D_131_027_3700_SH_20260718T101859_20260718T101932_20260811T101858_20260811T101931_P00500_M_F_I_001,NISAR_S2_PR_GUNW_025_147_D_131_027_3700_SH_20260718T101859_20260718T101932_20260811T101858_20260811T101931_P00500_M_F_I_001,NISAR_SSAR_GUNW,147,D,131,147_D_131,HH,131,2026223101336,NISAR,Descending,True,5.479712285,11-AUG-2026,2026-08-11T10:18:58Z,5.991569905,2026-08-14T18:30:27,NISAR_S2_PR_GUNW_025_147_D_131_027_3700_SH_20260718T101859_20260718T101932_20260811T101858_20260811T101931_P00500_M_F_I_001,ObsId_Track_Frame,STUCGUFED,NISAR_SSAR_W,5438,79.27866481,W,41.40878677,247,F,Left,"[[""76.54515055"", ""-83.30502115""], [""95.19019531"", ""-84.49502816""], [""84.29879667"", ""-86.24611167""], [""62.81183309"", ""-84.6635186""], [""76.54515055"", ""-83.30502115""]]",-84.78488682,1.4.00,ISRO,Copernicus GLO-30,25,2026223101324,5436,SSAR,"[[""54.14301779"", ""-85.57879945""], [""68.68329808"", ""-82.88128708""], [""95.86907163"", ""-83.33235448""], [""100.7794312"", ""-86.35177836""], [""54.14301779"", ""-85.57879945""]]",SAT_SEN_MODE,J,Y,2026-08-14 18:44:05,2026223101336_147_131,147,11-AUG-2026
NISAR_S2_PR_GUNW_025_018_D_130_026_3700_SH_20260709T113323_20260709T113358_20260721T113322_20260721T113357_P00500_M_F_I_001,NISAR_S2_PR_GUNW_025_018_D_130_026_3700_SH_20260709T113323_20260709T113358_20260721T113322_20260721T113357_P00500_M_F_I_001,NISAR_SSAR_GUNW,18,D,130,018_D_130,HH,130,2026202112832,NISAR,Descending,True,5.481108651,21-JUL-2026,2026-07-21T11:33:22Z,5.99054591,2026-07-22T22:58:49,NISAR_S2_PR_GUNW_025_018_D_130_026_3700_SH_20260709T113323_20260709T113358_20260721T113322_20260721T113357_P00500_M_F_I_001,ObsId_Track_Frame,STUCGUFED,NISAR_SSAR_W,5135,70.00472889,W,41.34135818,247,F,Left,"[[""66.35449352"", ""-81.77680438""], [""81.89621499"", ""-82.72727576""], [""75.66062866"", ""-84.66324538""], [""56.72578615"", ""-83.44211779""], [""66.35449352"", ""-81.77680438""]]",-83.23992524,1.4.00,ISRO,Copernicus GLO-30,25,2026202112828,5134,SSAR,"[[""53.22672246"", ""-83.71868472""], [""63.83282978"", ""-81.47995386""], [""83.92650085"", ""-82.30747909""], [""80.8068424"", ""-84.90145851""], [""53.22672246"", ""-83.71868472""]]",SAT_SEN_MODE,J,Y,2026-07-22 23:18:03,2026202112832_18_130,18,21-JUL-2026
NISAR_S2_PR_GUNW_023_147_D_131_025_3700_SH_20260624T101901_20260624T101934_20260718T101859_20260718T101932_P00500_M_F_I_001,NISAR_S2_PR_GUNW_023_147_D_131_025_3700_SH_20260624T101901_20260624T101934_20260718T101859_20260718T101932_P00500_M_F_I_001,NISAR_SSAR_GUNW,147,D,131,147_D_131,HH,131,2026199101336,NISAR,Descending,True,5.562317261,18-JUL-2026,2026-07-18T10:18:59Z,5.984761738,2026-07-21T03:43:19,NISAR_S2_PR_GUNW_023_147_D_131_025_3700_SH_20260624T101901_20260624T101934_20260718T101859_20260718T101932_P00500_M_F_I_001,ObsId_Track_Frame,STUCGUFED,NISAR_SSAR_W,5092,79.36037219,W,41.43424988,247,F,Left,"[[""76.56335344"", ""-83.30629836""], [""95.343052"", ""-84.5003802""], [""84.50444541"", ""-86.25399556""], [""62.83097015"", ""-84.66524903""], [""76.56335344"", ""-83.30629836""]]",-84.78998985,1.4.00,ISRO,Copernicus GLO-30,23,2026199101324,5090,SSAR,"[[""54.14301779"", ""-85.57879945""], [""68.68329808"", ""-82.88128708""], [""95.86907163"", ""-83.33235448""], [""100.7794312"", ""-86.35177836""], [""54.14301779"", ""-85.57879945""]]",SAT_SEN_MODE,J,Y,2026-07-21 04:05:35,2026199101336_147_131,147,18-JUL-2026
NISAR_S2_PR_GUNW_023_134_D_129_025_3700_SH_20260623T123930_20260623T124002_20260717T123928_20260717T124001_P00500_M_F_I_001,NISAR_S2_PR_GUNW_023_134_D_129_025_3700_SH_20260623T123930_20260623T124002_20260717T123928_20260717T124001_P00500_M_F_I_001,NISAR_SSAR_GUNW,134,D,129,134_D_129,HH,129,2026198123548,NISAR,Descending,True,5.567890192,17-JUL-2026,2026-07-17T12:39:28Z,5.98404449,2026-07-19T01:53:58,NISAR_S2_PR_GUNW_023_134_D_129_025_3700_SH_20260623T123930_20260623T124002_20260717T123928_20260717T124001_P00500_M_F_I_001,ObsId_Track_Frame,STUCGUFED,NISAR_SSAR_W,5078,59.27931859,W,41.46565247,247,F,Left,"[[""55.22747039"", ""-80.24429497""], [""68.59341678"", ""-81.05105908""], [""64.94466806"", ""-82.90795362""], [""48.97617423"", ""-81.93100247""], [""55.22747039"", ""-80.24429497""]]",-81.61284269,1.4.00,ISRO,Copernicus GLO-30,23,2026198123544,5077,SSAR,"[[""46.10170612"", ""-81.72790125""], [""55.84688399"", ""-79.79224593""], [""71.68618372"", ""-81.09656212""], [""64.85096063"", ""-83.41112885""], [""46.10170612"", ""-81.72790125""]]",SAT_SEN_MODE,J,Y,2026-07-19 02:06:03,2026198123548_134_129,134,17-JUL-2026
NISAR_S2_PR_GUNW_024_018_D_130_025_3700_SH_20260627T113323_20260627T113358_20260709T113323_20260709T113358_P00500_M_F_I_001,NISAR_S2_PR_GUNW_024_018_D_130_025_3700_SH_20260627T113323_20260627T113358_20260709T113323_20260709T113358_P00500_M_F_I_001,NISAR_SSAR_GUNW,18,D,130,018_D_130,HH,130,2026190112832,NISAR,Descending,True,5.563654843,09-JUL-2026,2026-07-09T11:33:23Z,5.982004658,2026-07-15T16:43:05,NISAR_S2_PR_GUNW_024_018_D_130_025_3700_SH_20260627T113323_20260627T113358_20260709T113323_20260709T113358_P00500_M_F_I_001,ObsId_Track_Frame,STUCGUFED,NISAR_SSAR_W,4962,70.10244372,W,41.44727707,247,F,Left,"[[""66.38882152"", ""-81.78035714""], [""82.05023592"", ""-82.73349549""], [""75.86256105"", ""-84.6713557""], [""56.76326015"", ""-83.44640351""], [""66.38882152"", ""-81.78035714""]]",-83.24650748,1.4.00,ISRO,Copernicus GLO-30,24,2026190112828,4961,SSAR,"[[""53.22672246"", ""-83.71868472""], [""63.83282978"", ""-81.47995386""], [""83.92650085"", ""-82.30747909""], [""80.8068424"", ""-84.90145851""], [""53.22672246"", ""-83.71868472""]]",SAT_SEN_MODE,J,Y,2026-07-15 16:52:10,2026190112832_18_130,18,09-JUL-2026
NISAR_S2_PR_GUNW_025_134_D_126_027_3700_SH_20260717T123742_20260717T123821_20260810T123741_20260810T123805_P00500_M_F_I_001,NISAR_S2_PR_GUNW_025_134_D_126_027_3700_SH_20260717T123742_20260717T123821_20260810T123741_20260810T123805_P00500_M_F_I_001,NISAR_SSAR_GUNW,134,D,126,134_D_126,HH,126,2026222123548,NISAR,Descending,True,5.483874877,10-AUG-2026,2026-08-10T12:37:41Z,5.990345254,2026-08-12T01:45:26,NISAR_S2_PR_GUNW_025_134_D_126_027_3700_SH_20260717T123742_20260717T123821_20260810T123741_20260810T123805_P00500_M_F_I_001,ObsId_Track_Frame,STUCGUFED,NISAR_SSAR_W,5424,69.14638804,W,41.33308411,247,F,Left,"[[""66.08437851"", ""-74.39361128""], [""74.53236074"", ""-74.9318889""], [""72.91171714"", ""-77.16601023""], [""63.19476347"", ""-76.56528919""], [""66.08437851"", ""-74.39361128""]]",-75.81235247,1.4.00,ISRO,Copernicus GLO-30,25,2026222123544,5423,SSAR,"[[""61.23571157"", ""-76.46887161""], [""66.04947456"", ""-73.98914253""], [""76.34053709"", ""-74.93099421""], [""73.28321624"", ""-77.60615759""], [""61.23571157"", ""-76.46887161""]]",SAT_SEN_MODE,J,Y,2026-08-12 01:55:30,2026222123548_134_126,134,10-AUG-2026
NISAR_S2_PR_GUNW_025_091_D_125_026_3700_SH_20260714T130205_20260714T130244_20260726T130204_20260726T130243_P00500_M_F_I_001,NISAR_S2_PR_GUNW_025_091_D_125_026_3700_SH_20260714T130205_20260714T130244_20260726T130204_20260726T130243_P00500_M_F_I_001,NISAR_SSAR_GUNW,91,D,125,091_D_125,HH,125,2026207130028,NISAR,Descending,True,5.484608479,26-JUL-2026,2026-07-26T13:02:04Z,6.001032335,2026-07-28T07:24:51,NISAR_S2_PR_GUNW_025_091_D_125_026_3700_SH_20260714T130205_20260714T130244_20260726T130204_20260726T130243_P00500_M_F_I_001,ObsId_Track_Frame,STUCGUFED,NISAR_SSAR_W,5208,64.80414346,W,41.34029388,247,F,Left,"[[""61.99278642"", ""-72.33768792""], [""69.50166969"", ""-72.83226358""], [""68.1852158"", ""-75.11535705""], [""59.60819103"", ""-74.57006921""], [""61.99278642"", ""-72.33768792""]]",-73.75756824,1.4.00,ISRO,Copernicus GLO-30,25,2026207130024,5207,SSAR,"[[""57.25175097"", ""-74.32870746""], [""62.41142476"", ""-71.7347286""], [""71.79565863"", ""-72.9407035""], [""67.96201574"", ""-75.76561585""], [""57.25175097"", ""-74.32870746""]]",SAT_SEN_MODE,J,Y,2026-07-28 07:36:04,2026207130028_91_125,91,26-JUL-2026
NISAR_S2_PR_GUNW_025_076_D_128_026_3700_SH_20260713T120536_20260713T120614_20260725T120536_20260725T120613_P00500_M_F_I_001,NISAR_S2_PR_GUNW_025_076_D_128_026_3700_SH_20260713T120536_20260713T120614_20260725T120536_20260725T120613_P00500_M_F_I_001,NISAR_SSAR_GUNW,76,D,128,076_D_128,HH,128,2026206120152,NISAR,Descending,True,5.482868426,25-JUL-2026,2026-07-25T12:05:36Z,5.990564322,2026-07-27T02:26:17,NISAR_S2_PR_GUNW_025_076_D_128_026_3700_SH_20260713T120536_20260713T120614_20260725T120536_20260725T120613_P00500_M_F_I_001,ObsId_Track_Frame,STUCGUFED,NISAR_SSAR_W,5193,71.76316867,W,41.40325546,247,F,Left,"[[""68.1578378"", ""-78.3850761""], [""79.37719753"", ""-79.06974328""], [""76.48743797"", ""-81.22675457""], [""63.02671907"", ""-80.41063187""], [""68.1578378"", ""-78.3850761""]]",-79.83211876,1.4.00,ISRO,Copernicus GLO-30,25,2026206120148,5192,SSAR,"[[""61.65890457"", ""-80.45926684""], [""67.45414463"", ""-78.20143783""], [""80.67287553"", ""-78.95253045""], [""77.95454816"", ""-81.41018078""], [""61.65890457"", ""-80.45926684""]]",SAT_SEN_MODE,J,Y,2026-07-27 02:36:05,2026206120152_76_128,76,25-JUL-2026
NISAR_S2_PR_GUNW_025_047_D_129_026_3700_SH_20260711T114932_20260711T115003_20260723T114931_20260723T115003_P00500_M_F_I_001,NISAR_S2_PR_GUNW_025_047_D_129_026_3700_SH_20260711T114932_20260711T115003_20260723T114931_20260723T115003_P00500_M_F_I_001,NISAR_SSAR_GUNW,47,D,129,047_D_129,HH,129,2026204114512,NISAR,Descending,True,5.482022045,23-JUL-2026,2026-07-23T11:49:31Z,5.990019224,2026-07-24T22:58:42,NISAR_S2_PR_GUNW_025_047_D_129_026_3700_SH_20260711T114932_20260711T115003_20260723T114931_20260723T115003_P00500_M_F_I_001,ObsId_Track_Frame,STUCGUFED,NISAR_SSAR_W,5164,71.84354085,W,41.34015656,247,F,Left,"[[""67.69764306"", ""-80.24452913""], [""80.9491855"", ""-81.04750368""], [""77.45796237"", ""-82.82384483""], [""61.77117872"", ""-81.86127208""], [""67.69764306"", ""-80.24452913""]]",-81.56367568,1.4.00,ISRO,Copernicus GLO-30,25,2026204114508,5163,SSAR,"[[""59.34933204"", ""-82.10894286""], [""66.26855667"", ""-80.01317912""], [""82.58453261"", ""-80.7772291""], [""80.04937331"", ""-83.10523092""], [""59.34933204"", ""-82.10894286""]]",SAT_SEN_MODE,J,Y,2026-07-24 23:06:38,2026204114512_47_129,47,23-JUL-2026
NISAR_S2_PR_GUNW_025_047_D_128_026_3700_SH_20260711T114858_20260711T114935_20260723T114857_20260723T114935_P00500_M_F_I_001,NISAR_S2_PR_GUNW_025_047_D_128_026_3700_SH_20260711T114858_20260711T114935_20260723T114857_20260723T114935_P00500_M_F_I_001,NISAR_SSAR_GUNW,47,D,128,047_D_128,HH,128,2026204114512,NISAR,Descending,True,5.48318763,23-JUL-2026,2026-07-23T11:48:57Z,5.989613856,2026-07-24T23:11:45,NISAR_S2_PR_GUNW_025_047_D_128_026_3700_SH_20260711T114858_20260711T114935_20260723T114857_20260723T114935_P00500_M_F_I_001,ObsId_Track_Frame,STUCGUFED,NISAR_SSAR_W,5164,75.91590181,W,41.3416748,247,F,Left,"[[""72.30514401"", ""-78.38401839""], [""83.54026774"", ""-79.06995739""], [""80.6461089"", ""-81.22681509""], [""67.17717917"", ""-80.40984433""], [""72.30514401"", ""-78.38401839""]]",-79.83137877,1.4.00,ISRO,Copernicus GLO-30,25,2026204114508,5163,SSAR,"[[""65.4790663"", ""-80.6316027""], [""70.84724854"", ""-78.16429018""], [""84.83608652"", ""-78.77002437""], [""83.23085348"", ""-81.41376228""], [""65.4790663"", ""-80.6316027""]]",SAT_SEN_MODE,J,Y,2026-07-24 23:26:04,2026204114512_47_128,47,23-JUL-2026
NISAR_S2_PR_GUNW_025_018_D_129_026_3700_SH_20260709T113253_20260709T113326_20260721T113253_20260721T113325_P00500_M_F_I_001,NISAR_S2_PR_GUNW_025_018_D_129_026_3700_SH_20260709T113253_20260709T113326_20260721T113253_20260721T113325_P00500_M_F_I_001,NISAR_SSAR_GUNW,18,D,129,018_D_129,HH,129,2026202112832,NISAR,Descending,True,5.482107001,21-JUL-2026,2026-07-21T11:32:53Z,5.989526055,2026-07-22T23:03:06,NISAR_S2_PR_GUNW_025_018_D_129_026_3700_SH_20260709T113253_20260709T113326_20260721T113253_20260721T113325_P00500_M_F_I_001,ObsId_Track_Frame,STUCGUFED,NISAR_SSAR_W,5135,75.89229117,W,41.42721558,247,F,Left,"[[""71.85842728"", ""-80.24458386""], [""85.11220939"", ""-81.0476745""], [""81.42719363"", ""-82.90337224""], [""65.61132424"", ""-81.93178175""], [""71.85842728"", ""-80.24458386""]]",-81.60173059,1.4.00,ISRO,Copernicus GLO-30,25,2026202112828,5134,SSAR,"[[""63.03966033"", ""-82.27922176""], [""69.56786606"", ""-79.9829885""], [""86.65482745"", ""-80.59444345""], [""85.43702726"", ""-83.09442116""], [""63.03966033"", ""-82.27922176""]]",SAT_SEN_MODE,J,Y,2026-07-22 23:14:09,2026202112832_18_129,18,21-JUL-2026
NISAR_S2_PR_GUNW_024_005_D_125_026_3700_SH_20260626T135202_20260626T135242_20260720T135201_20260720T135240_P00500_M_F_I_001,NISAR_S2_PR_GUNW_024_005_D_125_026_3700_SH_20260626T135202_20260626T135242_20260720T135201_20260720T135240_P00500_M_F_I_001,NISAR_SSAR_GUNW,5,D,125,005_D_125,HH,125,2026201135000,NISAR,Descending,True,5.486340434,20-JUL-2026,2026-07-20T13:52:01Z,5.987990111,2026-07-22T07:59:30,NISAR_S2_PR_GUNW_024_005_D_125_026_3700_SH_20260626T135202_20260626T135242_20260720T135201_20260720T135240_P00500_M_F_I_001,ObsId_Track_Frame,STUCGUFED,NISAR_SSAR_W,5127,52.30647468,W,41.4133873,247,F,Left,"[[""49.4979414"", ""-72.33691188""], [""57.02704767"", ""-72.8327886""], [""55.68530732"", ""-75.1147756""], [""47.11546741"", ""-74.56948423""], [""49.4979414"", ""-72.33691188""]]",-73.75309176,1.4.00,ISRO,Copernicus GLO-30,24,2026201134956,5121,SSAR,"[[""43.84233292"", ""-73.86839662""], [""51.34335499"", ""-71.41289373""], [""60.59424253"", ""-73.311165""], [""53.73445431"", ""-76.11836944""], [""43.84233292"", ""-73.86839662""]]",SAT_SEN_MODE,J,Y,2026-07-22 08:26:43,2026201135000_5_125,5,20-JUL-2026
NISAR_S2_PR_GUNW_023_149_D_125_025_3700_SH_20260624T133524_20260624T133603_20260718T133522_20260718T133601_P00500_M_F_I_001,NISAR_S2_PR_GUNW_023_149_D_125_025_3700_SH_20260624T133524_20260624T133603_20260718T133522_20260718T133601_P00500_M_F_I_001,NISAR_SSAR_GUNW,149,D,125,149_D_125,HH,125,2026199133340,NISAR,Descending,True,5.486222631,19-JUL-2026,2026-07-18T13:35:22Z,5.989198757,2026-07-20T23:14:34,NISAR_S2_PR_GUNW_023_149_D_125_025_3700_SH_20260624T133524_20260624T133603_20260718T133522_20260718T133601_P00500_M_F_I_001,ObsId_Track_Frame,STUCGUFED,NISAR_SSAR_W,5099,56.47657159,W,41.42514801,247,F,Left,"[[""53.67313395"", ""-72.33759154""], [""61.1858092"", ""-72.83220966""], [""59.8522473"", ""-75.11455376""], [""51.28506294"", ""-74.56966841""], [""53.67313395"", ""-72.33759154""]]",-73.75490797,1.4.00,ISRO,Copernicus GLO-30,23,2026199133336,5092,SSAR,"[[""48.22710768"", ""-74.03516881""], [""54.98296345"", ""-71.5053153""], [""64.36707573"", ""-73.17533349""], [""58.54480443"", ""-76.02206987""], [""48.22710768"", ""-74.03516881""]]",SAT_SEN_MODE,J,Y,2026-07-20 23:28:06,2026199133340_149_125,149,18-JUL-2026
NISAR_S2_PR_GUNW_023_134_D_128_025_3700_SH_20260623T123855_20260623T123933_20260717T123854_20260717T123931_P00500_M_F_I_001,NISAR_S2_PR_GUNW_023_134_D_128_025_3700_SH_20260623T123855_20260623T123933_20260717T123854_20260717T123931_P00500_M_F_I_001,NISAR_SSAR_GUNW,134,D,128,134_D_128,HH,128,2026198123548,NISAR,Descending,True,5.48279577,17-JUL-2026,2026-07-17T12:38:54Z,5.982842487,2026-07-19T02:00:52,NISAR_S2_PR_GUNW_023_134_D_128_025_3700_SH_20260623T123855_20260623T123933_20260717T123854_20260717T123931_P00500_M_F_I_001,ObsId_Track_Frame,STUCGUFED,NISAR_SSAR_W,5078,63.45235331,W,41.46618652,247,F,Left,"[[""59.8458432"", ""-78.38512121""], [""71.16882124"", ""-79.07343378""], [""68.30305189"", ""-81.23112675""], [""54.71272588"", ""-80.41041221""], [""59.8458432"", ""-78.38512121""]]",-79.84346116,1.4.00,ISRO,Copernicus GLO-30,23,2026198123544,5077,SSAR,"[[""52.01273187"", ""-80.23599393""], [""60.13443062"", ""-77.94644301""], [""73.79679632"", ""-79.10771747""], [""68.43661315"", ""-81.71997952""], [""52.01273187"", ""-80.23599393""]]",SAT_SEN_MODE,J,Y,2026-07-19 02:16:04,2026198123548_134_128,134,17-JUL-2026
NISAR_S2_PR_GUNW_023_134_D_127_025_3700_SH_20260623T123819_20260623T123858_20260717T123818_20260717T123857_P00500_M_F_I_001,NISAR_S2_PR_GUNW_023_134_D_127_025_3700_SH_20260623T123819_20260623T123858_20260717T123818_20260717T123857_P00500_M_F_I_001,NISAR_SSAR_GUNW,134,D,127,134_D_127,HH,127,2026198123548,NISAR,Descending,True,5.569006312,17-JUL-2026,2026-07-17T12:38:18Z,5.984959571,2026-07-19T02:06:06,NISAR_S2_PR_GUNW_023_134_D_127_025_3700_SH_20260623T123819_20260623T123858_20260717T123818_20260717T123857_P00500_M_F_I_001,ObsId_Track_Frame,STUCGUFED,NISAR_SSAR_W,5078,66.71221597,W,41.42805862,247,F,Left,"[[""63.39743565"", ""-76.38300056""], [""73.10290147"", ""-76.98493547""], [""70.96988602"", ""-79.25478293""], [""59.49944008"", ""-78.55876828""], [""63.39743565"", ""-76.38300056""]]",-77.85349197,1.4.00,ISRO,Copernicus GLO-30,23,2026198123544,5077,SSAR,"[[""57.18031888"", ""-78.42294187""], [""63.49513344"", ""-75.96145036""], [""75.26532023"", ""-77.00079494""], [""71.215691"", ""-79.71640103""], [""57.18031888"", ""-78.42294187""]]",SAT_SEN_MODE,J,Y,2026-07-19 02:18:03,2026198123548_134_127,134,17-JUL-2026
NISAR_S2_PR_GUNW_024_120_D_127_025_3700_SH_20260704T131955_20260704T132035_20260716T131955_20260716T132034_P00500_M_F_I_001,NISAR_S2_PR_GUNW_024_120_D_127_025_3700_SH_20260704T131955_20260704T132035_20260716T131955_20260716T132034_P00500_M_F_I_001,NISAR_SSAR_GUNW,120,D,127,120_D_127,HH,127,2026197131708,NISAR,Descending,True,5.569475854,16-JUL-2026,2026-07-16T13:19:55Z,5.968815491,2026-07-18T11:20:17,NISAR_S2_PR_GUNW_024_120_D_127_025_3700_SH_20260704T131955_20260704T132035_20260716T131955_20260716T132034_P00500_M_F_I_001,ObsId_Track_Frame,STUCGUFED,NISAR_SSAR_W,5070,51.71926334,W,34.97698212,247,F,Left,"[[""53.4772574"", ""-76.42408225""], [""53.47529384"", ""-76.42396238""], [""49.62229289"", ""-78.60347109""], [""49.62442695"", ""-78.60360396""], [""53.4772574"", ""-76.42408225""]]",-77.51963393,1.4.00,ISRO,Copernicus GLO-30,24,2026197131704,5063,SSAR,"[[""45.51576021"", ""-78.06901147""], [""54.44090551"", ""-75.64652386""], [""66.47423116"", ""-77.25106671""], [""59.11474871"", ""-80.07080747""], [""45.51576021"", ""-78.06901147""]]",SAT_SEN_MODE,J,Y,2026-07-18 11:32:04,2026197131708_120_127,120,16-JUL-2026
NISAR_S2_PR_GUNW_023_120_D_125_025_3700_SH_20260622T131845_20260622T131924_20260716T131843_20260716T131923_P00500_M_F_I_001,NISAR_S2_PR_GUNW_023_120_D_125_025_3700_SH_20260622T131845_20260622T131924_20260716T131843_20260716T131923_P00500_M_F_I_001,NISAR_SSAR_GUNW,120,D,125,120_D_125,HH,125,2026197131708,NISAR,Descending,True,5.485398848,16-JUL-2026,2026-07-16T13:18:43Z,5.990261744,2026-07-18T13:20:08,NISAR_S2_PR_GUNW_023_120_D_125_025_3700_SH_20260622T131845_20260622T131924_20260716T131843_20260716T131923_P00500_M_F_I_001,ObsId_Track_Frame,STUCGUFED,NISAR_SSAR_W,5070,60.65102419,W,41.36910248,247,F,Left,"[[""57.84501583"", ""-72.33911292""], [""65.34597406"", ""-72.83277772""], [""64.03150393"", ""-75.11593154""], [""55.45002263"", ""-74.57058805""], [""57.84501583"", ""-72.33911292""]]",-73.75822242,1.4.00,ISRO,Copernicus GLO-30,23,2026197131704,5063,SSAR,"[[""52.68610595"", ""-74.19128154""], [""58.66750465"", ""-71.61140128""], [""68.09533266"", ""-73.04970869""], [""63.27909126"", ""-75.90591037""], [""52.68610595"", ""-74.19128154""]]",SAT_SEN_MODE,J,Y,2026-07-18 13:32:11,2026197131708_120_125,120,16-JUL-2026
NISAR_S2_PR_GUNW_024_091_D_125_025_3700_SH_20260702T130205_20260702T130245_20260714T130205_20260714T130244_P00500_P_F_I_001,NISAR_S2_PR_GUNW_024_091_D_125_025_3700_SH_20260702T130205_20260702T130245_20260714T130205_20260714T130244_P00500_P_F_I_001,NISAR_SSAR_GUNW,91,D,125,091_D_125,HH,125,2026195130028,NISAR,Descending,True,5.484664393,14-JUL-2026,2026-07-14T13:02:05Z,6.000030839,2026-07-22T02:08:56,NISAR_S2_PR_GUNW_024_091_D_125_025_3700_SH_20260702T130205_20260702T130245_20260714T130205_20260714T130244_P00500_P_F_I_001,ObsId_Track_Frame,STUCGUFED,NISAR_SSAR_W,5035,64.808451,W,41.34132004,247,F,Left,"[[""61.99143522"", ""-72.3375783""], [""69.51134882"", ""-72.83271087""], [""68.196441"", ""-75.11583441""], [""59.60671805"", ""-74.56994185""], [""61.99143522"", ""-72.3375783""]]",-73.75786191,1.4.00,ISRO,Copernicus GLO-30,24,2026195130024,5034,SSAR,"[[""57.25175097"", ""-74.32870746""], [""62.41142476"", ""-71.7347286""], [""71.79565863"", ""-72.9407035""], [""67.96201574"", ""-75.76561585""], [""57.25175097"", ""-74.32870746""]]",SAT_SEN_MODE,J,Y,2026-07-22 02:25:14,2026195130028_91_125,91,14-JUL-2026
NISAR_S2_PR_GUNW_023_076_D_128_025_3700_SH_20260619T120538_20260619T120615_20260713T120536_20260713T120614_P00500_M_F_I_001,NISAR_S2_PR_GUNW_023_076_D_128_025_3700_SH_20260619T120538_20260619T120615_20260713T120536_20260713T120614_P00500_M_F_I_001,NISAR_SSAR_GUNW,76,D,128,076_D_128,HH,128,2026194120152,NISAR,Descending,True,5.483402798,13-JUL-2026,2026-07-13T12:05:36Z,5.983296827,2026-07-19T15:20:33,NISAR_S2_PR_GUNW_023_076_D_128_025_3700_SH_20260619T120538_20260619T120615_20260713T120536_20260713T120614_P00500_M_F_I_001,ObsId_Track_Frame,STUCGUFED,NISAR_SSAR_W,5020,71.81539654,W,41.40755844,247,F,Left,"[[""68.15602669"", ""-78.38357905""], [""79.47937567"", ""-79.07252174""], [""76.61233905"", ""-81.23024338""], [""63.02520139"", ""-80.40909813""], [""68.15602669"", ""-78.38357905""]]",-79.83394568,1.4.00,ISRO,Copernicus GLO-30,23,2026194120148,5019,SSAR,"[[""61.65890457"", ""-80.45926684""], [""67.45414463"", ""-78.20143783""], [""80.67287553"", ""-78.95253045""], [""77.95454816"", ""-81.41018078""], [""61.65890457"", ""-80.45926684""]]",SAT_SEN_MODE,J,Y,2026-07-19 15:29:03,2026194120152_76_128,76,13-JUL-2026
NISAR_S2_PR_GUNW_023_047_D_129_025_3700_SH_20260617T114933_20260617T115005_20260711T114932_20260711T115003_P00500_M_F_I_001,NISAR_S2_PR_GUNW_023_047_D_129_025_3700_SH_20260617T114933_20260617T115005_20260711T114932_20260711T115003_P00500_M_F_I_001,NISAR_SSAR_GUNW,47,D,129,047_D_129,HH,129,2026192114512,NISAR,Descending,True,5.482286907,11-JUL-2026,2026-07-11T11:49:32Z,5.981492315,2026-07-19T04:44:45,NISAR_S2_PR_GUNW_023_047_D_129_025_3700_SH_20260617T114933_20260617T115005_20260711T114932_20260711T115003_P00500_M_F_I_001,ObsId_Track_Frame,STUCGUFED,NISAR_SSAR_W,4991,71.92345917,W,41.44429779,247,F,Left,"[[""67.70922312"", ""-80.24512253""], [""81.09034448"", ""-81.05250836""], [""77.63416311"", ""-82.8287082""], [""61.7894969"", ""-81.86091784""], [""67.70922312"", ""-80.24512253""]]",-81.56741005,1.4.00,ISRO,Copernicus GLO-30,23,2026192114508,4990,SSAR,"[[""59.34933204"", ""-82.10894286""], [""66.26855667"", ""-80.01317912""], [""82.58453261"", ""-80.7772291""], [""80.04937331"", ""-83.10523092""], [""59.34933204"", ""-82.10894286""]]",SAT_SEN_MODE,J,Y,2026-07-19 04:52:20,2026192114512_47_129,47,11-JUL-2026
NISAR_S2_PR_GUNW_023_047_D_128_025_3700_SH_20260617T114859_20260617T114936_20260711T114858_20260711T114935_P00500_M_F_I_001,NISAR_S2_PR_GUNW_023_047_D_128_025_3700_SH_20260617T114859_20260617T114936_20260711T114858_20260711T114935_P00500_M_F_I_001,NISAR_SSAR_GUNW,47,D,128,047_D_128,HH,128,2026192114512,NISAR,Descending,True,5.483313604,11-JUL-2026,2026-07-11T11:48:58Z,5.982113054,2026-07-19T05:06:51,NISAR_S2_PR_GUNW_023_047_D_128_025_3700_SH_20260617T114859_20260617T114936_20260711T114858_20260711T114935_P00500_M_F_I_001,ObsId_Track_Frame,STUCGUFED,NISAR_SSAR_W,4991,75.97337363,W,41.4451828,247,F,Left,"[[""72.31790292"", ""-78.38501167""], [""83.6362623"", ""-79.07365159""], [""80.76435584"", ""-81.2312302""], [""67.19234514"", ""-80.4110621""], [""72.31790292"", ""-78.38501167""]]",-79.83474769,1.4.00,ISRO,Copernicus GLO-30,23,2026192114508,4990,SSAR,"[[""65.4790663"", ""-80.6316027""], [""70.84724854"", ""-78.16429018""], [""84.83608652"", ""-78.77002437""], [""83.23085348"", ""-81.41376228""], [""65.4790663"", ""-80.6316027""]]",SAT_SEN_MODE,J,Y,2026-07-19 05:18:03,2026192114512_47_128,47,11-JUL-2026
NISAR_S2_PR_GUNW_024_018_D_129_025_3700_SH_20260627T113254_20260627T113327_20260709T113253_20260709T113326_P00500_M_F_I_001,NISAR_S2_PR_GUNW_024_018_D_129_025_3700_SH_20260627T113254_20260627T113327_20260709T113253_20260709T113326_P00500_M_F_I_001,NISAR_SSAR_GUNW,18,D,129,018_D_129,HH,129,2026190112832,NISAR,Descending,True,5.481984715,09-JUL-2026,2026-07-09T11:32:53Z,5.981360171,2026-07-15T16:35:43,NISAR_S2_PR_GUNW_024_018_D_129_025_3700_SH_20260627T113254_20260627T113327_20260709T113253_20260709T113326_P00500_M_F_I_001,ObsId_Track_Frame,STUCGUFED,NISAR_SSAR_W,4962,75.97128913,W,41.42765045,247,F,Left,"[[""71.87969571"", ""-80.24664287""], [""85.24325564"", ""-81.05289434""], [""81.58979879"", ""-82.90971249""], [""65.63526845"", ""-81.93418509""], [""71.87969571"", ""-80.24664287""]]",-81.60675405,1.4.00,ISRO,Copernicus GLO-30,24,2026190112828,4961,SSAR,"[[""63.03966033"", ""-82.27922176""], [""69.56786606"", ""-79.9829885""], [""86.65482745"", ""-80.59444345""], [""85.43702726"", ""-83.09442116""], [""63.03966033"", ""-82.27922176""]]",SAT_SEN_MODE,J,Y,2026-07-15 16:46:48,2026190112832_18_129,18,09-JUL-2026
NISAR_S2_PR_GUNW_025_147_D_130_027_3700_SH_20260718T101827_20260718T101902_20260811T101826_20260811T101901_P00500_M_F_I_001,NISAR_S2_PR_GUNW_025_147_D_130_027_3700_SH_20260718T101827_20260718T101902_20260811T101826_20260811T101901_P00500_M_F_I_001,NISAR_SSAR_GUNW,147,D,130,147_D_130,HH,130,2026223101336,NISAR,Descending,True,5.481378585,11-AUG-2026,2026-08-11T10:18:26Z,5.991467443,2026-08-14T18:21:47,NISAR_S2_PR_GUNW_025_147_D_130_027_3700_SH_20260718T101827_20260718T101902_20260811T101826_20260811T101901_P00500_M_F_I_001,ObsId_Track_Frame,STUCGUFED,NISAR_SSAR_W,5438,88.71813026,W,41.40295792,247,F,Left,"[[""85.0788136"", ""-81.77633202""], [""100.6408392"", ""-82.72777444""], [""94.42372722"", ""-84.66450804""], [""75.46489957"", ""-83.44313544""], [""85.0788136"", ""-81.77633202""]]",-83.24075572,1.4.00,ISRO,Copernicus GLO-30,25,2026223101324,5436,SSAR,"[[""70.84093779"", ""-84.53213105""], [""77.83366603"", ""-81.49396225""], [""100.4131105"", ""-81.54558789""], [""106.496858"", ""-84.61313071""], [""70.84093779"", ""-84.53213105""]]",SAT_SEN_MODE,J,Y,2026-08-14 18:36:40,2026223101336_147_130,147,11-AUG-2026
NISAR_S2_PR_GUNW_025_089_D_131_026_3700_SH_20260714T094542_20260714T094615_20260726T094541_20260726T094614_P00500_M_F_I_001,NISAR_S2_PR_GUNW_025_089_D_131_026_3700_SH_20260714T094542_20260714T094615_20260726T094541_20260726T094614_P00500_M_F_I_001,NISAR_SSAR_GUNW,89,D,131,089_D_131,HH,131,2026207094024,NISAR,Descending,True,5.479753892,26-JUL-2026,2026-07-26T09:45:41Z,5.991982459,2026-07-28T03:45:46,NISAR_S2_PR_GUNW_025_089_D_131_026_3700_SH_20260714T094542_20260714T094615_20260726T094541_20260726T094614_P00500_M_F_I_001,ObsId_Track_Frame,STUCGUFED,NISAR_SSAR_W,5206,87.58583456,W,41.37280273,247,F,Left,"[[""84.85446576"", ""-83.30433207""], [""103.5173719"", ""-84.49574299""], [""92.62602344"", ""-86.24760388""], [""71.12738097"", ""-84.66444166""], [""84.85446576"", ""-83.30433207""]]",-84.78596511,1.4.00,ISRO,Copernicus GLO-30,25,2026207094020,5205,SSAR,"[[""62.51225616"", ""-85.95292087""], [""74.63153668"", ""-82.95745885""], [""102.1023843"", ""-83.05470203""], [""112.0924332"", ""-86.12518222""], [""62.51225616"", ""-85.95292087""]]",SAT_SEN_MODE,J,Y,2026-07-28 03:57:10,2026207094024_89_131,89,26-JUL-2026
NISAR_S2_PR_GUNW_025_089_D_130_026_3700_SH_20260714T094510_20260714T094545_20260726T094509_20260726T094544_P00500_M_F_I_001,NISAR_S2_PR_GUNW_025_089_D_130_026_3700_SH_20260714T094510_20260714T094545_20260726T094509_20260726T094544_P00500_M_F_I_001,NISAR_SSAR_GUNW,89,D,130,089_D_130,HH,130,2026207094024,NISAR,Descending,True,5.481101164,26-JUL-2026,2026-07-26T09:45:09Z,5.992433858,2026-07-28T03:50:10,NISAR_S2_PR_GUNW_025_089_D_130_026_3700_SH_20260714T094510_20260714T094545_20260726T094509_20260726T094544_P00500_M_F_I_001,ObsId_Track_Frame,STUCGUFED,NISAR_SSAR_W,5206,97.02827335,W,41.37191772,247,F,Left,"[[""93.39367683"", ""-81.77586216""], [""108.9633271"", ""-82.7280062""], [""102.7489582"", ""-84.66550092""], [""83.7852474"", ""-83.44396471""], [""93.39367683"", ""-81.77586216""]]",-83.24175883,1.4.00,ISRO,Copernicus GLO-30,25,2026207094020,5205,SSAR,"[[""80.37903174"", ""-84.88844707""], [""84.1543711"", ""-81.62115593""], [""106.9076068"", ""-81.28936367""], [""116.7154335"", ""-84.35885028""], [""80.37903174"", ""-84.88844707""]]",SAT_SEN_MODE,J,Y,2026-07-28 04:06:08,2026207094024_89_130,89,26-JUL-2026
NISAR_S2_PR_GUNW_024_032_D_129_026_3700_SH_20260628T105117_20260628T105149_20260722T105115_20260722T105148_P00500_M_F_I_001,NISAR_S2_PR_GUNW_024_032_D_129_026_3700_SH_20260628T105117_20260628T105149_20260722T105115_20260722T105148_P00500_M_F_I_001,NISAR_SSAR_GUNW,32,D,129,032_D_129,HH,129,2026203104636,NISAR,Descending,True,5.481542166,22-JUL-2026,2026-07-22T10:51:15Z,5.950851586,2026-07-24T02:24:16,NISAR_S2_PR_GUNW_024_032_D_129_026_3700_SH_20260628T105117_20260628T105149_20260722T105115_20260722T105148_P00500_M_F_I_001,ObsId_Track_Frame,STUCGUFED,NISAR_SSAR_W,5149,86.73399926,W,41.772995,247,F,Left,"[[""82.92146072"", ""-80.30060449""], [""95.6234714"", ""-81.05207741""], [""91.96918896"", ""-82.90891122""], [""76.7703315"", ""-81.99884807""], [""82.92146072"", ""-80.30060449""]]",-81.62910668,1.4.00,ISRO,Copernicus GLO-30,24,2026203104632,5148,SSAR,"[[""73.15068859"", ""-82.73927218""], [""77.87352062"", ""-79.9932322""], [""96.1701751"", ""-80.15872477""], [""98.66413543"", ""-82.97019114""], [""73.15068859"", ""-82.73927218""]]",SAT_SEN_MODE,J,Y,2026-07-24 02:33:03,2026203104636_32_129,32,22-JUL-2026
NISAR_S2_PR_GUNW_023_147_D_130_025_3700_SH_20260624T101829_20260624T101904_20260718T101827_20260718T101902_P00500_M_F_I_001,NISAR_S2_PR_GUNW_023_147_D_130_025_3700_SH_20260624T101829_20260624T101904_20260718T101827_20260718T101902_P00500_M_F_I_001,NISAR_SSAR_GUNW,147,D,130,147_D_130,HH,130,2026199101336,NISAR,Descending,True,5.481253972,18-JUL-2026,2026-07-18T10:18:27Z,5.984907852,2026-07-21T03:30:23,NISAR_S2_PR_GUNW_023_147_D_130_025_3700_SH_20260624T101829_20260624T101904_20260718T101827_20260718T101902_P00500_M_F_I_001,ObsId_Track_Frame,STUCGUFED,NISAR_SSAR_W,5092,88.78188253,W,41.40460205,247,F,Left,"[[""85.08362611"", ""-81.77678079""], [""100.763789"", ""-82.73241135""], [""94.58547729"", ""-84.67064822""], [""75.47032621"", ""-83.44369095""], [""85.08362611"", ""-81.77678079""]]",-83.24476103,1.4.00,ISRO,Copernicus GLO-30,23,2026199101324,5090,SSAR,"[[""70.84093779"", ""-84.53213105""], [""77.83366603"", ""-81.49396225""], [""100.4131105"", ""-81.54558789""], [""106.496858"", ""-84.61313071""], [""70.84093779"", ""-84.53213105""]]",SAT_SEN_MODE,J,Y,2026-07-21 04:13:14,2026199101336_147_130,147,18-JUL-2026
NISAR_S2_PR_GUNW_023_089_D_131_025_3700_SH_20260620T094543_20260620T094616_20260714T094542_20260714T094615_P00500_M_F_I_001,NISAR_S2_PR_GUNW_023_089_D_131_025_3700_SH_20260620T094543_20260620T094616_20260714T094542_20260714T094615_P00500_M_F_I_001,NISAR_SSAR_GUNW,89,D,131,089_D_131,HH,131,2026195094024,NISAR,Descending,True,5.479703807,14-JUL-2026,2026-07-14T09:45:42Z,5.984590913,2026-07-19T17:41:49,NISAR_S2_PR_GUNW_023_089_D_131_025_3700_SH_20260620T094543_20260620T094616_20260714T094542_20260714T094615_P00500_M_F_I_001,ObsId_Track_Frame,STUCGUFED,NISAR_SSAR_W,5033,87.66501478,W,41.46749115,247,F,Left,"[[""84.8767934"", ""-83.30738804""], [""103.6616482"", ""-84.5018925""], [""92.81736545"", ""-86.25612819""], [""71.14711644"", ""-84.66800109""], [""84.8767934"", ""-83.30738804""]]",-84.79222563,1.4.00,ISRO,Copernicus GLO-30,23,2026195094020,5032,SSAR,"[[""62.51225616"", ""-85.95292087""], [""74.63153668"", ""-82.95745885""], [""102.1023843"", ""-83.05470203""], [""112.0924332"", ""-86.12518222""], [""62.51225616"", ""-85.95292087""]]",SAT_SEN_MODE,J,Y,2026-07-19 17:59:04,2026195094024_89_131,89,14-JUL-2026
NISAR_S2_PR_GUNW_023_089_D_130_025_3700_SH_20260620T094511_20260620T094546_20260714T094510_20260714T094545_P00500_M_F_I_001,NISAR_S2_PR_GUNW_023_089_D_130_025_3700_SH_20260620T094511_20260620T094546_20260714T094510_20260714T094545_P00500_M_F_I_001,NISAR_SSAR_GUNW,89,D,130,089_D_130,HH,130,2026195094024,NISAR,Descending,True,5.48103029,14-JUL-2026,2026-07-14T09:45:10Z,5.985266077,2026-07-19T17:45:54,NISAR_S2_PR_GUNW_023_089_D_130_025_3700_SH_20260620T094511_20260620T094546_20260714T094510_20260714T094545_P00500_M_F_I_001,ObsId_Track_Frame,STUCGUFED,NISAR_SSAR_W,5033,97.09064458,W,41.40930176,247,F,Left,"[[""93.40236985"", ""-81.77758881""], [""109.0795744"", ""-82.7332112""], [""102.9011445"", ""-84.67212139""], [""83.79366903"", ""-83.44586105""], [""93.40236985"", ""-81.77758881""]]",-83.24658476,1.4.00,ISRO,Copernicus GLO-30,23,2026195094020,5032,SSAR,"[[""80.37903174"", ""-84.88844707""], [""84.1543711"", ""-81.62115593""], [""106.9076068"", ""-81.28936367""], [""116.7154335"", ""-84.35885028""], [""80.37903174"", ""-84.88844707""]]",SAT_SEN_MODE,J,Y,2026-07-19 17:58:14,2026195094024_89_130,89,14-JUL-2026
NISAR_S2_PR_GUNW_025_134_D_125_027_3700_SH_20260717T123706_20260717T123745_20260810T123705_20260810T123744_P00500_M_F_I_001,NISAR_S2_PR_GUNW_025_134_D_125_027_3700_SH_20260717T123706_20260717T123745_20260810T123705_20260810T123744_P00500_M_F_I_001,NISAR_SSAR_GUNW,134,D,125,134_D_125,HH,125,2026222123548,NISAR,Descending,True,5.484929985,10-AUG-2026,2026-08-10T12:37:05Z,5.992007773,2026-08-12T02:18:08,NISAR_S2_PR_GUNW_025_134_D_125_027_3700_SH_20260717T123706_20260717T123745_20260810T123705_20260810T123744_P00500_M_F_I_001,ObsId_Track_Frame,STUCGUFED,NISAR_SSAR_W,5424,71.04179377,W,41.39465714,247,F,Left,"[[""68.25338732"", ""-72.33913869""], [""75.73316404"", ""-72.83159461""], [""74.38422837"", ""-75.11334743""], [""65.92181893"", ""-74.57599241""], [""68.25338732"", ""-72.33913869""]]",-73.75661616,1.4.00,ISRO,Copernicus GLO-30,25,2026222123544,5423,SSAR,"[[""64.21932578"", ""-74.50470468""], [""68.117188"", ""-71.95604012""], [""77.25700346"", ""-72.82042131""], [""74.78609139"", ""-75.52933266""], [""64.21932578"", ""-74.50470468""]]",SAT_SEN_MODE,J,Y,2026-08-12 02:29:24,2026222123548_134_125,134,10-AUG-2026
NISAR_S2_PR_GUNW_025_105_D_125_026_3700_SH_20260715T122027_20260715T122107_20260727T122027_20260727T122106_P00500_M_F_I_001,NISAR_S2_PR_GUNW_025_105_D_125_026_3700_SH_20260715T122027_20260715T122107_20260727T122027_20260727T122106_P00500_M_F_I_001,NISAR_SSAR_GUNW,105,D,125,105_D_125,HH,125,2026208121904,NISAR,Descending,True,5.486060848,27-JUL-2026,2026-07-27T12:20:27Z,5.993320332,2026-07-29T20:31:31,NISAR_S2_PR_GUNW_025_105_D_125_026_3700_SH_20260715T122027_20260715T122107_20260727T122027_20260727T122106_P00500_M_F_I_001,ObsId_Track_Frame,STUCGUFED,NISAR_SSAR_W,5222,75.19114649,W,41.3287468,247,F,Left,"[[""72.40642021"", ""-72.33792404""], [""79.87399609"", ""-72.83020732""], [""78.52622383"", ""-75.1120968""], [""70.02576337"", ""-74.57066367""], [""72.40642021"", ""-72.33792404""]]",-73.75683908,1.4.00,ISRO,Copernicus GLO-30,25,2026208121852,5221,SSAR,"[[""68.94489523"", ""-74.59595867""], [""72.01136435"", ""-72.11658243""], [""80.86481164"", ""-72.76261478""], [""79.20604947"", ""-75.35724705""], [""68.94489523"", ""-74.59595867""]]",SAT_SEN_MODE,J,Y,2026-07-29 20:52:50,2026208121904_105_125,105,27-JUL-2026
NISAR_S2_PR_GUNW_025_076_D_127_026_3700_SH_20260713T120500_20260713T120540_20260725T120500_20260725T120539_P00500_M_F_I_001,NISAR_S2_PR_GUNW_025_076_D_127_026_3700_SH_20260713T120500_20260713T120540_20260725T120500_20260725T120539_P00500_M_F_I_001,NISAR_SSAR_GUNW,76,D,127,076_D_127,HH,127,2026206120152,NISAR,Descending,True,5.483862598,25-JUL-2026,2026-07-25T12:05:00Z,5.992319722,2026-07-27T02:11:59,NISAR_S2_PR_GUNW_025_076_D_127_026_3700_SH_20260713T120500_20260713T120540_20260725T120500_20260725T120539_P00500_M_F_I_001,ObsId_Track_Frame,STUCGUFED,NISAR_SSAR_W,5193,75.0532238,W,41.42529678,247,F,Left,"[[""71.72719133"", ""-76.38442401""], [""81.36148874"", ""-76.98308133""], [""79.20301045"", ""-79.25214104""], [""67.83190748"", ""-78.56051855""], [""71.72719133"", ""-76.38442401""]]",-77.84360703,1.4.00,ISRO,Copernicus GLO-30,25,2026206120148,5192,SSAR,"[[""66.65695562"", ""-78.64675928""], [""71.00207222"", ""-76.20180791""], [""82.39776728"", ""-76.83220859""], [""80.50235364"", ""-79.42673562""], [""66.65695562"", ""-78.64675928""]]",SAT_SEN_MODE,J,Y,2026-07-27 02:21:04,2026206120152_76_127,76,25-JUL-2026
NISAR_S2_PR_GUNW_025_076_D_126_026_3700_SH_20260713T120425_20260713T120503_20260725T120424_20260725T120503_P00500_M_F_I_001,NISAR_S2_PR_GUNW_025_076_D_126_026_3700_SH_20260713T120425_20260713T120503_20260725T120424_20260725T120503_P00500_M_F_I_001,NISAR_SSAR_GUNW,76,D,126,076_D_126,HH,126,2026206120152,NISAR,Descending,True,5.484856491,25-JUL-2026,2026-07-25T12:04:24Z,5.993452722,2026-07-27T01:51:00,NISAR_S2_PR_GUNW_025_076_D_126_026_3700_SH_20260713T120425_20260713T120503_20260725T120424_20260725T120503_P00500_M_F_I_001,ObsId_Track_Frame,STUCGUFED,NISAR_SSAR_W,5193,77.47799526,W,41.32067871,247,F,Left,"[[""74.40032808"", ""-74.39272245""], [""82.8172785"", ""-74.92997639""], [""81.17385202"", ""-77.1633213""], [""71.45943862"", ""-76.56016503""], [""74.40032808"", ""-74.39272245""]]",-75.8017066,1.4.00,ISRO,Copernicus GLO-30,25,2026206120148,5192,SSAR,"[[""70.46075589"", ""-76.68380814""], [""73.6441829"", ""-74.21254916""], [""83.72270151"", ""-74.75377603""], [""82.42311603"", ""-77.33486476""], [""70.46075589"", ""-76.68380814""]]",SAT_SEN_MODE,J,Y,2026-07-27 02:03:04,2026206120152_76_126,76,25-JUL-2026
NISAR_S2_PR_GUNW_025_062_D_125_026_3700_SH_20260712T124526_20260712T124605_20260724T124525_20260724T124605_P00500_M_F_I_001,NISAR_S2_PR_GUNW_025_062_D_125_026_3700_SH_20260712T124526_20260712T124605_20260724T124525_20260724T124605_P00500_M_F_I_001,NISAR_SSAR_GUNW,62,D,125,062_D_125,HH,125,2026205124356,NISAR,Descending,True,5.485030649,24-JUL-2026,2026-07-24T12:45:25Z,5.997710733,2026-07-26T09:35:30,NISAR_S2_PR_GUNW_025_062_D_125_026_3700_SH_20260712T124526_20260712T124605_20260724T124525_20260724T124605_P00500_M_F_I_001,ObsId_Track_Frame,STUCGUFED,NISAR_SSAR_W,5179,68.96015399,W,41.30455017,247,F,Left,"[[""66.16034991"", ""-72.33798452""], [""73.65447243"", ""-72.8316265""], [""72.32000659"", ""-75.11398217""], [""63.80131895"", ""-74.57252642""], [""66.16034991"", ""-72.33798452""]]",-73.75667488,1.4.00,ISRO,Copernicus GLO-30,25,2026205124352,5178,SSAR,"[[""61.89324355"", ""-74.45107969""], [""66.20636276"", ""-71.88160942""], [""75.44110637"", ""-72.85706083""], [""72.53635447"", ""-75.60976528""], [""61.89324355"", ""-74.45107969""]]",SAT_SEN_MODE,J,Y,2026-07-26 10:20:44,2026205124356_62_125,62,24-JUL-2026
NISAR_S2_PR_GUNW_025_047_D_127_026_3700_SH_20260711T114822_20260711T114901_20260723T114821_20260723T114900_P00500_M_F_I_001,NISAR_S2_PR_GUNW_025_047_D_127_026_3700_SH_20260711T114822_20260711T114901_20260723T114821_20260723T114900_P00500_M_F_I_001,NISAR_SSAR_GUNW,47,D,127,047_D_127,HH,127,2026204114512,NISAR,Descending,True,5.48396997,23-JUL-2026,2026-07-23T11:48:21Z,5.993713393,2026-07-24T23:24:52,NISAR_S2_PR_GUNW_025_047_D_127_026_3700_SH_20260711T114822_20260711T114901_20260723T114821_20260723T114900_P00500_M_F_I_001,ObsId_Track_Frame,STUCGUFED,NISAR_SSAR_W,5164,79.19117504,W,41.39220428,247,F,Left,"[[""75.88096868"", ""-76.38344733""], [""85.50778516"", ""-76.98216691""], [""83.33232229"", ""-79.25060452""], [""71.96923305"", ""-78.55816538""], [""75.88096868"", ""-76.38344733""]]",-77.84146865,1.4.00,ISRO,Copernicus GLO-30,25,2026204114508,5163,SSAR,"[[""70.56935484"", ""-78.81932893""], [""74.41882297"", ""-76.1751497""], [""86.54205247"", ""-76.65464621""], [""85.6287483"", ""-79.42197136""], [""70.56935484"", ""-78.81932893""]]",SAT_SEN_MODE,J,Y,2026-07-24 23:36:06,2026204114512_47_127,47,23-JUL-2026
NISAR_S2_PR_GUNW_025_047_D_126_026_3700_SH_20260711T114746_20260711T114825_20260723T114746_20260723T114824_P00500_M_F_I_001,NISAR_S2_PR_GUNW_025_047_D_126_026_3700_SH_20260711T114746_20260711T114825_20260723T114746_20260723T114824_P00500_M_F_I_001,NISAR_SSAR_GUNW,47,D,126,047_D_126,HH,126,2026204114512,NISAR,Descending,True,5.485318401,23-JUL-2026,2026-07-23T11:47:46Z,5.992124093,2026-07-24T23:22:11,NISAR_S2_PR_GUNW_025_047_D_126_026_3700_SH_20260711T114746_20260711T114825_20260723T114746_20260723T114824_P00500_M_F_I_001,ObsId_Track_Frame,STUCGUFED,NISAR_SSAR_W,5164,81.62760129,W,41.35483932,247,F,Left,"[[""78.57202774"", ""-74.39346955""], [""86.97376817"", ""-74.929668""], [""85.32805226"", ""-77.16294543""], [""75.60893055"", ""-76.55905027""], [""78.57202774"", ""-74.39346955""]]",-75.80080008,1.4.00,ISRO,Copernicus GLO-30,25,2026204114508,5163,SSAR,"[[""74.49746121"", ""-76.86574891""], [""77.19150078"", ""-74.19491692""], [""87.82185145"", ""-74.57258502""], [""87.34323819"", ""-77.32627999""], [""74.49746121"", ""-76.86574891""]]",SAT_SEN_MODE,J,Y,2026-07-24 23:31:03,2026204114512_47_126,47,23-JUL-2026
NISAR_S2_PR_GUNW_025_018_D_127_026_3700_SH_20260709T113143_20260709T113222_20260721T113142_20260721T113221_P00500_M_F_I_001,NISAR_S2_PR_GUNW_025_018_D_127_026_3700_SH_20260709T113143_20260709T113222_20260721T113142_20260721T113221_P00500_M_F_I_001,NISAR_SSAR_GUNW,18,D,127,018_D_127,HH,127,2026202112832,NISAR,Descending,True,5.484063523,21-JUL-2026,2026-07-21T11:31:42Z,5.992795628,2026-07-22T23:09:13,NISAR_S2_PR_GUNW_025_018_D_127_026_3700_SH_20260709T113143_20260709T113222_20260721T113142_20260721T113221_P00500_M_F_I_001,ObsId_Track_Frame,STUCGUFED,NISAR_SSAR_W,5135,83.33672512,W,41.34351349,247,F,Left,"[[""80.04545557"", ""-76.38361362""], [""89.65820813"", ""-76.98163663""], [""87.47256845"", ""-79.24969002""], [""76.11858223"", ""-78.55704893""], [""80.04545557"", ""-76.38361362""]]",-77.84030815,1.4.00,ISRO,Copernicus GLO-30,25,2026202112828,5134,SSAR,"[[""74.63619516"", ""-79.00259823""], [""77.86518529"", ""-76.16307161""], [""90.55869296"", ""-76.46882699""], [""90.71392915"", ""-79.39260255""], [""74.63619516"", ""-79.00259823""]]",SAT_SEN_MODE,J,Y,2026-07-22 23:28:23,2026202112832_18_127,18,21-JUL-2026
NISAR_S2_PR_GUNW_024_134_D_125_025_3700_SH_20260705T123707_20260705T123746_20260717T123706_20260717T123745_P00500_M_F_I_001,NISAR_S2_PR_GUNW_024_134_D_125_025_3700_SH_20260705T123707_20260705T123746_20260717T123706_20260717T123745_P00500_M_F_I_001,NISAR_SSAR_GUNW,134,D,125,134_D_125,HH,125,2026198123548,NISAR,Descending,True,5.573184237,17-JUL-2026,2026-07-17T12:37:06Z,5.972527943,2026-07-19T01:56:41,NISAR_S2_PR_GUNW_024_134_D_125_025_3700_SH_20260705T123707_20260705T123746_20260717T123706_20260717T123745_P00500_M_F_I_001,ObsId_Track_Frame,STUCGUFED,NISAR_SSAR_W,5078,71.17500908,W,41.61428833,247,F,Left,"[[""68.59878264"", ""-72.36811471""], [""75.62077998"", ""-72.82579553""], [""74.25685858"", ""-75.10717335""], [""66.31046086"", ""-74.60793882""], [""68.59878264"", ""-72.36811471""]]",-73.76409109,1.4.00,ISRO,Copernicus GLO-30,24,2026198123544,5077,SSAR,"[[""64.21932578"", ""-74.50470468""], [""68.117188"", ""-71.95604012""], [""77.25700346"", ""-72.82042131""], [""74.78609139"", ""-75.52933266""], [""64.21932578"", ""-74.50470468""]]",SAT_SEN_MODE,J,Y,2026-07-19 02:08:03,2026198123548_134_125,134,17-JUL-2026
NISAR_S2_PR_GUNW_024_105_D_125_025_3700_SH_20260703T122028_20260703T122107_20260715T122027_20260715T122107_P00500_M_F_I_001,NISAR_S2_PR_GUNW_024_105_D_125_025_3700_SH_20260703T122028_20260703T122107_20260715T122027_20260715T122107_P00500_M_F_I_001,NISAR_SSAR_GUNW,105,D,125,105_D_125,HH,125,2026196121904,NISAR,Descending,True,5.485393974,15-JUL-2026,2026-07-15T12:20:27Z,5.971765429,2026-07-17T00:06:33,NISAR_S2_PR_GUNW_024_105_D_125_025_3700_SH_20260703T122028_20260703T122107_20260715T122027_20260715T122107_P00500_M_F_I_001,ObsId_Track_Frame,STUCGUFED,NISAR_SSAR_W,5049,75.34040465,W,41.54360199,247,F,Left,"[[""72.77199293"", ""-72.36941012""], [""79.77247552"", ""-72.82564762""], [""78.40990365"", ""-75.10714838""], [""70.44000116"", ""-74.60565019""], [""72.77199293"", ""-72.36941012""]]",-73.76601049,1.4.00,ISRO,Copernicus GLO-30,24,2026196121852,5048,SSAR,"[[""68.94489523"", ""-74.59595867""], [""72.01136435"", ""-72.11658243""], [""80.86481164"", ""-72.76261478""], [""79.20604947"", ""-75.35724705""], [""68.94489523"", ""-74.59595867""]]",SAT_SEN_MODE,J,Y,2026-07-17 07:18:34,2026196121904_105_125,105,15-JUL-2026
NISAR_S2_PR_GUNW_023_076_D_127_025_3700_SH_20260619T120501_20260619T120541_20260713T120500_20260713T120540_P00500_M_F_I_001,NISAR_S2_PR_GUNW_023_076_D_127_025_3700_SH_20260619T120501_20260619T120541_20260713T120500_20260713T120540_P00500_M_F_I_001,NISAR_SSAR_GUNW,76,D,127,076_D_127,HH,127,2026194120152,NISAR,Descending,True,5.483930757,13-JUL-2026,2026-07-13T12:05:00Z,5.985588058,2026-07-19T15:23:20,NISAR_S2_PR_GUNW_023_076_D_127_025_3700_SH_20260619T120501_20260619T120541_20260713T120500_20260713T120540_P00500_M_F_I_001,ObsId_Track_Frame,STUCGUFED,NISAR_SSAR_W,5020,75.09495337,W,41.42877197,247,F,Left,"[[""71.73956237"", ""-76.38421239""], [""81.42768459"", ""-76.98462145""], [""79.28255568"", ""-79.25406246""], [""67.84652727"", ""-78.56045898""], [""71.73956237"", ""-76.38421239""]]",-77.84491685,1.4.00,ISRO,Copernicus GLO-30,23,2026194120148,5019,SSAR,"[[""66.65695562"", ""-78.64675928""], [""71.00207222"", ""-76.20180791""], [""82.39776728"", ""-76.83220859""], [""80.50235364"", ""-79.42673562""], [""66.65695562"", ""-78.64675928""]]",SAT_SEN_MODE,J,Y,2026-07-19 15:34:21,2026194120152_76_127,76,13-JUL-2026
NISAR_S2_PR_GUNW_023_076_D_126_025_3700_SH_20260619T120426_20260619T120505_20260713T120425_20260713T120503_P00500_M_F_I_001,NISAR_S2_PR_GUNW_023_076_D_126_025_3700_SH_20260619T120426_20260619T120505_20260713T120425_20260713T120503_P00500_M_F_I_001,NISAR_SSAR_GUNW,76,D,126,076_D_126,HH,126,2026194120152,NISAR,Descending,True,5.484969158,13-JUL-2026,2026-07-13T12:04:25Z,5.986637173,2026-07-19T15:21:26,NISAR_S2_PR_GUNW_023_076_D_126_025_3700_SH_20260619T120426_20260619T120505_20260713T120425_20260713T120503_P00500_M_F_I_001,ObsId_Track_Frame,STUCGUFED,NISAR_SSAR_W,5020,77.51394432,W,41.43153381,247,F,Left,"[[""74.41060562"", ""-74.39286991""], [""82.87525198"", ""-74.9317996""], [""81.24099755"", ""-77.16538268""], [""71.47119297"", ""-76.56040974""], [""74.41060562"", ""-74.39286991""]]",-75.80322915,1.4.00,ISRO,Copernicus GLO-30,23,2026194120148,5019,SSAR,"[[""70.46075589"", ""-76.68380814""], [""73.6441829"", ""-74.21254916""], [""83.72270151"", ""-74.75377603""], [""82.42311603"", ""-77.33486476""], [""70.46075589"", ""-76.68380814""]]",SAT_SEN_MODE,J,Y,2026-07-19 15:32:54,2026194120152_76_126,76,13-JUL-2026
NISAR_S2_PR_GUNW_024_062_D_125_025_3700_SH_20260630T124527_20260630T124606_20260712T124526_20260712T124605_P00500_M_F_I_001,NISAR_S2_PR_GUNW_024_062_D_125_025_3700_SH_20260630T124527_20260630T124606_20260712T124526_20260712T124605_P00500_M_F_I_001,NISAR_SSAR_GUNW,62,D,125,062_D_125,HH,125,2026193124356,NISAR,Descending,True,5.484627978,12-JUL-2026,2026-07-12T12:45:26Z,5.988813687,2026-07-19T12:37:07,NISAR_S2_PR_GUNW_024_062_D_125_025_3700_SH_20260630T124527_20260630T124606_20260712T124526_20260712T124605_P00500_M_F_I_001,ObsId_Track_Frame,STUCGUFED,NISAR_SSAR_W,5006,69.00062243,W,41.40675735,247,F,Left,"[[""66.14764564"", ""-72.33713773""], [""73.74505959"", ""-72.83599532""], [""72.4254819"", ""-75.11874425""], [""63.78677585"", ""-74.57154494""], [""66.14764564"", ""-72.33713773""]]",-73.75968964,1.4.00,ISRO,Copernicus GLO-30,24,2026193124352,5005,SSAR,"[[""61.89324355"", ""-74.45107969""], [""66.20636276"", ""-71.88160942""], [""75.44110637"", ""-72.85706083""], [""72.53635447"", ""-75.60976528""], [""61.89324355"", ""-74.45107969""]]",SAT_SEN_MODE,J,Y,2026-07-19 12:52:37,2026193124356_62_125,62,12-JUL-2026
NISAR_S2_PR_GUNW_023_047_D_127_025_3700_SH_20260617T114823_20260617T114902_20260711T114822_20260711T114901_P00500_M_F_I_001,NISAR_S2_PR_GUNW_023_047_D_127_025_3700_SH_20260617T114823_20260617T114902_20260711T114822_20260711T114901_P00500_M_F_I_001,NISAR_SSAR_GUNW,47,D,127,047_D_127,HH,127,2026192114512,NISAR,Descending,True,5.484380151,11-JUL-2026,2026-07-11T11:48:22Z,5.986296779,2026-07-19T05:18:13,NISAR_S2_PR_GUNW_023_047_D_127_025_3700_SH_20260617T114823_20260617T114902_20260711T114822_20260711T114901_P00500_M_F_I_001,ObsId_Track_Frame,STUCGUFED,NISAR_SSAR_W,4991,79.24042297,W,41.38954544,247,F,Left,"[[""75.89562672"", ""-76.38332107""], [""85.58566218"", ""-76.98407084""], [""83.42602041"", ""-79.25297836""], [""71.98678184"", ""-78.5582522""], [""75.89562672"", ""-76.38332107""]]",-77.84312678,1.4.00,ISRO,Copernicus GLO-30,23,2026192114508,4990,SSAR,"[[""70.56935484"", ""-78.81932893""], [""74.41882297"", ""-76.1751497""], [""86.54205247"", ""-76.65464621""], [""85.6287483"", ""-79.42197136""], [""70.56935484"", ""-78.81932893""]]",SAT_SEN_MODE,J,Y,2026-07-19 05:27:10,2026192114512_47_127,47,11-JUL-2026
NISAR_S2_PR_GUNW_023_047_D_126_025_3700_SH_20260617T114747_20260617T114826_20260711T114746_20260711T114825_P00500_M_F_I_001,NISAR_S2_PR_GUNW_023_047_D_126_025_3700_SH_20260617T114747_20260617T114826_20260711T114746_20260711T114825_P00500_M_F_I_001,NISAR_SSAR_GUNW,47,D,126,047_D_126,HH,126,2026192114512,NISAR,Descending,True,5.4854617,11-JUL-2026,2026-07-11T11:47:46Z,5.984937888,2026-07-19T05:05:59,NISAR_S2_PR_GUNW_023_047_D_126_025_3700_SH_20260617T114747_20260617T114826_20260711T114746_20260711T114825_P00500_M_F_I_001,ObsId_Track_Frame,STUCGUFED,NISAR_SSAR_W,4991,81.66960669,W,41.45762253,247,F,Left,"[[""78.5843497"", ""-74.39357903""], [""87.04111552"", ""-74.93167629""], [""85.40663758"", ""-77.16526509""], [""75.62313374"", ""-76.55929577""], [""78.5843497"", ""-74.39357903""]]",-75.80248903,1.4.00,ISRO,Copernicus GLO-30,23,2026192114508,4990,SSAR,"[[""74.49746121"", ""-76.86574891""], [""77.19150078"", ""-74.19491692""], [""87.82185145"", ""-74.57258502""], [""87.34323819"", ""-77.32627999""], [""74.49746121"", ""-76.86574891""]]",SAT_SEN_MODE,J,Y,2026-07-19 05:16:05,2026192114512_47_126,47,11-JUL-2026
NISAR_S2_PR_GUNW_024_018_D_128_025_3700_SH_20260627T113219_20260627T113257_20260709T113219_20260709T113257_P00500_M_F_I_001,NISAR_S2_PR_GUNW_024_018_D_128_025_3700_SH_20260627T113219_20260627T113257_20260709T113219_20260709T113257_P00500_M_F_I_001,NISAR_SSAR_GUNW,18,D,128,018_D_128,HH,128,2026190112832,NISAR,Descending,True,5.570085553,09-JUL-2026,2026-07-09T11:32:19Z,5.981519458,2026-07-15T16:55:42,NISAR_S2_PR_GUNW_024_018_D_128_025_3700_SH_20260627T113219_20260627T113257_20260709T113219_20260709T113257_P00500_M_F_I_001,ObsId_Track_Frame,STUCGUFED,NISAR_SSAR_W,4962,80.13780314,W,41.48268509,247,F,Left,"[[""76.48803903"", ""-78.3846721""], [""87.80336801"", ""-79.07290193""], [""84.92820758"", ""-81.23034367""], [""71.36311408"", ""-80.41075246""], [""76.48803903"", ""-78.3846721""]]",-79.83365195,1.4.00,ISRO,Copernicus GLO-30,24,2026190112828,4961,SSAR,"[[""69.38601688"", ""-80.81500768""], [""74.19053169"", ""-78.14663268""], [""88.87214541"", ""-78.58991911""], [""88.50183653"", ""-81.39797041""], [""69.38601688"", ""-80.81500768""]]",SAT_SEN_MODE,J,Y,2026-07-15 17:20:04,2026190112832_18_128,18,09-JUL-2026
NISAR_S2_PR_GUNW_024_018_D_127_025_3700_SH_20260627T113143_20260627T113223_20260709T113143_20260709T113222_P00500_M_F_I_001,NISAR_S2_PR_GUNW_024_018_D_127_025_3700_SH_20260627T113143_20260627T113223_20260709T113143_20260709T113222_P00500_M_F_I_001,NISAR_SSAR_GUNW,18,D,127,018_D_127,HH,127,2026190112832,NISAR,Descending,True,5.484105651,09-JUL-2026,2026-07-09T11:31:43Z,5.985017657,2026-07-15T17:12:37,NISAR_S2_PR_GUNW_024_018_D_127_025_3700_SH_20260627T113143_20260627T113223_20260709T113143_20260709T113222_P00500_M_F_I_001,ObsId_Track_Frame,STUCGUFED,NISAR_SSAR_W,4962,83.39309324,W,41.44087982,247,F,Left,"[[""80.06077327"", ""-76.38439132""], [""89.74943297"", ""-76.984916""], [""87.58183329"", ""-79.2535158""], [""76.13640742"", ""-78.55803388""], [""80.06077327"", ""-76.38439132""]]",-77.8432395,1.4.00,ISRO,Copernicus GLO-30,24,2026190112828,4961,SSAR,"[[""74.63619516"", ""-79.00259823""], [""77.86518529"", ""-76.16307161""], [""90.55869296"", ""-76.46882699""], [""90.71392915"", ""-79.39260255""], [""74.63619516"", ""-79.00259823""]]",SAT_SEN_MODE,J,Y,2026-07-15 17:25:22,2026190112832_18_127,18,09-JUL-2026
NISAR_S2_PR_GUNW_025_147_D_129_027_3700_SH_20260718T101758_20260718T101831_20260811T101757_20260811T101830_P00500_M_F_I_001,NISAR_S2_PR_GUNW_025_147_D_129_027_3700_SH_20260718T101758_20260718T101831_20260811T101757_20260811T101830_P00500_M_F_I_001,NISAR_SSAR_GUNW,147,D,129,147_D_129,HH,129,2026223101336,NISAR,Descending,True,5.482537772,11-AUG-2026,2026-08-11T10:17:57Z,5.992696334,2026-08-14T18:18:22,NISAR_S2_PR_GUNW_025_147_D_129_027_3700_SH_20260718T101758_20260718T101831_20260811T101757_20260811T101830_P00500_M_F_I_001,ObsId_Track_Frame,STUCGUFED,NISAR_SSAR_W,5438,94.5961273,W,41.40972137,247,F,Left,"[[""90.57915146"", ""-80.24312673""], [""103.8429649"", ""-81.04702241""], [""100.1654419"", ""-82.90304684""], [""84.33443315"", ""-81.93052594""], [""90.57915146"", ""-80.24312673""]]",-81.60081087,1.4.00,ISRO,Copernicus GLO-30,25,2026223101324,5436,SSAR,"[[""82.11099425"", ""-83.10397265""], [""84.53252215"", ""-80.07842542""], [""103.2576193"", ""-79.85425405""], [""108.8337529"", ""-82.78362121""], [""82.11099425"", ""-83.10397265""]]",SAT_SEN_MODE,J,Y,2026-08-14 18:34:34,2026223101336_147_129,147,11-AUG-2026
NISAR_S2_PR_GUNW_025_076_D_125_026_3700_SH_20260713T120349_20260713T120428_20260725T120348_20260725T120427_P00500_M_F_I_001,NISAR_S2_PR_GUNW_025_076_D_125_026_3700_SH_20260713T120349_20260713T120428_20260725T120348_20260725T120427_P00500_M_F_I_001,NISAR_SSAR_GUNW,76,D,125,076_D_125,HH,125,2026206120152,NISAR,Descending,True,5.486370574,25-JUL-2026,2026-07-25T12:03:48Z,5.991062231,2026-07-27T02:14:01,NISAR_S2_PR_GUNW_025_076_D_125_026_3700_SH_20260713T120349_20260713T120428_20260725T120348_20260725T120427_P00500_M_F_I_001,ObsId_Track_Frame,STUCGUFED,NISAR_SSAR_W,5193,79.3760339,W,41.32839584,247,F,Left,"[[""76.57088578"", ""-72.33872521""], [""84.03005096"", ""-72.8304928""], [""82.68150133"", ""-75.11240009""], [""74.17174851"", ""-74.56993487""], [""76.57088578"", ""-72.33872521""]]",-73.74665049,1.4.00,ISRO,Copernicus GLO-30,25,2026206120148,5192,SSAR,"[[""73.3078562"", ""-74.72229385""], [""75.78960576"", ""-72.16151579""], [""84.80753536"", ""-72.629053""], [""83.85808236"", ""-75.27557746""], [""73.3078562"", ""-74.72229385""]]",SAT_SEN_MODE,J,Y,2026-07-27 02:27:10,2026206120152_76_125,76,25-JUL-2026
NISAR_S2_PR_GUNW_025_047_D_125_026_3700_SH_20260711T114710_20260711T114749_20260723T114710_20260723T114749_P00500_M_F_I_001,NISAR_S2_PR_GUNW_025_047_D_125_026_3700_SH_20260711T114710_20260711T114749_20260723T114710_20260723T114749_P00500_M_F_I_001,NISAR_SSAR_GUNW,47,D,125,047_D_125,HH,125,2026204114512,NISAR,Descending,True,5.486832482,23-JUL-2026,2026-07-23T11:47:10Z,5.993073894,2026-07-24T23:09:24,NISAR_S2_PR_GUNW_025_047_D_125_026_3700_SH_20260711T114710_20260711T114749_20260723T114710_20260723T114749_P00500_M_F_I_001,ObsId_Track_Frame,STUCGUFED,NISAR_SSAR_W,5164,83.52136133,W,41.34251785,247,F,Left,"[[""80.72106705"", ""-72.33764746""], [""88.17371493"", ""-72.82960971""], [""86.82334181"", ""-75.11150063""], [""78.32525817"", ""-74.5691742""], [""80.72106705"", ""-72.33764746""]]",-73.74528129,1.4.00,ISRO,Copernicus GLO-30,25,2026204114508,5163,SSAR,"[[""77.38978702"", ""-74.90772651""], [""79.38553127"", ""-72.15225073""], [""88.9048992"", ""-72.44988213""], [""88.69280638"", ""-75.26410184""], [""77.38978702"", ""-74.90772651""]]",SAT_SEN_MODE,J,Y,2026-07-24 23:20:54,2026204114512_47_125,47,23-JUL-2026
NISAR_S2_PR_GUNW_024_032_D_128_026_3700_SH_20260628T105042_20260628T105120_20260722T105041_20260722T105119_P00500_M_F_I_001,NISAR_S2_PR_GUNW_024_032_D_128_026_3700_SH_20260628T105042_20260628T105120_20260722T105041_20260722T105119_P00500_M_F_I_001,NISAR_SSAR_GUNW,32,D,128,032_D_128,HH,128,2026203104636,NISAR,Descending,True,5.482811846,22-JUL-2026,2026-07-22T10:50:41Z,5.951354309,2026-07-24T02:02:55,NISAR_S2_PR_GUNW_024_032_D_128_026_3700_SH_20260628T105042_20260628T105120_20260722T105041_20260722T105119_P00500_M_F_I_001,ObsId_Track_Frame,STUCGUFED,NISAR_SSAR_W,5149,90.83819075,W,41.76796722,247,F,Left,"[[""87.44952398"", ""-78.43205489""], [""98.19095505"", ""-79.07316706""], [""95.29996513"", ""-81.23007839""], [""82.40062335"", ""-80.46550604""], [""87.44952398"", ""-78.43205489""]]",-79.85287249,1.4.00,ISRO,Copernicus GLO-30,24,2026203104632,5148,SSAR,"[[""79.87380176"", ""-81.27202715""], [""82.5492624"", ""-78.18460682""], [""98.4328215"", ""-78.1565122""], [""101.4455837"", ""-81.23379598""], [""79.87380176"", ""-81.27202715""]]",SAT_SEN_MODE,J,Y,2026-07-24 02:15:05,2026203104636_32_128,32,22-JUL-2026
NISAR_S2_PR_GUNW_024_032_D_127_026_3700_SH_20260628T105006_20260628T105045_20260722T105005_20260722T105044_P00500_M_F_I_001,NISAR_S2_PR_GUNW_024_032_D_127_026_3700_SH_20260628T105006_20260628T105045_20260722T105005_20260722T105044_P00500_M_F_I_001,NISAR_SSAR_GUNW,32,D,127,032_D_127,HH,127,2026203104636,NISAR,Descending,True,5.483906063,22-JUL-2026,2026-07-22T10:50:05Z,5.950379038,2026-07-24T01:56:55,NISAR_S2_PR_GUNW_024_032_D_127_026_3700_SH_20260628T105006_20260628T105045_20260722T105005_20260722T105044_P00500_M_F_I_001,ObsId_Track_Frame,STUCGUFED,NISAR_SSAR_W,5149,94.04409738,W,41.82777023,247,F,Left,"[[""90.95424935"", ""-76.42528773""], [""100.1338217"", ""-76.98425735""], [""97.96131432"", ""-79.25274413""], [""87.0868464"", ""-78.60374848""], [""90.95424935"", ""-76.42528773""]]",-77.85953428,1.4.00,ISRO,Copernicus GLO-30,24,2026203104632,5148,SSAR,"[[""85.35872761"", ""-79.46422388""], [""86.45450573"", ""-76.2407247""], [""100.1837139"", ""-76.04906537""], [""103.2445394"", ""-79.21323106""], [""85.35872761"", ""-79.46422388""]]",SAT_SEN_MODE,J,Y,2026-07-24 02:08:04,2026203104636_32_127,32,22-JUL-2026
NISAR_S2_PR_GUNW_025_018_D_126_026_3700_SH_20260709T113108_20260709T113146_20260721T113107_20260721T113145_P00500_M_F_I_001,NISAR_S2_PR_GUNW_025_018_D_126_026_3700_SH_20260709T113108_20260709T113146_20260721T113107_20260721T113145_P00500_M_F_I_001,NISAR_SSAR_GUNW,18,D,126,018_D_126,HH,126,2026202112832,NISAR,Descending,True,5.485480892,21-JUL-2026,2026-07-21T11:31:07Z,5.992181789,2026-07-22T22:55:02,NISAR_S2_PR_GUNW_025_018_D_126_026_3700_SH_20260709T113108_20260709T113146_20260721T113107_20260721T113145_P00500_M_F_I_001,ObsId_Track_Frame,STUCGUFED,NISAR_SSAR_W,5135,85.77500671,W,41.40019608,247,F,Left,"[[""82.72530121"", ""-74.39285458""], [""91.12475332"", ""-74.92930503""], [""89.47722231"", ""-77.1625264""], [""79.76000345"", ""-76.55825423""], [""82.72530121"", ""-74.39285458""]]",-75.79999994,1.4.00,ISRO,Copernicus GLO-30,25,2026202112828,5134,SSAR,"[[""78.62708628"", ""-77.04820189""], [""80.71825999"", ""-74.19685696""], [""91.86242444"", ""-74.39315507""], [""92.29179932"", ""-77.29041578""], [""78.62708628"", ""-77.04820189""]]",SAT_SEN_MODE,J,Y,2026-07-22 23:05:03,2026202112832_18_126,18,21-JUL-2026
NISAR_S2_PR_GUNW_025_018_D_125_026_3700_SH_20260709T113031_20260709T113111_20260721T113031_20260721T113110_P00500_M_F_I_001,NISAR_S2_PR_GUNW_025_018_D_125_026_3700_SH_20260709T113031_20260709T113111_20260721T113031_20260721T113110_P00500_M_F_I_001,NISAR_SSAR_GUNW,18,D,125,018_D_125,HH,125,2026202112832,NISAR,Descending,True,5.487464039,21-JUL-2026,2026-07-21T11:30:31Z,5.992376409,2026-07-22T23:19:21,NISAR_S2_PR_GUNW_025_018_D_125_026_3700_SH_20260709T113031_20260709T113111_20260721T113031_20260721T113110_P00500_M_F_I_001,ObsId_Track_Frame,STUCGUFED,NISAR_SSAR_W,5135,87.67489389,W,41.37270355,247,F,Left,"[[""84.87076882"", ""-72.33622755""], [""92.33487616"", ""-72.82922492""], [""90.9845942"", ""-75.11111645""], [""82.47730247"", ""-74.56796478""], [""84.87076882"", ""-72.33622755""]]",-73.74418759,1.4.00,ISRO,Copernicus GLO-30,25,2026202112828,5134,SSAR,"[[""81.5618973"", ""-75.08863159""], [""82.97189085"", ""-72.15910958""], [""92.93349703"", ""-72.26823083""], [""93.52851618"", ""-75.22061003""], [""81.5618973"", ""-75.08863159""]]",SAT_SEN_MODE,J,Y,2026-07-23 00:29:03,2026202112832_18_125,18,21-JUL-2026
NISAR_S2_PR_GUNW_023_147_D_129_025_3700_SH_20260624T101759_20260624T101832_20260718T101758_20260718T101831_P00500_M_F_I_001,NISAR_S2_PR_GUNW_023_147_D_129_025_3700_SH_20260624T101759_20260624T101832_20260718T101758_20260718T101831_P00500_M_F_I_001,NISAR_SSAR_GUNW,147,D,129,147_D_129,HH,129,2026199101336,NISAR,Descending,True,5.482425853,18-JUL-2026,2026-07-18T10:17:58Z,5.985192287,2026-07-21T03:17:26,NISAR_S2_PR_GUNW_023_147_D_129_025_3700_SH_20260624T101759_20260624T101832_20260718T101758_20260718T101831_P00500_M_F_I_001,ObsId_Track_Frame,STUCGUFED,NISAR_SSAR_W,5092,94.65917186,W,41.41132355,247,F,Left,"[[""90.58927903"", ""-80.24364968""], [""103.9557562"", ""-81.05101988""], [""100.3056251"", ""-82.90799825""], [""84.3461363"", ""-81.93120593""], [""90.58927903"", ""-80.24364968""]]",-81.60431893,1.4.00,ISRO,Copernicus GLO-30,23,2026199101324,5090,SSAR,"[[""82.11099425"", ""-83.10397265""], [""84.53252215"", ""-80.07842542""], [""103.2576193"", ""-79.85425405""], [""108.8337529"", ""-82.78362121""], [""82.11099425"", ""-83.10397265""]]",SAT_SEN_MODE,J,Y,2026-07-21 04:07:34,2026199101336_147_129,147,18-JUL-2026
NISAR_S2_PR_GUNW_023_118_D_129_025_3700_SH_20260622T100120_20260622T100153_20260716T100119_20260716T100152_P00500_M_F_I_001,NISAR_S2_PR_GUNW_023_118_D_129_025_3700_SH_20260622T100120_20260622T100153_20260716T100119_20260716T100152_P00500_M_F_I_001,NISAR_SSAR_GUNW,118,D,129,118_D_129,HH,129,2026197095652,NISAR,Descending,True,5.482262581,16-JUL-2026,2026-07-16T10:01:19Z,5.985451418,2026-07-18T09:18:16,NISAR_S2_PR_GUNW_023_118_D_129_025_3700_SH_20260622T100120_20260622T100153_20260716T100119_20260716T100152_P00500_M_F_I_001,ObsId_Track_Frame,STUCGUFED,NISAR_SSAR_W,5062,98.81396654,W,41.43569565,247,F,Left,"[[""94.75172507"", ""-80.24423886""], [""108.1126188"", ""-81.05131709""], [""104.4640332"", ""-82.90833278""], [""88.50825409"", ""-81.93176656""], [""94.75172507"", ""-80.24423886""]]",-81.60505872,1.4.00,ISRO,Copernicus GLO-30,23,2026197095648,5061,SSAR,"[[""86.95462273"", ""-83.27188346""], [""87.92302435"", ""-80.14980696""], [""106.6745295"", ""-79.72632287""], [""113.7211125"", ""-82.66291123""], [""86.95462273"", ""-83.27188346""]]",SAT_SEN_MODE,J,Y,2026-07-18 09:35:23,2026197095652_118_129,118,16-JUL-2026
NISAR_S2_PR_GUNW_023_076_D_125_025_3700_SH_20260619T120350_20260619T120429_20260713T120349_20260713T120428_P00500_M_F_I_001,NISAR_S2_PR_GUNW_023_076_D_125_025_3700_SH_20260619T120350_20260619T120429_20260713T120349_20260713T120428_P00500_M_F_I_001,NISAR_SSAR_GUNW,76,D,125,076_D_125,HH,125,2026194120152,NISAR,Descending,True,5.486505039,13-JUL-2026,2026-07-13T12:03:49Z,5.98760047,2026-07-19T15:16:37,NISAR_S2_PR_GUNW_023_076_D_125_025_3700_SH_20260619T120350_20260619T120429_20260713T120349_20260713T120428_P00500_M_F_I_001,ObsId_Track_Frame,STUCGUFED,NISAR_SSAR_W,5020,79.39139394,W,41.43874359,247,F,Left,"[[""76.58244302"", ""-72.33916384""], [""84.04731794"", ""-72.83075459""], [""82.70134155"", ""-75.1127178""], [""74.18488542"", ""-74.57047817""], [""76.58244302"", ""-72.33916384""]]",-73.74708955,1.4.00,ISRO,Copernicus GLO-30,23,2026194120148,5019,SSAR,"[[""73.3078562"", ""-74.72229385""], [""75.78960576"", ""-72.16151579""], [""84.80753536"", ""-72.629053""], [""83.85808236"", ""-75.27557746""], [""73.3078562"", ""-74.72229385""]]",SAT_SEN_MODE,J,Y,2026-07-19 15:28:04,2026194120152_76_125,76,13-JUL-2026
NISAR_S2_PR_GUNW_023_047_D_125_025_3700_SH_20260617T114711_20260617T114751_20260711T114710_20260711T114749_P00500_M_F_I_001,NISAR_S2_PR_GUNW_023_047_D_125_025_3700_SH_20260617T114711_20260617T114751_20260711T114710_20260711T114749_P00500_M_F_I_001,NISAR_SSAR_GUNW,47,D,125,047_D_125,HH,125,2026192114512,NISAR,Descending,True,5.487141011,11-JUL-2026,2026-07-11T11:47:10Z,5.988005803,2026-07-19T05:07:39,NISAR_S2_PR_GUNW_023_047_D_125_025_3700_SH_20260617T114711_20260617T114751_20260711T114710_20260711T114749_P00500_M_F_I_001,ObsId_Track_Frame,STUCGUFED,NISAR_SSAR_W,4991,83.54759077,W,41.44467926,247,F,Left,"[[""80.72796493"", ""-72.33754108""], [""88.21672455"", ""-72.83089749""], [""86.87286319"", ""-75.11295606""], [""78.33317549"", ""-74.56913775""], [""80.72796493"", ""-72.33754108""]]",-73.74626816,1.4.00,ISRO,Copernicus GLO-30,23,2026192114508,4990,SSAR,"[[""77.38978702"", ""-74.90772651""], [""79.38553127"", ""-72.15225073""], [""88.9048992"", ""-72.44988213""], [""88.69280638"", ""-75.26410184""], [""77.38978702"", ""-74.90772651""]]",SAT_SEN_MODE,J,Y,2026-07-19 05:20:04,2026192114512_47_125,47,11-JUL-2026
NISAR_S2_PR_GUNW_024_018_D_126_025_3700_SH_20260627T113108_20260627T113146_20260709T113108_20260709T113146_P00500_M_F_I_001,NISAR_S2_PR_GUNW_024_018_D_126_025_3700_SH_20260627T113108_20260627T113146_20260709T113108_20260709T113146_P00500_M_F_I_001,NISAR_SSAR_GUNW,18,D,126,018_D_126,HH,126,2026190112832,NISAR,Descending,True,5.485387409,09-JUL-2026,2026-07-09T11:31:08Z,5.984056051,2026-07-15T17:13:07,NISAR_S2_PR_GUNW_024_018_D_126_025_3700_SH_20260627T113108_20260627T113146_20260709T113108_20260709T113146_P00500_M_F_I_001,ObsId_Track_Frame,STUCGUFED,NISAR_SSAR_W,4962,85.82519107,W,41.3925209,247,F,Left,"[[""82.74422621"", ""-74.39427533""], [""91.20095668"", ""-74.93243324""], [""89.56620717"", ""-77.16601962""], [""79.78152017"", ""-76.55988258""], [""82.74422621"", ""-74.39427533""]]",-75.802953,1.4.00,ISRO,Copernicus GLO-30,24,2026190112828,4961,SSAR,"[[""78.62708628"", ""-77.04820189""], [""80.71825999"", ""-74.19685696""], [""91.86242444"", ""-74.39315507""], [""92.29179932"", ""-77.29041578""], [""78.62708628"", ""-77.04820189""]]",SAT_SEN_MODE,J,Y,2026-07-15 17:26:05,2026190112832_18_126,18,09-JUL-2026
NISAR_S2_PR_GUNW_024_018_D_125_025_3700_SH_20260627T113032_20260627T113111_20260709T113031_20260709T113111_P00500_M_F_I_001,NISAR_S2_PR_GUNW_024_018_D_125_025_3700_SH_20260627T113032_20260627T113111_20260709T113031_20260709T113111_P00500_M_F_I_001,NISAR_SSAR_GUNW,18,D,125,018_D_125,HH,125,2026190112832,NISAR,Descending,True,5.487424039,09-JUL-2026,2026-07-09T11:30:31Z,5.987417459,2026-07-15T17:22:43,NISAR_S2_PR_GUNW_024_018_D_125_025_3700_SH_20260627T113032_20260627T113111_20260709T113031_20260709T113111_P00500_M_F_I_001,ObsId_Track_Frame,STUCGUFED,NISAR_SSAR_W,4962,87.70402727,W,41.37474823,247,F,Left,"[[""84.88631328"", ""-72.33764187""], [""92.37462282"", ""-72.83112225""], [""91.03018985"", ""-75.11316968""], [""82.4946913"", ""-74.56951964""], [""84.88631328"", ""-72.33764187""]]",-73.74613949,1.4.00,ISRO,Copernicus GLO-30,24,2026190112828,4961,SSAR,"[[""81.5618973"", ""-75.08863159""], [""82.97189085"", ""-72.15910958""], [""92.93349703"", ""-72.26823083""], [""93.52851618"", ""-75.22061003""], [""81.5618973"", ""-75.08863159""]]",SAT_SEN_MODE,J,Y,2026-07-15 17:34:03,2026190112832_18_125,18,09-JUL-2026
NISAR_S2_PR_GUNW_026_005_D_122_028_3700_SH_20260720T135014_20260720T135053_20260813T135012_20260813T135051_P00500_M_F_I_001,NISAR_S2_PR_GUNW_026_005_D_122_028_3700_SH_20260720T135014_20260720T135053_20260813T135012_20260813T135051_P00500_M_F_I_001,NISAR_SSAR_GUNW,5,D,122,005_D_122,HH,122,2026225135000,NISAR,Descending,True,5.490471188,13-AUG-2026,2026-08-13T13:50:12Z,5.997272499,2026-08-16T09:29:20,NISAR_S2_PR_GUNW_026_005_D_122_028_3700_SH_20260720T135014_20260720T135053_20260813T135012_20260813T135051_P00500_M_F_I_001,ObsId_Track_Frame,STUCGUFED,NISAR_SSAR_W,5473,56.24835614,W,41.36193848,247,F,Left,"[[""54.00000746"", ""-66.1327733""], [""59.62836308"", ""-66.55135106""], [""58.81669127"", ""-68.83670457""], [""52.62451746"", ""-68.39797931""], [""54.00000746"", ""-66.1327733""]]",-67.50769495,1.4.00,ISRO,Copernicus GLO-30,26,2026225134956,5467,SSAR,"[[""50.15110508"", ""-67.82810502""], [""55.1291751"", ""-65.22626791""], [""62.13993841"", ""-66.9622149""], [""57.66304313"", ""-69.81141464""], [""50.15110508"", ""-67.82810502""]]",SAT_SEN_MODE,J,Y,2026-08-16 09:41:40,2026225135000_5_122,5,13-AUG-2026
NISAR_S2_PR_GUNW_025_149_D_122_027_3700_SH_20260718T133337_20260718T133414_20260811T133336_20260811T133413_P00500_M_P_I_001,NISAR_S2_PR_GUNW_025_149_D_122_027_3700_SH_20260718T133337_20260718T133414_20260811T133336_20260811T133413_P00500_M_P_I_001,NISAR_SSAR_GUNW,149,D,122,149_D_122,HH,122,2026223133340,NISAR,Descending,True,5.48978575,12-AUG-2026,2026-08-11T13:33:36Z,5.996533377,2026-08-13T16:20:34,NISAR_S2_PR_GUNW_025_149_D_122_027_3700_SH_20260718T133337_20260718T133414_20260811T133336_20260811T133413_P00500_M_P_I_001,ObsId_Track_Frame,STUCGUFED,NISAR_SSAR_W,5445,60.37637178,W,41.37070465,247,P,Left,"[[""58.09089813"", ""-66.28129039""], [""63.73162824"", ""-66.69935478""], [""62.9623524"", ""-68.83706016""], [""56.82627578"", ""-68.40281645""], [""58.09089813"", ""-66.28129039""]]",-67.58154438,1.4.00,ISRO,Copernicus GLO-30,25,2026223133336,5438,SSAR,"[[""54.53758626"", ""-67.9800035""], [""58.92184965"", ""-65.32772202""], [""66.01780652"", ""-66.83104943""], [""62.26733007"", ""-69.70055932""], [""54.53758626"", ""-67.9800035""]]",SAT_SEN_MODE,J,Y,2026-08-13 16:36:05,2026223133340_149_122,149,11-AUG-2026
NISAR_S2_PR_GUNW_025_091_D_124_026_3700_SH_20260714T130129_20260714T130208_20260726T130129_20260726T130207_P00500_M_F_I_001,NISAR_S2_PR_GUNW_025_091_D_124_026_3700_SH_20260714T130129_20260714T130208_20260726T130129_20260726T130207_P00500_M_F_I_001,NISAR_SSAR_GUNW,91,D,124,091_D_124,HH,124,2026207130028,NISAR,Descending,True,5.485914464,26-JUL-2026,2026-07-26T13:01:29Z,5.996499175,2026-07-28T03:10:00,NISAR_S2_PR_GUNW_025_091_D_124_026_3700_SH_20260714T130129_20260714T130208_20260726T130129_20260726T130207_P00500_M_F_I_001,ObsId_Track_Frame,STUCGUFED,NISAR_SSAR_W,5208,66.35438145,W,41.35183716,247,F,Left,"[[""63.74506004"", ""-70.31921075""], [""70.49506752"", ""-70.77963729""], [""69.41770884"", ""-73.01695683""], [""61.81113817"", ""-72.51753372""], [""63.74506004"", ""-70.31921075""]]",-71.69813819,1.4.00,ISRO,Copernicus GLO-30,25,2026207130024,5207,SSAR,"[[""59.76350301"", ""-72.31831181""], [""64.00722406"", ""-69.73245108""], [""72.43592972"", ""-70.87049831""], [""69.27385801"", ""-73.64856043""], [""59.76350301"", ""-72.31831181""]]",SAT_SEN_MODE,J,Y,2026-07-28 03:20:05,2026207130028_91_124,91,26-JUL-2026
NISAR_S2_PR_GUNW_025_091_D_123_026_3700_SH_20260714T130053_20260714T130133_20260726T130053_20260726T130132_P00500_M_F_I_001,NISAR_S2_PR_GUNW_025_091_D_123_026_3700_SH_20260714T130053_20260714T130133_20260726T130053_20260726T130132_P00500_M_F_I_001,NISAR_SSAR_GUNW,91,D,123,091_D_123,HH,123,2026207130028,NISAR,Descending,True,5.487743929,26-JUL-2026,2026-07-26T13:00:53Z,5.995367513,2026-07-28T06:47:59,NISAR_S2_PR_GUNW_025_091_D_123_026_3700_SH_20260714T130053_20260714T130133_20260726T130053_20260726T130132_P00500_M_F_I_001,ObsId_Track_Frame,STUCGUFED,NISAR_SSAR_W,5208,67.62528842,W,41.32666397,247,F,Left,"[[""65.21824398"", ""-68.21490209""], [""71.39003577"", ""-68.65372305""], [""70.40935986"", ""-70.96322193""], [""63.58708876"", ""-70.49904636""], [""65.21824398"", ""-68.21490209""]]",-69.61515088,1.4.00,ISRO,Copernicus GLO-30,25,2026207130024,5207,SSAR,"[[""61.7341862"", ""-70.31776959""], [""65.42410753"", ""-67.65099542""], [""73.10626982"", ""-68.73399762""], [""70.35029903"", ""-71.57101472""], [""61.7341862"", ""-70.31776959""]]",SAT_SEN_MODE,J,Y,2026-07-28 06:58:04,2026207130028_91_123,91,26-JUL-2026
NISAR_S2_PR_GUNW_025_062_D_124_026_3700_SH_20260712T124451_20260712T124529_20260724T124450_20260724T124529_P00500_M_F_I_001,NISAR_S2_PR_GUNW_025_062_D_124_026_3700_SH_20260712T124451_20260712T124529_20260724T124450_20260724T124529_P00500_M_F_I_001,NISAR_SSAR_GUNW,62,D,124,062_D_124,HH,124,2026205124356,NISAR,Descending,True,5.485749715,24-JUL-2026,2026-07-24T12:44:50Z,6.006521012,2026-07-26T07:27:07,NISAR_S2_PR_GUNW_025_062_D_124_026_3700_SH_20260712T124451_20260712T124529_20260724T124450_20260724T124529_P00500_M_F_I_001,ObsId_Track_Frame,STUCGUFED,NISAR_SSAR_W,5179,70.49009181,W,41.27698135,247,F,Left,"[[""67.87412784"", ""-70.31563689""], [""74.65331055"", ""-70.77875272""], [""73.55351606"", ""-73.01508248""], [""65.97704887"", ""-72.51719952""], [""67.87412784"", ""-70.31563689""]]",-71.69473334,1.4.00,ISRO,Copernicus GLO-30,25,2026205124352,5178,SSAR,"[[""64.35590012"", ""-72.43292694""], [""67.85864255"", ""-69.87599654""], [""76.15847784"", ""-70.78553629""], [""73.79097507"", ""-73.49303179""], [""64.35590012"", ""-72.43292694""]]",SAT_SEN_MODE,J,Y,2026-07-26 07:58:10,2026205124356_62_124,62,24-JUL-2026
NISAR_S2_PR_GUNW_025_034_D_124_026_3700_SH_20260710T140805_20260710T140844_20260722T140805_20260722T140843_P00500_M_F_I_001,NISAR_S2_PR_GUNW_025_034_D_124_026_3700_SH_20260710T140805_20260710T140844_20260722T140805_20260722T140843_P00500_M_F_I_001,NISAR_SSAR_GUNW,34,D,124,034_D_124,HH,124,2026203140632,NISAR,Descending,True,5.488625474,23-JUL-2026,2026-07-22T14:08:05Z,5.993480644,2026-07-24T00:29:21,NISAR_S2_PR_GUNW_025_034_D_124_026_3700_SH_20260710T140805_20260710T140844_20260722T140805_20260722T140843_P00500_M_F_I_001,ObsId_Track_Frame,STUCGUFED,NISAR_SSAR_W,5156,49.65241582,W,41.35371399,247,F,Left,"[[""47.06020496"", ""-70.3154359""], [""53.7994094"", ""-70.77681171""], [""52.69405217"", ""-73.01299491""], [""45.14753921"", ""-72.51564315""], [""47.06020496"", ""-70.3154359""]]",-71.68857629,1.4.00,ISRO,Copernicus GLO-30,25,2026203140628,5150,SSAR,"[[""42.08669752"", ""-71.71181087""], [""49.08927844"", ""-69.32294174""], [""57.21255087"", ""-71.37531472""], [""50.54369649"", ""-74.09247284""], [""42.08669752"", ""-71.71181087""]]",SAT_SEN_MODE,J,Y,2026-07-24 00:46:04,2026203140632_34_124,34,22-JUL-2026
NISAR_S2_PR_GUNW_025_034_D_122_026_3700_SH_20260710T140653_20260710T140732_20260722T140652_20260722T140731_P00500_M_F_I_001,NISAR_S2_PR_GUNW_025_034_D_122_026_3700_SH_20260710T140653_20260710T140732_20260722T140652_20260722T140731_P00500_M_F_I_001,NISAR_SSAR_GUNW,34,D,122,034_D_122,HH,122,2026203140632,NISAR,Descending,True,5.490511156,23-JUL-2026,2026-07-22T14:06:52Z,5.9928749,2026-07-24T00:41:17,NISAR_S2_PR_GUNW_025_034_D_122_026_3700_SH_20260710T140653_20260710T140732_20260722T140652_20260722T140731_P00500_M_F_I_001,ObsId_Track_Frame,STUCGUFED,NISAR_SSAR_W,5156,52.08336829,W,41.35666275,247,F,Left,"[[""49.85845358"", ""-66.13480211""], [""55.45763342"", ""-66.55093887""], [""54.62443869"", ""-68.83523022""], [""48.46496717"", ""-68.39831367""], [""49.85845358"", ""-66.13480211""]]",-67.50654445,1.4.00,ISRO,Copernicus GLO-30,25,2026203140628,5150,SSAR,"[[""45.81896407"", ""-67.65574761""], [""51.35193702"", ""-65.13936414""], [""58.23587902"", ""-67.10993507""], [""53.04033231"", ""-69.89902516""], [""45.81896407"", ""-67.65574761""]]",SAT_SEN_MODE,J,Y,2026-07-24 01:11:12,2026203140632_34_122,34,22-JUL-2026
NISAR_S2_PR_GUNW_024_005_D_124_026_3700_SH_20260626T135127_20260626T135206_20260720T135126_20260720T135204_P00500_M_F_I_001,NISAR_S2_PR_GUNW_024_005_D_124_026_3700_SH_20260626T135127_20260626T135206_20260720T135126_20260720T135204_P00500_M_F_I_001,NISAR_SSAR_GUNW,5,D,124,005_D_124,HH,124,2026201135000,NISAR,Descending,True,5.488068003,20-JUL-2026,2026-07-20T13:51:26Z,5.988299051,2026-07-22T08:05:23,NISAR_S2_PR_GUNW_024_005_D_124_026_3700_SH_20260626T135127_20260626T135206_20260720T135126_20260720T135204_P00500_M_F_I_001,ObsId_Track_Frame,STUCGUFED,NISAR_SSAR_W,5127,53.83213062,W,41.34272003,247,F,Left,"[[""51.22815834"", ""-70.31632138""], [""57.99460366"", ""-70.77877343""], [""56.88572236"", ""-73.01471771""], [""49.31996713"", ""-72.51691906""], [""51.22815834"", ""-70.31632138""]]",-71.69051915,1.4.00,ISRO,Copernicus GLO-30,24,2026201134956,5121,SSAR,"[[""46.39646426"", ""-71.88068359""], [""52.77271495"", ""-69.39344024""], [""61.08557831"", ""-71.22214438""], [""55.30186123"", ""-74.01258161""], [""46.39646426"", ""-71.88068359""]]",SAT_SEN_MODE,J,Y,2026-07-22 08:29:51,2026201135000_5_124,5,20-JUL-2026
NISAR_S2_PR_GUNW_024_005_D_122_026_3700_SH_20260626T135015_20260626T135054_20260720T135014_20260720T135053_P00500_M_F_I_001,NISAR_S2_PR_GUNW_024_005_D_122_026_3700_SH_20260626T135015_20260626T135054_20260720T135014_20260720T135053_P00500_M_F_I_001,NISAR_SSAR_GUNW,5,D,122,005_D_122,HH,122,2026201135000,NISAR,Descending,True,5.490623482,20-JUL-2026,2026-07-20T13:50:14Z,5.99690834,2026-07-22T09:22:05,NISAR_S2_PR_GUNW_024_005_D_122_026_3700_SH_20260626T135015_20260626T135054_20260720T135014_20260720T135053_P00500_M_F_I_001,ObsId_Track_Frame,STUCGUFED,NISAR_SSAR_W,5127,56.25343608,W,41.35662842,247,F,Left,"[[""54.0165205"", ""-66.13477022""], [""59.62092567"", ""-66.55137615""], [""58.80852065"", ""-68.83672659""], [""52.64260061"", ""-68.4000745""], [""54.0165205"", ""-66.13477022""]]",-67.50848529,1.4.00,ISRO,Copernicus GLO-30,24,2026201134956,5121,SSAR,"[[""50.15110508"", ""-67.82810502""], [""55.1291751"", ""-65.22626791""], [""62.13993841"", ""-66.9622149""], [""57.66304313"", ""-69.81141464""], [""50.15110508"", ""-67.82810502""]]",SAT_SEN_MODE,J,Y,2026-07-22 09:51:11,2026201135000_5_122,5,20-JUL-2026
NISAR_S2_PR_GUNW_023_149_D_124_025_3700_SH_20260624T133448_20260624T133527_20260718T133447_20260718T133525_P00500_M_F_I_001,NISAR_S2_PR_GUNW_023_149_D_124_025_3700_SH_20260624T133448_20260624T133527_20260718T133447_20260718T133525_P00500_M_F_I_001,NISAR_SSAR_GUNW,149,D,124,149_D_124,HH,124,2026199133340,NISAR,Descending,True,5.487661745,19-JUL-2026,2026-07-18T13:34:47Z,5.990350347,2026-07-20T22:56:12,NISAR_S2_PR_GUNW_023_149_D_124_025_3700_SH_20260624T133448_20260624T133527_20260718T133447_20260718T133525_P00500_M_F_I_001,ObsId_Track_Frame,STUCGUFED,NISAR_SSAR_W,5099,57.9946126,W,41.35692596,247,F,Left,"[[""55.40308665"", ""-70.31749942""], [""62.15375409"", ""-70.77868451""], [""61.03490954"", ""-73.01419009""], [""53.4827906"", ""-72.51703176""], [""55.40308665"", ""-70.31749942""]]",-71.69193769,1.4.00,ISRO,Copernicus GLO-30,23,2026199133336,5092,SSAR,"[[""50.79322413"", ""-72.03817583""], [""56.47762696"", ""-69.49060143""], [""64.92177619"", ""-71.09281408""], [""60.04570311"", ""-73.91092624""], [""50.79322413"", ""-72.03817583""]]",SAT_SEN_MODE,J,Y,2026-07-20 23:10:14,2026199133340_149_124,149,18-JUL-2026
NISAR_S2_PR_GUNW_023_120_D_124_025_3700_SH_20260622T131810_20260622T131848_20260716T131808_20260716T131847_P00500_M_F_I_001,NISAR_S2_PR_GUNW_023_120_D_124_025_3700_SH_20260622T131810_20260622T131848_20260716T131808_20260716T131847_P00500_M_F_I_001,NISAR_SSAR_GUNW,120,D,124,120_D_124,HH,124,2026197131708,NISAR,Descending,True,5.574260446,16-JUL-2026,2026-07-16T13:18:08Z,5.992057354,2026-07-18T10:46:21,NISAR_S2_PR_GUNW_023_120_D_124_025_3700_SH_20260622T131810_20260622T131848_20260716T131808_20260716T131847_P00500_M_F_I_001,ObsId_Track_Frame,STUCGUFED,NISAR_SSAR_W,5070,62.16600755,W,41.38809967,247,F,Left,"[[""59.57363629"", ""-70.31804944""], [""66.32238906"", ""-70.77882328""], [""65.20776806"", ""-73.01449386""], [""57.64838591"", ""-72.51713229""], [""59.57363629"", ""-70.31804944""]]",-71.69379058,1.4.00,ISRO,Copernicus GLO-30,23,2026197131704,5063,SSAR,"[[""55.23664202"", ""-72.18342853""], [""60.2117007"", ""-69.60120113""], [""68.70545706"", ""-70.97384943""], [""64.70474182"", ""-73.78941168""], [""55.23664202"", ""-72.18342853""]]",SAT_SEN_MODE,J,Y,2026-07-18 10:58:10,2026197131708_120_124,120,16-JUL-2026
NISAR_S2_PR_GUNW_023_120_D_123_025_3700_SH_20260622T131733_20260622T131813_20260716T131732_20260716T131811_P00500_M_F_I_001,NISAR_S2_PR_GUNW_023_120_D_123_025_3700_SH_20260622T131733_20260622T131813_20260716T131732_20260716T131811_P00500_M_F_I_001,NISAR_SSAR_GUNW,120,D,123,120_D_123,HH,123,2026197131708,NISAR,Descending,True,5.489044119,16-JUL-2026,2026-07-16T13:17:32Z,5.988561796,2026-07-18T11:09:38,NISAR_S2_PR_GUNW_023_120_D_123_025_3700_SH_20260622T131733_20260622T131813_20260716T131732_20260716T131811_P00500_M_F_I_001,ObsId_Track_Frame,STUCGUFED,NISAR_SSAR_W,5070,63.45068527,W,41.3266983,247,F,Left,"[[""61.06173455"", ""-68.21545898""], [""67.19483609"", ""-68.65208248""], [""66.21429302"", ""-70.96169021""], [""59.43216205"", ""-70.49972385""], [""61.06173455"", ""-68.21545898""]]",-69.61306169,1.4.00,ISRO,Copernicus GLO-30,23,2026197131704,5063,SSAR,"[[""57.21004018"", ""-70.1857355""], [""61.58517461"", ""-67.51276645""], [""69.34843768"", ""-68.83347472""], [""65.83047922"", ""-71.71609282""], [""57.21004018"", ""-70.1857355""]]",SAT_SEN_MODE,J,Y,2026-07-18 11:27:03,2026197131708_120_123,120,16-JUL-2026
NISAR_S2_PR_GUNW_024_091_D_124_025_3700_SH_20260702T130130_20260702T130208_20260714T130129_20260714T130208_P00500_P_F_I_001,NISAR_S2_PR_GUNW_024_091_D_124_025_3700_SH_20260702T130130_20260702T130208_20260714T130129_20260714T130208_P00500_P_F_I_001,NISAR_SSAR_GUNW,91,D,124,091_D_124,HH,124,2026195130028,NISAR,Descending,True,5.57207581,14-JUL-2026,2026-07-14T13:01:29Z,5.996523806,2026-07-21T23:32:34,NISAR_S2_PR_GUNW_024_091_D_124_025_3700_SH_20260702T130130_20260702T130208_20260714T130129_20260714T130208_P00500_P_F_I_001,ObsId_Track_Frame,STUCGUFED,NISAR_SSAR_W,5035,66.35428175,W,41.35285568,247,F,Left,"[[""63.74514185"", ""-70.31920395""], [""70.49474251"", ""-70.77960549""], [""69.41739094"", ""-73.01691667""], [""61.81127643"", ""-72.51752202""], [""63.74514185"", ""-70.31920395""]]",-71.69811132,1.4.00,ISRO,Copernicus GLO-30,24,2026195130024,5034,SSAR,"[[""59.76350301"", ""-72.31831181""], [""64.00722406"", ""-69.73245108""], [""72.43592972"", ""-70.87049831""], [""69.27385801"", ""-73.64856043""], [""59.76350301"", ""-72.31831181""]]",SAT_SEN_MODE,J,Y,2026-07-21 23:47:06,2026195130028_91_124,91,14-JUL-2026
NISAR_S2_PR_GUNW_024_091_D_123_025_3700_SH_20260702T130054_20260702T130133_20260714T130053_20260714T130133_P00500_P_F_I_001,NISAR_S2_PR_GUNW_024_091_D_123_025_3700_SH_20260702T130054_20260702T130133_20260714T130053_20260714T130133_P00500_P_F_I_001,NISAR_SSAR_GUNW,91,D,123,091_D_123,HH,123,2026195130028,NISAR,Descending,True,5.574146116,14-JUL-2026,2026-07-14T13:00:53Z,5.995507879,2026-07-22T02:23:52,NISAR_S2_PR_GUNW_024_091_D_123_025_3700_SH_20260702T130054_20260702T130133_20260714T130053_20260714T130133_P00500_P_F_I_001,ObsId_Track_Frame,STUCGUFED,NISAR_SSAR_W,5035,67.62528447,W,41.32767105,247,F,Left,"[[""65.22020343"", ""-68.21505754""], [""71.38793138"", ""-68.6535899""], [""70.40704886"", ""-70.96307529""], [""63.58924824"", ""-70.49920452""], [""65.22020343"", ""-68.21505754""]]",-69.61511791,1.4.00,ISRO,Copernicus GLO-30,24,2026195130024,5034,SSAR,"[[""61.7341862"", ""-70.31776959""], [""65.42410753"", ""-67.65099542""], [""73.10626982"", ""-68.73399762""], [""70.35029903"", ""-71.57101472""], [""61.7341862"", ""-70.31776959""]]",SAT_SEN_MODE,J,Y,2026-07-22 02:35:08,2026195130028_91_123,91,14-JUL-2026
NISAR_S2_PR_GUNW_024_062_D_124_025_3700_SH_20260630T124451_20260630T124530_20260712T124451_20260712T124529_P00500_M_F_I_001,NISAR_S2_PR_GUNW_024_062_D_124_025_3700_SH_20260630T124451_20260630T124530_20260712T124451_20260712T124529_P00500_M_F_I_001,NISAR_SSAR_GUNW,62,D,124,062_D_124,HH,124,2026193124356,NISAR,Descending,True,5.485322338,12-JUL-2026,2026-07-12T12:44:51Z,5.999180155,2026-07-19T11:59:40,NISAR_S2_PR_GUNW_024_062_D_124_025_3700_SH_20260630T124451_20260630T124530_20260712T124451_20260712T124529_P00500_M_F_I_001,ObsId_Track_Frame,STUCGUFED,NISAR_SSAR_W,5006,70.51947246,W,41.37837219,247,F,Left,"[[""67.86425426"", ""-70.31521248""], [""74.72108872"", ""-70.78245928""], [""73.62952561"", ""-73.01896349""], [""65.96649448"", ""-72.5167374""], [""67.86425426"", ""-70.31521248""]]",-71.69722803,1.4.00,ISRO,Copernicus GLO-30,24,2026193124352,5005,SSAR,"[[""64.35590012"", ""-72.43292694""], [""67.85864255"", ""-69.87599654""], [""76.15847784"", ""-70.78553629""], [""73.79097507"", ""-73.49303179""], [""64.35590012"", ""-72.43292694""]]",SAT_SEN_MODE,J,Y,2026-07-19 12:17:10,2026193124356_62_124,62,12-JUL-2026
NISAR_S2_PR_GUNW_024_034_D_124_025_3700_SH_20260628T140806_20260628T140844_20260710T140805_20260710T140844_P00500_M_F_I_001,NISAR_S2_PR_GUNW_024_034_D_124_025_3700_SH_20260628T140806_20260628T140844_20260710T140805_20260710T140844_P00500_M_F_I_001,NISAR_SSAR_GUNW,34,D,124,034_D_124,HH,124,2026191140632,NISAR,Descending,True,5.575090961,11-JUL-2026,2026-07-10T14:08:05Z,5.954250495,2026-07-19T07:58:31,NISAR_S2_PR_GUNW_024_034_D_124_025_3700_SH_20260628T140806_20260628T140844_20260710T140805_20260710T140844_P00500_M_F_I_001,ObsId_Track_Frame,STUCGUFED,NISAR_SSAR_W,4983,49.86609641,W,41.72328568,247,F,Left,"[[""47.4137324"", ""-70.34633013""], [""53.83940063"", ""-70.77862316""], [""52.73898608"", ""-73.01491556""], [""45.54289976"", ""-72.54939798""], [""47.4137324"", ""-70.34633013""]]",-71.702408,1.4.00,ISRO,Copernicus GLO-30,24,2026191140628,4977,SSAR,"[[""42.08669752"", ""-71.71181087""], [""49.08927844"", ""-69.32294174""], [""57.21255087"", ""-71.37531472""], [""50.54369649"", ""-74.09247284""], [""42.08669752"", ""-71.71181087""]]",SAT_SEN_MODE,J,Y,2026-07-19 08:10:32,2026191140632_34_124,34,10-JUL-2026
NISAR_S2_PR_GUNW_024_034_D_122_025_3700_SH_20260628T140654_20260628T140733_20260710T140653_20260710T140732_P00500_M_F_I_001,NISAR_S2_PR_GUNW_024_034_D_122_025_3700_SH_20260628T140654_20260628T140733_20260710T140653_20260710T140732_P00500_M_F_I_001,NISAR_SSAR_GUNW,34,D,122,034_D_122,HH,122,2026191140632,NISAR,Descending,True,5.576276259,11-JUL-2026,2026-07-10T14:06:53Z,5.959323661,2026-07-19T08:32:47,NISAR_S2_PR_GUNW_024_034_D_122_025_3700_SH_20260628T140654_20260628T140733_20260710T140653_20260710T140732_P00500_M_F_I_001,ObsId_Track_Frame,STUCGUFED,NISAR_SSAR_W,4983,52.23592273,W,41.69671249,247,F,Left,"[[""50.12231549"", ""-66.15951489""], [""55.47746434"", ""-66.552238""], [""54.64662393"", ""-68.83657527""], [""48.75788365"", ""-68.42486187""], [""50.12231549"", ""-66.15951489""]]",-67.5173019,1.4.00,ISRO,Copernicus GLO-30,24,2026191140628,4977,SSAR,"[[""45.81896407"", ""-67.65574761""], [""51.35193702"", ""-65.13936414""], [""58.23587902"", ""-67.10993507""], [""53.04033231"", ""-69.89902516""], [""45.81896407"", ""-67.65574761""]]",SAT_SEN_MODE,J,Y,2026-07-19 08:43:23,2026191140632_34_122,34,10-JUL-2026
NISAR_S2_PR_GUNW_026_005_D_121_028_3700_SH_20260720T134957_20260720T135017_20260813T134956_20260813T135015_P00500_M_P_I_001,NISAR_S2_PR_GUNW_026_005_D_121_028_3700_SH_20260720T134957_20260720T135017_20260813T134956_20260813T135015_P00500_M_P_I_001,NISAR_SSAR_GUNW,5,D,121,005_D_121,HH,121,2026225135000,NISAR,Descending,True,5.491216945,13-AUG-2026,2026-08-13T13:49:56Z,5.996385088,2026-08-16T07:11:13,NISAR_S2_PR_GUNW_026_005_D_121_028_3700_SH_20260720T134957_20260720T135017_20260813T134956_20260813T135015_P00500_M_P_I_001,ObsId_Track_Frame,STUCGUFED,NISAR_SSAR_W,5473,56.97608652,W,41.29632568,247,P,Left,"[[""54.54444906"", ""-65.16743489""], [""59.98270614"", ""-65.57950129""], [""59.58110754"", ""-66.7362793""], [""53.92279858"", ""-66.3179261""], [""54.54444906"", ""-65.16743489""]]",-65.97464003,1.4.00,ISRO,Copernicus GLO-30,26,2026225134956,5467,SSAR,"[[""51.65876651"", ""-65.78343847""], [""56.07859142"", ""-63.1700708""], [""62.57042345"", ""-64.86126082""], [""58.60072894"", ""-67.69813237""], [""51.65876651"", ""-65.78343847""]]",SAT_SEN_MODE,J,Y,2026-08-16 07:21:18,2026225135000_5_121,5,13-AUG-2026
NISAR_S2_PR_GUNW_025_134_D_124_027_3700_SH_20260717T123631_20260717T123709_20260810T123630_20260810T123708_P00500_M_F_I_001,NISAR_S2_PR_GUNW_025_134_D_124_027_3700_SH_20260717T123631_20260717T123709_20260810T123630_20260810T123708_P00500_M_F_I_001,NISAR_SSAR_GUNW,134,D,124,134_D_124,HH,124,2026222123548,NISAR,Descending,True,5.486779152,10-AUG-2026,2026-08-10T12:36:30Z,5.994954591,2026-08-12T03:08:58,NISAR_S2_PR_GUNW_025_134_D_124_027_3700_SH_20260717T123631_20260717T123709_20260810T123630_20260810T123708_P00500_M_F_I_001,ObsId_Track_Frame,STUCGUFED,NISAR_SSAR_W,5424,72.58997146,W,41.28607559,247,F,Left,"[[""69.99827843"", ""-70.31917771""], [""76.71672198"", ""-70.77760644""], [""75.62386195"", ""-73.01430611""], [""68.07750899"", ""-72.51861732""], [""69.99827843"", ""-70.31917771""]]",-71.69668914,1.4.00,ISRO,Copernicus GLO-30,25,2026222123544,5423,SSAR,"[[""66.66866946"", ""-72.48011576""], [""69.79737049"", ""-69.95470146""], [""77.98852161"", ""-70.75194615""], [""75.99683087"", ""-73.40707594""], [""66.66866946"", ""-72.48011576""]]",SAT_SEN_MODE,J,Y,2026-08-12 03:20:04,2026222123548_134_124,134,10-AUG-2026
NISAR_S2_PR_GUNW_025_105_D_124_026_3700_SH_20260715T121952_20260715T122031_20260727T121952_20260727T122030_P00500_M_F_I_001,NISAR_S2_PR_GUNW_025_105_D_124_026_3700_SH_20260715T121952_20260715T122031_20260727T121952_20260727T122030_P00500_M_F_I_001,NISAR_SSAR_GUNW,105,D,124,105_D_124,HH,124,2026208121904,NISAR,Descending,True,5.487460739,27-JUL-2026,2026-07-27T12:19:52Z,5.99222358,2026-07-29T20:33:05,NISAR_S2_PR_GUNW_025_105_D_124_026_3700_SH_20260715T121952_20260715T122031_20260727T121952_20260727T122030_P00500_M_F_I_001,ObsId_Track_Frame,STUCGUFED,NISAR_SSAR_W,5222,76.73669099,W,41.35876465,247,F,Left,"[[""74.13719695"", ""-70.31761826""], [""80.8719631"", ""-70.77775193""], [""79.77505611"", ""-73.01432297""], [""72.21130215"", ""-72.51669707""], [""74.13719695"", ""-70.31761826""]]",-71.69659202,1.4.00,ISRO,Copernicus GLO-30,25,2026208121852,5221,SSAR,"[[""71.34636606"", ""-72.56142076""], [""73.74282169"", ""-70.12091727""], [""81.6658812"", ""-70.70125185""], [""80.37501116"", ""-73.2320985""], [""71.34636606"", ""-72.56142076""]]",SAT_SEN_MODE,J,Y,2026-07-29 20:52:47,2026208121904_105_124,105,27-JUL-2026
NISAR_S2_PR_GUNW_025_105_D_123_026_3700_SH_20260715T121916_20260715T121955_20260727T121915_20260727T121955_P00500_M_F_I_001,NISAR_S2_PR_GUNW_025_105_D_123_026_3700_SH_20260715T121916_20260715T121955_20260727T121915_20260727T121955_P00500_M_F_I_001,NISAR_SSAR_GUNW,105,D,123,105_D_123,HH,123,2026208121904,NISAR,Descending,True,5.488975051,27-JUL-2026,2026-07-27T12:19:15Z,5.991964703,2026-07-29T21:00:40,NISAR_S2_PR_GUNW_025_105_D_123_026_3700_SH_20260715T121916_20260715T121955_20260727T121915_20260727T121955_P00500_M_F_I_001,ObsId_Track_Frame,STUCGUFED,NISAR_SSAR_W,5222,78.03400772,W,41.33057404,247,F,Left,"[[""75.65033299"", ""-68.2172518""], [""81.74655716"", ""-68.65102812""], [""80.78432698"", ""-70.96161312""], [""74.02576502"", ""-70.50194765""], [""75.65033299"", ""-68.2172518""]]",-69.61821878,1.4.00,ISRO,Copernicus GLO-30,25,2026208121852,5221,SSAR,"[[""73.24146257"", ""-70.55456823""], [""75.24251944"", ""-68.04536849""], [""82.40998715"", ""-68.56984321""], [""81.33887329"", ""-71.15496192""], [""73.24146257"", ""-70.55456823""]]",SAT_SEN_MODE,J,Y,2026-07-29 21:15:58,2026208121904_105_123,105,27-JUL-2026
NISAR_S2_PR_GUNW_025_076_D_124_026_3700_SH_20260713T120314_20260713T120352_20260725T120313_20260725T120351_P00500_M_F_I_001,NISAR_S2_PR_GUNW_025_076_D_124_026_3700_SH_20260713T120314_20260713T120352_20260725T120313_20260725T120351_P00500_M_F_I_001,NISAR_SSAR_GUNW,76,D,124,076_D_124,HH,124,2026206120152,NISAR,Descending,True,5.487848202,25-JUL-2026,2026-07-25T12:03:13Z,5.98998445,2026-07-27T02:04:23,NISAR_S2_PR_GUNW_025_076_D_124_026_3700_SH_20260713T120314_20260713T120352_20260725T120313_20260725T120351_P00500_M_F_I_001,ObsId_Track_Frame,STUCGUFED,NISAR_SSAR_W,5193,80.91649778,W,41.36367416,247,F,Left,"[[""78.28224287"", ""-70.31639758""], [""85.02723483"", ""-70.77768583""], [""83.92990036"", ""-73.01429109""], [""76.37595778"", ""-72.51724023""], [""78.28224287"", ""-70.31639758""]]",-71.68575612,1.4.00,ISRO,Copernicus GLO-30,25,2026206120148,5192,SSAR,"[[""75.62022909"", ""-72.70334475""], [""77.5348725"", ""-70.14541641""], [""85.70216739"", ""-70.55109999""], [""85.01861083"", ""-73.17503901""], [""75.62022909"", ""-72.70334475""]]",SAT_SEN_MODE,J,Y,2026-07-27 02:16:04,2026206120152_76_124,76,25-JUL-2026
NISAR_S2_PR_GUNW_025_076_D_123_026_3700_SH_20260713T120237_20260713T120317_20260725T120237_20260725T120316_P00500_M_F_I_001,NISAR_S2_PR_GUNW_025_076_D_123_026_3700_SH_20260713T120237_20260713T120317_20260725T120237_20260725T120316_P00500_M_F_I_001,NISAR_SSAR_GUNW,76,D,123,076_D_123,HH,123,2026206120152,NISAR,Descending,True,5.489682332,25-JUL-2026,2026-07-25T12:02:37Z,5.990055205,2026-07-27T02:12:01,NISAR_S2_PR_GUNW_025_076_D_123_026_3700_SH_20260713T120237_20260713T120317_20260725T120237_20260725T120316_P00500_M_F_I_001,ObsId_Track_Frame,STUCGUFED,NISAR_SSAR_W,5193,82.21500454,W,41.33266449,247,F,Left,"[[""79.78656094"", ""-68.21463611""], [""85.908101"", ""-68.6507305""], [""84.94274701"", ""-70.96053677""], [""78.15359616"", ""-70.4980086""], [""79.78656094"", ""-68.21463611""]]",-69.60619689,1.4.00,ISRO,Copernicus GLO-30,25,2026206120148,5192,SSAR,"[[""77.45850126"", ""-70.70725507""], [""79.02861584"", ""-68.04742407""], [""86.48761904"", ""-68.39987939""], [""85.97117636"", ""-71.11370553""], [""77.45850126"", ""-70.70725507""]]",SAT_SEN_MODE,J,Y,2026-07-27 02:22:15,2026206120152_76_123,76,25-JUL-2026
NISAR_S2_PR_GUNW_025_062_D_123_026_3700_SH_20260712T124414_20260712T124454_20260724T124414_20260724T124453_P00500_M_F_I_001,NISAR_S2_PR_GUNW_025_062_D_123_026_3700_SH_20260712T124414_20260712T124454_20260724T124414_20260724T124453_P00500_M_F_I_001,NISAR_SSAR_GUNW,62,D,123,062_D_123,HH,123,2026205124356,NISAR,Descending,True,5.487313677,24-JUL-2026,2026-07-24T12:44:14Z,6.000217341,2026-07-26T13:20:11,NISAR_S2_PR_GUNW_025_062_D_123_026_3700_SH_20260712T124414_20260712T124454_20260724T124414_20260724T124453_P00500_M_F_I_001,ObsId_Track_Frame,STUCGUFED,NISAR_SSAR_W,5179,71.80679369,W,41.36707687,247,F,Left,"[[""69.41992782"", ""-68.21812243""], [""75.51884655"", ""-68.65160855""], [""74.56884696"", ""-70.96267847""], [""67.74247967"", ""-70.49809531""], [""69.41992782"", ""-68.21812243""]]",-69.61912799,1.4.00,ISRO,Copernicus GLO-30,25,2026205124352,5178,SSAR,"[[""66.30679647"", ""-70.42891297""], [""69.30946718"", ""-67.80180786""], [""76.83400524"", ""-68.65330528""], [""74.7946172"", ""-71.41118777""], [""66.30679647"", ""-70.42891297""]]",SAT_SEN_MODE,J,Y,2026-07-26 13:30:05,2026205124356_62_123,62,24-JUL-2026
NISAR_S2_PR_GUNW_024_134_D_124_025_3700_SH_20260705T123632_20260705T123710_20260717T123631_20260717T123709_P00500_M_F_I_001,NISAR_S2_PR_GUNW_024_134_D_124_025_3700_SH_20260705T123632_20260705T123710_20260717T123631_20260717T123709_P00500_M_F_I_001,NISAR_SSAR_GUNW,134,D,124,134_D_124,HH,124,2026198123548,NISAR,Descending,True,5.486054709,17-JUL-2026,2026-07-17T12:36:31Z,5.975015723,2026-07-19T02:36:33,NISAR_S2_PR_GUNW_024_134_D_124_025_3700_SH_20260705T123632_20260705T123710_20260717T123631_20260717T123709_P00500_M_F_I_001,ObsId_Track_Frame,STUCGUFED,NISAR_SSAR_W,5078,72.70914436,W,41.61051178,247,F,Left,"[[""70.30910796"", ""-70.34685213""], [""76.61900361"", ""-70.77326506""], [""75.51389276"", ""-73.00967715""], [""68.42898992"", ""-72.54914254""], [""70.30910796"", ""-70.34685213""]]",-71.70444591,1.4.00,ISRO,Copernicus GLO-30,24,2026198123544,5077,SSAR,"[[""66.66866946"", ""-72.48011576""], [""69.79737049"", ""-69.95470146""], [""77.98852161"", ""-70.75194615""], [""75.99683087"", ""-73.40707594""], [""66.66866946"", ""-72.48011576""]]",SAT_SEN_MODE,J,Y,2026-07-19 02:48:04,2026198123548_134_124,134,17-JUL-2026
NISAR_S2_PR_GUNW_024_105_D_124_025_3700_SH_20260703T121953_20260703T122031_20260715T121952_20260715T122031_P00500_M_F_I_001,NISAR_S2_PR_GUNW_024_105_D_124_025_3700_SH_20260703T121953_20260703T122031_20260715T121952_20260715T122031_P00500_M_F_I_001,NISAR_SSAR_GUNW,105,D,124,105_D_124,HH,124,2026196121904,NISAR,Descending,True,5.486890488,15-JUL-2026,2026-07-15T12:19:52Z,5.972528489,2026-07-17T00:04:49,NISAR_S2_PR_GUNW_024_105_D_124_025_3700_SH_20260703T121953_20260703T122031_20260715T121952_20260715T122031_P00500_M_F_I_001,ObsId_Track_Frame,STUCGUFED,NISAR_SSAR_W,5049,76.85852105,W,41.57058716,247,F,Left,"[[""74.44967804"", ""-70.34507591""], [""80.77798414"", ""-70.77318962""], [""79.66928589"", ""-73.00948457""], [""72.56163725"", ""-72.54678012""], [""74.44967804"", ""-70.34507591""]]",-71.70417155,1.4.00,ISRO,Copernicus GLO-30,24,2026196121852,5048,SSAR,"[[""71.34636606"", ""-72.56142076""], [""73.74282169"", ""-70.12091727""], [""81.6658812"", ""-70.70125185""], [""80.37501116"", ""-73.2320985""], [""71.34636606"", ""-72.56142076""]]",SAT_SEN_MODE,J,Y,2026-07-17 07:16:05,2026196121904_105_124,105,15-JUL-2026
NISAR_S2_PR_GUNW_024_105_D_123_025_3700_SH_20260703T121917_20260703T121956_20260715T121916_20260715T121955_P00500_M_F_I_001,NISAR_S2_PR_GUNW_024_105_D_123_025_3700_SH_20260703T121917_20260703T121956_20260715T121916_20260715T121955_P00500_M_F_I_001,NISAR_SSAR_GUNW,105,D,123,105_D_123,HH,123,2026196121904,NISAR,Descending,True,5.575775251,15-JUL-2026,2026-07-15T12:19:16Z,5.972066824,2026-07-17T00:53:21,NISAR_S2_PR_GUNW_024_105_D_123_025_3700_SH_20260703T121917_20260703T121956_20260715T121916_20260715T121955_P00500_M_F_I_001,ObsId_Track_Frame,STUCGUFED,NISAR_SSAR_W,5049,78.14425953,W,41.64575577,247,F,Left,"[[""75.93513697"", ""-68.24294852""], [""81.66146322"", ""-68.64662875""], [""80.6895073"", ""-70.95702264""], [""74.34436599"", ""-70.52980616""], [""75.93513697"", ""-68.24294852""]]",-69.6252747,1.4.00,ISRO,Copernicus GLO-30,24,2026196121852,5048,SSAR,"[[""73.24146257"", ""-70.55456823""], [""75.24251944"", ""-68.04536849""], [""82.40998715"", ""-68.56984321""], [""81.33887329"", ""-71.15496192""], [""73.24146257"", ""-70.55456823""]]",SAT_SEN_MODE,J,Y,2026-07-17 07:20:18,2026196121904_105_123,105,15-JUL-2026
NISAR_S2_PR_GUNW_023_076_D_124_025_3700_SH_20260619T120315_20260619T120353_20260713T120314_20260713T120352_P00500_M_F_I_001,NISAR_S2_PR_GUNW_023_076_D_124_025_3700_SH_20260619T120315_20260619T120353_20260713T120314_20260713T120352_P00500_M_F_I_001,NISAR_SSAR_GUNW,76,D,124,076_D_124,HH,124,2026194120152,NISAR,Descending,True,5.488339025,13-JUL-2026,2026-07-13T12:03:14Z,5.98687709,2026-07-19T15:15:24,NISAR_S2_PR_GUNW_023_076_D_124_025_3700_SH_20260619T120315_20260619T120353_20260713T120314_20260713T120352_P00500_M_F_I_001,ObsId_Track_Frame,STUCGUFED,NISAR_SSAR_W,5020,80.92888738,W,41.36838913,247,F,Left,"[[""78.28932331"", ""-70.31655536""], [""85.04381764"", ""-70.77805074""], [""83.94864133"", ""-73.01469618""], [""76.38376198"", ""-72.51743572""], [""78.28932331"", ""-70.31655536""]]",-71.68612218,1.4.00,ISRO,Copernicus GLO-30,23,2026194120148,5019,SSAR,"[[""75.62022909"", ""-72.70334475""], [""77.5348725"", ""-70.14541641""], [""85.70216739"", ""-70.55109999""], [""85.01861083"", ""-73.17503901""], [""75.62022909"", ""-72.70334475""]]",SAT_SEN_MODE,J,Y,2026-07-19 15:26:04,2026194120152_76_124,76,13-JUL-2026
NISAR_S2_PR_GUNW_023_076_D_123_025_3700_SH_20260619T120238_20260619T120318_20260713T120237_20260713T120317_P00500_M_F_I_001,NISAR_S2_PR_GUNW_023_076_D_123_025_3700_SH_20260619T120238_20260619T120318_20260713T120237_20260713T120317_P00500_M_F_I_001,NISAR_SSAR_GUNW,76,D,123,076_D_123,HH,123,2026194120152,NISAR,Descending,True,5.489488471,13-JUL-2026,2026-07-13T12:02:37Z,5.985236467,2026-07-19T16:06:06,NISAR_S2_PR_GUNW_023_076_D_123_025_3700_SH_20260619T120238_20260619T120318_20260713T120237_20260713T120317_P00500_M_F_I_001,ObsId_Track_Frame,STUCGUFED,NISAR_SSAR_W,5020,82.23404476,W,41.44148254,247,F,Left,"[[""79.80544123"", ""-68.21658112""], [""85.92597078"", ""-68.65189067""], [""84.96210323"", ""-70.96236535""], [""78.17360014"", ""-70.50068512""], [""79.80544123"", ""-68.21658112""]]",-69.60808022,1.4.00,ISRO,Copernicus GLO-30,23,2026194120148,5019,SSAR,"[[""77.45850126"", ""-70.70725507""], [""79.02861584"", ""-68.04742407""], [""86.48761904"", ""-68.39987939""], [""85.97117636"", ""-71.11370553""], [""77.45850126"", ""-70.70725507""]]",SAT_SEN_MODE,J,Y,2026-07-19 16:23:44,2026194120152_76_123,76,13-JUL-2026
NISAR_S2_PR_GUNW_026_018_D_123_028_3700_SH_20260721T112919_20260721T112959_20260814T112918_20260814T112941_P00500_M_F_I_001,NISAR_S2_PR_GUNW_026_018_D_123_028_3700_SH_20260721T112919_20260721T112959_20260814T112918_20260814T112941_P00500_M_F_I_001,NISAR_SSAR_GUNW,18,D,123,018_D_123,HH,123,2026226112832,NISAR,Descending,True,5.489528318,14-AUG-2026,2026-08-14T11:29:18Z,5.991865314,2026-08-16T13:00:42,NISAR_S2_PR_GUNW_026_018_D_123_028_3700_SH_20260721T112919_20260721T112959_20260814T112918_20260814T112941_P00500_M_F_I_001,ObsId_Track_Frame,STUCGUFED,NISAR_SSAR_W,5481,90.51564515,W,41.36613846,247,F,Left,"[[""88.08931114"", ""-68.21431542""], [""94.22217126"", ""-68.6518055""], [""93.25269466"", ""-70.96212526""], [""86.45083828"", ""-70.49796672""], [""88.08931114"", ""-68.21431542""]]",-69.60550407,1.4.00,ISRO,Copernicus GLO-30,26,2026226112828,5480,SSAR,"[[""85.82088774"", ""-71.07138063""], [""86.4044539"", ""-68.07096228""], [""94.61889118"", ""-68.04347622""], [""95.36694108"", ""-71.03915669""], [""85.82088774"", ""-71.07138063""]]",SAT_SEN_MODE,J,Y,2026-08-16 13:16:09,2026226112832_18_123,18,14-AUG-2026
NISAR_S2_PR_GUNW_026_018_D_122_028_3700_SH_20260721T112843_20260721T112922_20260814T112842_20260814T112921_P00500_M_F_I_001,NISAR_S2_PR_GUNW_026_018_D_122_028_3700_SH_20260721T112843_20260721T112922_20260814T112842_20260814T112921_P00500_M_F_I_001,NISAR_SSAR_GUNW,18,D,122,018_D_122,HH,122,2026226112832,NISAR,Descending,True,5.491302586,14-AUG-2026,2026-08-14T11:28:42Z,5.992748822,2026-08-16T13:38:49,NISAR_S2_PR_GUNW_026_018_D_122_028_3700_SH_20260721T112843_20260721T112922_20260814T112842_20260814T112921_P00500_M_F_I_001,ObsId_Track_Frame,STUCGUFED,NISAR_SSAR_W,5481,88.70784128,W,34.03173447,247,F,Left,"[[""89.35666934"", ""-66.13058702""], [""89.35553849"", ""-66.1305209""], [""87.98911029"", ""-68.39671427""], [""87.99038663"", ""-68.39678988""], [""89.35666934"", ""-66.13058702""]]",-67.26305424,1.4.00,ISRO,Copernicus GLO-30,26,2026226112828,5480,SSAR,"[[""87.45995938"", ""-68.99619725""], [""87.78421137"", ""-66.00485206""], [""95.3084264"", ""-65.92190721""], [""96.08074093"", ""-68.90021966""], [""87.45995938"", ""-68.99619725""]]",SAT_SEN_MODE,J,Y,2026-08-16 13:57:09,2026226112832_18_122,18,14-AUG-2026
NISAR_S2_PR_GUNW_025_076_D_122_026_3700_SH_20260713T120201_20260713T120240_20260725T120201_20260725T120240_P00500_M_F_I_001,NISAR_S2_PR_GUNW_025_076_D_122_026_3700_SH_20260713T120201_20260713T120240_20260725T120201_20260725T120240_P00500_M_F_I_001,NISAR_SSAR_GUNW,76,D,122,076_D_122,HH,122,2026206120152,NISAR,Descending,True,5.473083327,25-JUL-2026,2026-07-25T12:02:01Z,6.00266371,2026-07-27T03:01:00,NISAR_S2_PR_GUNW_025_076_D_122_026_3700_SH_20260713T120201_20260713T120240_20260725T120201_20260725T120240_P00500_M_F_I_001,ObsId_Track_Frame,STUCGUFED,NISAR_SSAR_W,5193,83.32713153,W,41.2753067,247,F,Left,"[[""81.08323935"", ""-66.13522951""], [""86.65728499"", ""-66.54956407""], [""85.83799294"", ""-68.83471784""], [""79.69614932"", ""-68.39939286""], [""81.08323935"", ""-66.13522951""]]",-67.50132944,1.4.00,ISRO,Copernicus GLO-30,25,2026206120148,5192,SSAR,"[[""79.05539899"", ""-68.63618545""], [""80.3097151"", ""-65.97485163""], [""87.18883758"", ""-66.2804869""], [""86.81719584"", ""-68.98466881""], [""79.05539899"", ""-68.63618545""]]",SAT_SEN_MODE,J,Y,2026-07-27 03:12:04,2026206120152_76_122,76,25-JUL-2026
NISAR_S2_PR_GUNW_025_047_D_124_026_3700_SH_20260711T114635_20260711T114713_20260723T114634_20260723T114713_P00500_M_F_I_001,NISAR_S2_PR_GUNW_025_047_D_124_026_3700_SH_20260711T114635_20260711T114713_20260723T114634_20260723T114713_P00500_M_F_I_001,NISAR_SSAR_GUNW,47,D,124,047_D_124,HH,124,2026204114512,NISAR,Descending,True,5.488382908,23-JUL-2026,2026-07-23T11:46:34Z,5.993860199,2026-07-24T23:46:44,NISAR_S2_PR_GUNW_025_047_D_124_026_3700_SH_20260711T114635_20260711T114713_20260723T114634_20260723T114713_P00500_M_F_I_001,ObsId_Track_Frame,STUCGUFED,NISAR_SSAR_W,5164,85.05297027,W,41.39083099,247,F,Left,"[[""82.4264834"", ""-70.31424684""], [""89.16599632"", ""-70.77601123""], [""88.06771851"", ""-73.01265492""], [""80.51575885"", ""-72.5147549""], [""82.4264834"", ""-70.31424684""]]",-71.68318132,1.4.00,ISRO,Copernicus GLO-30,25,2026204114508,5163,SSAR,"[[""79.74834014"", ""-72.88388815""], [""81.19768801"", ""-70.1433483""], [""89.7892138"", ""-70.37268733""], [""89.75380871"", ""-73.15318646""], [""79.74834014"", ""-72.88388815""]]",SAT_SEN_MODE,J,Y,2026-07-24 23:57:31,2026204114512_47_124,47,23-JUL-2026
NISAR_S2_PR_GUNW_025_047_D_122_026_3700_SH_20260711T114523_20260711T114602_20260723T114522_20260723T114601_P00500_M_F_I_001,NISAR_S2_PR_GUNW_025_047_D_122_026_3700_SH_20260711T114523_20260711T114602_20260723T114522_20260723T114601_P00500_M_F_I_001,NISAR_SSAR_GUNW,47,D,122,047_D_122,HH,122,2026204114512,NISAR,Descending,True,5.490612507,23-JUL-2026,2026-07-23T11:45:22Z,5.995157242,2026-07-25T00:08:08,NISAR_S2_PR_GUNW_025_047_D_122_026_3700_SH_20260711T114523_20260711T114602_20260723T114522_20260723T114601_P00500_M_F_I_001,ObsId_Track_Frame,STUCGUFED,NISAR_SSAR_W,5164,87.47785711,W,41.29663467,247,F,Left,"[[""85.21705976"", ""-66.1328259""], [""90.81486361"", ""-66.54955949""], [""89.99828929"", ""-68.83488276""], [""83.84424667"", ""-68.39837626""], [""85.21705976"", ""-66.1328259""]]",-67.50013879,1.4.00,ISRO,Copernicus GLO-30,25,2026204114508,5163,SSAR,"[[""83.2114446"", ""-68.81978082""], [""84.03666949"", ""-65.97848951""], [""91.28451374"", ""-66.09903437""], [""91.46376807"", ""-68.95835531""], [""83.2114446"", ""-68.81978082""]]",SAT_SEN_MODE,J,Y,2026-07-25 00:32:04,2026204114512_47_122,47,23-JUL-2026
NISAR_S2_PR_GUNW_025_018_D_124_026_3700_SH_20260709T112956_20260709T113035_20260721T112955_20260721T113034_P00500_M_F_I_001,NISAR_S2_PR_GUNW_025_018_D_124_026_3700_SH_20260709T112956_20260709T113035_20260721T112955_20260721T113034_P00500_M_F_I_001,NISAR_SSAR_GUNW,18,D,124,018_D_124,HH,124,2026202112832,NISAR,Descending,True,5.48892702,21-JUL-2026,2026-07-21T11:29:55Z,5.992790813,2026-07-23T02:08:21,NISAR_S2_PR_GUNW_025_018_D_124_026_3700_SH_20260709T112956_20260709T113035_20260721T112955_20260721T113034_P00500_M_F_I_001,ObsId_Track_Frame,STUCGUFED,NISAR_SSAR_W,5135,89.21410728,W,41.33824921,247,F,Left,"[[""86.58565309"", ""-70.31390704""], [""93.33324405"", ""-70.77617654""], [""92.23574365"", ""-73.01283549""], [""84.67629757"", ""-72.51453556""], [""86.58565309"", ""-70.31390704""]]",-71.6827703,1.4.00,ISRO,Copernicus GLO-30,25,2026202112828,5134,SSAR,"[[""83.95486588"", ""-73.06697038""], [""84.85704668"", ""-70.1592129""], [""93.8191267"", ""-70.19442414""], [""94.49115096"", ""-73.10867975""], [""83.95486588"", ""-73.06697038""]]",SAT_SEN_MODE,J,Y,2026-07-23 02:38:16,2026202112832_18_124,18,21-JUL-2026
NISAR_S2_PR_GUNW_025_018_D_122_026_3700_SH_20260709T112844_20260709T112923_20260721T112843_20260721T112922_P00500_M_F_I_001,NISAR_S2_PR_GUNW_025_018_D_122_026_3700_SH_20260709T112844_20260709T112923_20260721T112843_20260721T112922_P00500_M_F_I_001,NISAR_SSAR_GUNW,18,D,122,018_D_122,HH,122,2026202112832,NISAR,Descending,True,5.49097273,21-JUL-2026,2026-07-21T11:28:43Z,5.991131593,2026-07-23T03:04:51,NISAR_S2_PR_GUNW_025_018_D_122_026_3700_SH_20260709T112844_20260709T112923_20260721T112843_20260721T112922_P00500_M_F_I_001,ObsId_Track_Frame,STUCGUFED,NISAR_SSAR_W,5135,91.63522396,W,41.37779236,247,F,Left,"[[""89.35780932"", ""-66.13118303""], [""94.98648813"", ""-66.5504318""], [""94.17430707"", ""-68.83593655""], [""87.99165778"", ""-68.39739688""], [""89.35780932"", ""-66.13118303""]]",-67.49963641,1.4.00,ISRO,Copernicus GLO-30,25,2026202112828,5134,SSAR,"[[""87.45995938"", ""-68.99619725""], [""87.78421137"", ""-66.00485206""], [""95.3084264"", ""-65.92190721""], [""96.08074093"", ""-68.90021966""], [""87.45995938"", ""-68.99619725""]]",SAT_SEN_MODE,J,Y,2026-07-23 03:16:10,2026202112832_18_122,18,21-JUL-2026
NISAR_S2_PR_GUNW_023_076_D_122_025_3700_SH_20260619T120203_20260619T120242_20260713T120201_20260713T120240_P00500_M_F_I_001,NISAR_S2_PR_GUNW_023_076_D_122_025_3700_SH_20260619T120203_20260619T120242_20260713T120201_20260713T120240_P00500_M_F_I_001,NISAR_SSAR_GUNW,76,D,122,076_D_122,HH,122,2026194120152,NISAR,Descending,True,5.491291054,13-JUL-2026,2026-07-13T12:02:01Z,5.996200738,2026-07-19T16:53:16,NISAR_S2_PR_GUNW_023_076_D_122_025_3700_SH_20260619T120203_20260619T120242_20260713T120201_20260713T120240_P00500_M_F_I_001,ObsId_Track_Frame,STUCGUFED,NISAR_SSAR_W,5020,83.34922999,W,41.38286591,247,F,Left,"[[""81.10966187"", ""-66.13815932""], [""86.67249909"", ""-66.55086893""], [""85.85467613"", ""-68.83603069""], [""79.72544927"", ""-68.4024994""], [""81.10966187"", ""-66.13815932""]]",-67.50338177,1.4.00,ISRO,Copernicus GLO-30,23,2026194120148,5019,SSAR,"[[""79.05539899"", ""-68.63618545""], [""80.3097151"", ""-65.97485163""], [""87.18883758"", ""-66.2804869""], [""86.81719584"", ""-68.98466881""], [""79.05539899"", ""-68.63618545""]]",SAT_SEN_MODE,J,Y,2026-07-19 17:06:06,2026194120152_76_122,76,13-JUL-2026
NISAR_S2_PR_GUNW_023_047_D_124_025_3700_SH_20260617T114636_20260617T114714_20260711T114635_20260711T114713_P00500_M_F_I_001,NISAR_S2_PR_GUNW_023_047_D_124_025_3700_SH_20260617T114636_20260617T114714_20260711T114635_20260711T114713_P00500_M_F_I_001,NISAR_SSAR_GUNW,47,D,124,047_D_124,HH,124,2026192114512,NISAR,Descending,True,5.488278241,11-JUL-2026,2026-07-11T11:46:35Z,5.987539204,2026-07-19T05:20:53,NISAR_S2_PR_GUNW_023_047_D_124_025_3700_SH_20260617T114636_20260617T114714_20260711T114635_20260711T114713_P00500_M_F_I_001,ObsId_Track_Frame,STUCGUFED,NISAR_SSAR_W,4991,85.08233911,W,41.38820648,247,F,Left,"[[""82.43670192"", ""-70.31533087""], [""89.21183344"", ""-70.77840491""], [""88.11928823"", ""-73.01517488""], [""80.52725236"", ""-72.51592938""], [""82.43670192"", ""-70.31533087""]]",-71.6852999,1.4.00,ISRO,Copernicus GLO-30,23,2026192114508,4990,SSAR,"[[""79.74834014"", ""-72.88388815""], [""81.19768801"", ""-70.1433483""], [""89.7892138"", ""-70.37268733""], [""89.75380871"", ""-73.15318646""], [""79.74834014"", ""-72.88388815""]]",SAT_SEN_MODE,J,Y,2026-07-19 05:32:07,2026192114512_47_124,47,11-JUL-2026
NISAR_S2_PR_GUNW_024_047_D_122_025_3700_SH_20260629T114523_20260629T114602_20260711T114523_20260711T114602_P00500_M_F_I_001,NISAR_S2_PR_GUNW_024_047_D_122_025_3700_SH_20260629T114523_20260629T114602_20260711T114523_20260711T114602_P00500_M_F_I_001,NISAR_SSAR_GUNW,47,D,122,047_D_122,HH,122,2026192114512,NISAR,Descending,True,5.490448005,11-JUL-2026,2026-07-11T11:45:23Z,5.986124141,2026-07-19T05:44:44,NISAR_S2_PR_GUNW_024_047_D_122_025_3700_SH_20260629T114523_20260629T114602_20260711T114523_20260711T114602_P00500_M_F_I_001,ObsId_Track_Frame,STUCGUFED,NISAR_SSAR_W,4991,84.5585569,W,34.02587128,247,F,Left,"[[""85.2107162"", ""-66.13223705""], [""85.20958622"", ""-66.13217114""], [""83.83615264"", ""-68.39768436""], [""83.83737845"", ""-68.39775544""], [""85.2107162"", ""-66.13223705""]]",-67.26438027,1.4.00,ISRO,Copernicus GLO-30,24,2026192114508,4990,SSAR,"[[""83.2114446"", ""-68.81978082""], [""84.03666949"", ""-65.97848951""], [""91.28451374"", ""-66.09903437""], [""91.46376807"", ""-68.95835531""], [""83.2114446"", ""-68.81978082""]]",SAT_SEN_MODE,J,Y,2026-07-19 05:57:35,2026192114512_47_122,47,11-JUL-2026
NISAR_S2_PR_GUNW_024_018_D_124_025_3700_SH_20260627T112957_20260627T113035_20260709T112956_20260709T113035_P00500_M_F_I_001,NISAR_S2_PR_GUNW_024_018_D_124_025_3700_SH_20260627T112957_20260627T113035_20260709T112956_20260709T113035_P00500_M_F_I_001,NISAR_SSAR_GUNW,18,D,124,018_D_124,HH,124,2026190112832,NISAR,Descending,True,5.574841183,09-JUL-2026,2026-07-09T11:29:56Z,5.988277446,2026-07-15T17:52:04,NISAR_S2_PR_GUNW_024_018_D_124_025_3700_SH_20260627T112957_20260627T113035_20260709T112956_20260709T113035_P00500_M_F_I_001,ObsId_Track_Frame,STUCGUFED,NISAR_SSAR_W,4962,89.2377909,W,41.43345642,247,F,Left,"[[""86.59350157"", ""-70.31504891""], [""93.37076562"", ""-70.77844087""], [""92.27798341"", ""-73.01521192""], [""84.68499309"", ""-72.51574331""], [""86.59350157"", ""-70.31504891""]]",-71.68478967,1.4.00,ISRO,Copernicus GLO-30,24,2026190112828,4961,SSAR,"[[""83.95486588"", ""-73.06697038""], [""84.85704668"", ""-70.1592129""], [""93.8191267"", ""-70.19442414""], [""94.49115096"", ""-73.10867975""], [""83.95486588"", ""-73.06697038""]]",SAT_SEN_MODE,J,Y,2026-07-15 18:07:05,2026190112832_18_124,18,09-JUL-2026
NISAR_S2_PR_GUNW_026_018_D_121_028_3700_SH_20260721T112829_20260721T112846_20260814T112828_20260814T112845_P00500_M_P_I_001,NISAR_S2_PR_GUNW_026_018_D_121_028_3700_SH_20260721T112829_20260721T112846_20260814T112828_20260814T112845_P00500_M_P_I_001,NISAR_SSAR_GUNW,18,D,121,018_D_121,HH,121,2026226112832,NISAR,Descending,True,5.491485469,14-AUG-2026,2026-08-14T11:28:28Z,5.995040161,2026-08-16T11:23:02,NISAR_S2_PR_GUNW_026_018_D_121_028_3700_SH_20260721T112829_20260721T112846_20260814T112828_20260814T112845_P00500_M_P_I_001,ObsId_Track_Frame,STUCGUFED,NISAR_SSAR_W,5481,92.329556,W,41.32750702,247,P,Left,"[[""89.84226734"", ""-65.30323633""], [""95.31761421"", ""-65.71690504""], [""94.97447124"", ""-66.73692632""], [""89.26496888"", ""-66.31450481""], [""89.84226734"", ""-65.30323633""]]",-66.04251729,1.4.00,ISRO,Copernicus GLO-30,26,2026226112828,5480,SSAR,"[[""88.82986594"", ""-66.94006702""], [""88.96775531"", ""-63.95547525""], [""95.94331694"", ""-63.82348929""], [""96.73058351"", ""-66.78892148""], [""88.82986594"", ""-66.94006702""]]",SAT_SEN_MODE,J,Y,2026-08-16 11:32:04,2026226112832_18_121,18,14-AUG-2026
NISAR_S2_PR_GUNW_025_147_D_128_027_3700_SH_20260718T101723_20260718T101801_20260811T101722_20260811T101800_P00500_M_F_I_001,NISAR_S2_PR_GUNW_025_147_D_128_027_3700_SH_20260718T101723_20260718T101801_20260811T101722_20260811T101800_P00500_M_F_I_001,NISAR_SSAR_GUNW,147,D,128,147_D_128,HH,128,2026223101336,NISAR,Descending,True,5.48369764,11-AUG-2026,2026-08-11T10:17:22Z,5.991917126,2026-08-14T18:29:47,NISAR_S2_PR_GUNW_025_147_D_128_027_3700_SH_20260718T101723_20260718T101801_20260811T101722_20260811T101800_P00500_M_F_I_001,ObsId_Track_Frame,STUCGUFED,NISAR_SSAR_W,5438,98.77522721,W,41.42221069,247,F,Left,"[[""95.21687804"", ""-78.38482612""], [""106.4347908"", ""-79.06916482""], [""103.5303907"", ""-81.22568074""], [""90.05455641"", ""-80.40776147""], [""95.21687804"", ""-78.38482612""]]",-79.83032657,1.4.00,ISRO,Copernicus GLO-30,25,2026223101324,5436,SSAR,"[[""89.04968323"", ""-81.62387343""], [""89.31986724"", ""-78.31568331""], [""105.6626676"", ""-77.86910361""], [""111.3945083"", ""-81.00755302""], [""89.04968323"", ""-81.62387343""]]",SAT_SEN_MODE,J,Y,2026-08-14 18:44:11,2026223101336_147_128,147,11-AUG-2026
NISAR_S2_PR_GUNW_025_147_D_127_027_3700_SH_20260718T101647_20260718T101727_20260811T101646_20260811T101726_P00500_M_F_I_001,NISAR_S2_PR_GUNW_025_147_D_127_027_3700_SH_20260718T101647_20260718T101727_20260811T101646_20260811T101726_P00500_M_F_I_001,NISAR_SSAR_GUNW,147,D,127,147_D_127,HH,127,2026223101336,NISAR,Descending,True,5.484457503,11-AUG-2026,2026-08-11T10:16:46Z,5.992167414,2026-08-14T18:22:14,NISAR_S2_PR_GUNW_025_147_D_127_027_3700_SH_20260718T101647_20260718T101727_20260811T101646_20260811T101726_P00500_M_F_I_001,ObsId_Track_Frame,STUCGUFED,NISAR_SSAR_W,5438,102.0403917,W,41.41364288,247,F,Left,"[[""98.77095574"", ""-76.38318438""], [""108.3949892"", ""-76.9817973""], [""106.2043871"", ""-79.24971278""], [""94.82836702"", ""-78.55536576""], [""98.77095574"", ""-76.38318438""]]",-77.83998059,1.4.00,ISRO,Copernicus GLO-30,25,2026223101324,5436,SSAR,"[[""94.56948214"", ""-79.7950632""], [""93.42031467"", ""-76.39969009""], [""107.5282332"", ""-75.76899909""], [""112.8968707"", ""-78.96219714""], [""94.56948214"", ""-79.7950632""]]",SAT_SEN_MODE,J,Y,2026-08-14 18:38:04,2026223101336_147_127,147,11-AUG-2026
NISAR_S2_PR_GUNW_025_147_D_126_027_3700_SH_20260718T101612_20260718T101650_20260811T101611_20260811T101649_P00500_M_F_I_001,NISAR_S2_PR_GUNW_025_147_D_126_027_3700_SH_20260718T101612_20260718T101650_20260811T101611_20260811T101649_P00500_M_F_I_001,NISAR_SSAR_GUNW,147,D,126,147_D_126,HH,126,2026223101336,NISAR,Descending,True,5.485527322,11-AUG-2026,2026-08-11T10:16:11Z,5.991406923,2026-08-14T18:31:40,NISAR_S2_PR_GUNW_025_147_D_126_027_3700_SH_20260718T101612_20260718T101650_20260811T101611_20260811T101649_P00500_M_F_I_001,ObsId_Track_Frame,STUCGUFED,NISAR_SSAR_W,5438,104.4923088,W,41.33615112,247,F,Left,"[[""101.4272872"", ""-74.39124483""], [""109.8738439"", ""-74.93081064""], [""108.2389531"", ""-77.16457857""], [""98.47788704"", ""-76.55809155""], [""101.4272872"", ""-74.39124483""]]",-75.80085703,1.4.00,ISRO,Copernicus GLO-30,25,2026223101324,5436,SSAR,"[[""98.66588967"", ""-77.81768545""], [""96.77231081"", ""-74.46998897""], [""108.954674"", ""-73.70395561""], [""113.7873802"", ""-76.84662377""], [""98.66588967"", ""-77.81768545""]]",SAT_SEN_MODE,J,Y,2026-08-14 18:56:04,2026223101336_147_126,147,11-AUG-2026
NISAR_S2_PR_GUNW_025_147_D_125_027_3700_SH_20260718T101536_20260718T101615_20260811T101535_20260811T101614_P00500_M_F_I_001,NISAR_S2_PR_GUNW_025_147_D_125_027_3700_SH_20260718T101536_20260718T101615_20260811T101535_20260811T101614_P00500_M_F_I_001,NISAR_SSAR_GUNW,147,D,125,147_D_125,HH,125,2026223101336,NISAR,Descending,True,5.486590704,11-AUG-2026,2026-08-11T10:15:35Z,5.992720032,2026-08-14T18:27:54,NISAR_S2_PR_GUNW_025_147_D_125_027_3700_SH_20260718T101536_20260718T101615_20260811T101535_20260811T101614_P00500_M_F_I_001,ObsId_Track_Frame,STUCGUFED,NISAR_SSAR_W,5438,106.39757,W,41.42126083,247,F,Left,"[[""103.5867276"", ""-72.33658892""], [""111.0847832"", ""-72.83159086""], [""109.7415774"", ""-75.11380756""], [""101.203269"", ""-74.56928794""], [""103.5867276"", ""-72.33658892""]]",-73.74591246,1.4.00,ISRO,Copernicus GLO-30,25,2026223101324,5436,SSAR,"[[""101.6344027"", ""-75.84144108""], [""99.35272962"", ""-72.47623809""], [""110.1561522"", ""-71.59553651""], [""114.6488891"", ""-74.75402238""], [""101.6344027"", ""-75.84144108""]]",SAT_SEN_MODE,J,Y,2026-08-14 18:43:06,2026223101336_147_125,147,11-AUG-2026
NISAR_S2_PR_GUNW_025_089_D_129_026_3700_SH_20260714T094440_20260714T094513_20260726T094440_20260726T094513_P00500_M_F_I_001,NISAR_S2_PR_GUNW_025_089_D_129_026_3700_SH_20260714T094440_20260714T094513_20260726T094440_20260726T094513_P00500_M_F_I_001,NISAR_SSAR_GUNW,89,D,129,089_D_129,HH,129,2026207094024,NISAR,Descending,True,5.481893,26-JUL-2026,2026-07-26T09:44:40Z,5.991792773,2026-07-28T03:24:57,NISAR_S2_PR_GUNW_025_089_D_129_026_3700_SH_20260714T094440_20260714T094513_20260726T094440_20260726T094513_P00500_M_F_I_001,ObsId_Track_Frame,STUCGUFED,NISAR_SSAR_W,5206,96.07874754,W,34.11542511,247,F,Left,"[[""98.90567119"", ""-80.24435851""], [""98.90376897"", ""-80.24423877""], [""92.65755165"", ""-81.93150385""], [""92.65973941"", ""-81.93165433""], [""98.90567119"", ""-80.24435851""]]",-81.10053936,1.4.00,ISRO,Copernicus GLO-30,25,2026207094020,5205,SSAR,"[[""92.02068628"", ""-83.42920836""], [""91.35746584"", ""-80.23248124""], [""109.9799918"", ""-79.61303264""], [""118.4280413"", ""-82.53516288""], [""92.02068628"", ""-83.42920836""]]",SAT_SEN_MODE,J,Y,2026-07-28 03:35:29,2026207094024_89_129,89,26-JUL-2026
NISAR_S2_PR_GUNW_025_089_D_128_026_3700_SH_20260714T094406_20260714T094444_20260726T094405_20260726T094443_P00500_M_F_I_001,NISAR_S2_PR_GUNW_025_089_D_128_026_3700_SH_20260714T094406_20260714T094444_20260726T094405_20260726T094443_P00500_M_F_I_001,NISAR_SSAR_GUNW,89,D,128,089_D_128,HH,128,2026207094024,NISAR,Descending,True,5.482524522,26-JUL-2026,2026-07-26T09:44:05Z,5.993091811,2026-07-28T03:55:55,NISAR_S2_PR_GUNW_025_089_D_128_026_3700_SH_20260714T094406_20260714T094444_20260726T094405_20260726T094443_P00500_M_F_I_001,ObsId_Track_Frame,STUCGUFED,NISAR_SSAR_W,5206,107.0917308,W,41.39091873,247,F,Left,"[[""103.5313331"", ""-78.38607172""], [""114.7692836"", ""-79.07148133""], [""111.8658387"", ""-81.22797341""], [""98.37017901"", ""-80.40909848""], [""103.5313331"", ""-78.38607172""]]",-79.83299887,1.4.00,ISRO,Copernicus GLO-30,25,2026207094020,5205,SSAR,"[[""98.95310838"", ""-81.922571""], [""96.27107745"", ""-78.51067635""], [""112.5798523"", ""-77.63761491""], [""120.8027941"", ""-80.71532797""], [""98.95310838"", ""-81.922571""]]",SAT_SEN_MODE,J,Y,2026-07-28 04:14:10,2026207094024_89_128,89,26-JUL-2026
NISAR_S2_PR_GUNW_025_089_D_127_026_3700_SH_20260714T094330_20260714T094409_20260726T094329_20260726T094409_P00500_M_F_I_001,NISAR_S2_PR_GUNW_025_089_D_127_026_3700_SH_20260714T094330_20260714T094409_20260726T094329_20260726T094409_P00500_M_F_I_001,NISAR_SSAR_GUNW,89,D,127,089_D_127,HH,127,2026207094024,NISAR,Descending,True,5.48355599,26-JUL-2026,2026-07-26T09:43:29Z,5.991535325,2026-07-28T03:29:33,NISAR_S2_PR_GUNW_025_089_D_127_026_3700_SH_20260714T094330_20260714T094409_20260726T094329_20260726T094409_P00500_M_F_I_001,ObsId_Track_Frame,STUCGUFED,NISAR_SSAR_W,5206,110.364357,W,41.39853668,247,F,Left,"[[""107.0986193"", ""-76.38563195""], [""116.7323561"", ""-76.98436381""], [""114.545589"", ""-79.25235047""], [""103.1534756"", ""-78.55757753""], [""107.0986193"", ""-76.38563195""]]",-77.84356551,1.4.00,ISRO,Copernicus GLO-30,25,2026207094020,5205,SSAR,"[[""104.3785523"", ""-80.07038698""], [""100.6057616"", ""-76.62888661""], [""114.6235648"", ""-75.55323734""], [""122.107918"", ""-78.65296952""], [""104.3785523"", ""-80.07038698""]]",SAT_SEN_MODE,J,Y,2026-07-28 03:40:42,2026207094024_89_127,89,26-JUL-2026
NISAR_S2_PR_GUNW_025_089_D_126_026_3700_SH_20260714T094255_20260714T094333_20260726T094254_20260726T094332_P00500_M_F_I_001,NISAR_S2_PR_GUNW_025_089_D_126_026_3700_SH_20260714T094255_20260714T094333_20260726T094254_20260726T094332_P00500_M_F_I_001,NISAR_SSAR_GUNW,89,D,126,089_D_126,HH,126,2026207094024,NISAR,Descending,True,5.570740003,26-JUL-2026,2026-07-26T09:42:54Z,5.992591508,2026-07-28T03:41:37,NISAR_S2_PR_GUNW_025_089_D_126_026_3700_SH_20260714T094255_20260714T094333_20260726T094254_20260726T094332_P00500_M_F_I_001,ObsId_Track_Frame,STUCGUFED,NISAR_SSAR_W,5206,112.8112434,W,41.39128494,247,F,Left,"[[""109.7511553"", ""-74.39137645""], [""118.1987731"", ""-74.93097187""], [""116.557069"", ""-77.16439726""], [""106.8069944"", ""-76.55860081""], [""109.7511553"", ""-74.39137645""]]",-75.80123901,1.4.00,ISRO,Copernicus GLO-30,25,2026207094020,5205,SSAR,"[[""108.2945183"", ""-78.07184843""], [""104.15008"", ""-74.71794978""], [""116.1867655"", ""-73.5023943""], [""122.8178871"", ""-76.53680639""], [""108.2945183"", ""-78.07184843""]]",SAT_SEN_MODE,J,Y,2026-07-28 03:58:12,2026207094024_89_126,89,26-JUL-2026
NISAR_S2_PR_GUNW_025_074_D_130_026_3700_SH_20260713T084654_20260713T084729_20260725T084654_20260725T084728_P00500_M_F_I_001,NISAR_S2_PR_GUNW_025_074_D_130_026_3700_SH_20260713T084654_20260713T084729_20260725T084654_20260725T084728_P00500_M_F_I_001,NISAR_SSAR_GUNW,74,D,130,074_D_130,HH,130,2026206084156,NISAR,Descending,True,5.481013252,25-JUL-2026,2026-07-25T08:46:54Z,5.992552775,2026-07-27T04:35:43,NISAR_S2_PR_GUNW_025_074_D_130_026_3700_SH_20260713T084654_20260713T084729_20260725T084654_20260725T084728_P00500_M_F_I_001,ObsId_Track_Frame,STUCGUFED,NISAR_SSAR_W,5192,111.575403,W,41.44195175,247,F,Left,"[[""107.9402614"", ""-81.77577574""], [""123.5406323"", ""-82.72990529""], [""117.3390196"", ""-84.6679184""], [""98.33420725"", ""-83.44409954""], [""107.9402614"", ""-81.77577574""]]",-83.24517998,1.4.00,ISRO,Copernicus GLO-30,25,2026206084152,5190,SSAR,"[[""100.1217935"", ""-85.36449397""], [""95.83788545"", ""-81.99909992""], [""117.6406361"", ""-81.01885603""], [""132.438818"", ""-83.8190903""], [""100.1217935"", ""-85.36449397""]]",SAT_SEN_MODE,J,Y,2026-07-27 04:55:03,2026206084156_74_130,74,25-JUL-2026
NISAR_S2_PR_GUNW_025_074_D_129_026_3700_SH_20260713T084625_20260713T084657_20260725T084624_20260725T084657_P00500_M_F_I_001,NISAR_S2_PR_GUNW_025_074_D_129_026_3700_SH_20260713T084625_20260713T084657_20260725T084624_20260725T084657_P00500_M_F_I_001,NISAR_SSAR_GUNW,74,D,129,074_D_129,HH,129,2026206084156,NISAR,Descending,True,5.481408601,25-JUL-2026,2026-07-25T08:46:24Z,5.992713062,2026-07-27T04:09:37,NISAR_S2_PR_GUNW_025_074_D_129_026_3700_SH_20260713T084625_20260713T084657_20260725T084624_20260725T084657_P00500_M_F_I_001,ObsId_Track_Frame,STUCGUFED,NISAR_SSAR_W,5192,117.4754068,W,41.41191864,247,F,Left,"[[""113.4585555"", ""-80.24453341""], [""126.7611643"", ""-81.05022666""], [""123.098951"", ""-82.90745481""], [""107.2156154"", ""-81.93289286""], [""113.4585555"", ""-80.24453341""]]",-81.60666964,1.4.00,ISRO,Copernicus GLO-30,25,2026206084152,5190,SSAR,"[[""111.3234816"", ""-83.809825""], [""103.8987967"", ""-80.64041124""], [""121.2267196"", ""-79.38167584""], [""133.722489"", ""-82.025893""], [""111.3234816"", ""-83.809825""]]",SAT_SEN_MODE,J,Y,2026-07-27 04:29:09,2026206084156_74_129,74,25-JUL-2026
NISAR_S2_PR_GUNW_025_060_D_127_026_3700_SH_20260712T092651_20260712T092731_20260724T092651_20260724T092730_P00500_M_F_I_001,NISAR_S2_PR_GUNW_025_060_D_127_026_3700_SH_20260712T092651_20260712T092731_20260724T092651_20260724T092730_P00500_M_F_I_001,NISAR_SSAR_GUNW,60,D,127,060_D_127,HH,127,2026205092348,NISAR,Descending,True,5.48399478,24-JUL-2026,2026-07-24T09:26:51Z,5.992640656,2026-07-26T06:20:02,NISAR_S2_PR_GUNW_025_060_D_127_026_3700_SH_20260712T092651_20260712T092731_20260724T092651_20260724T092730_P00500_M_F_I_001,ObsId_Track_Frame,STUCGUFED,NISAR_SSAR_W,5178,114.5188646,W,41.41246796,247,F,Left,"[[""111.257833"", ""-76.38468354""], [""120.8878482"", ""-76.98342328""], [""118.6984794"", ""-79.2512862""], [""107.3152094"", ""-78.55679444""], [""111.257833"", ""-76.38468354""]]",-77.84299208,1.4.00,ISRO,Copernicus GLO-30,25,2026205092336,5176,SSAR,"[[""109.4229195"", ""-80.17899661""], [""104.2649818"", ""-76.77152338""], [""118.0893202"", ""-75.4804848""], [""126.5083112"", ""-78.48687668""], [""109.4229195"", ""-80.17899661""]]",SAT_SEN_MODE,J,Y,2026-07-26 06:39:04,2026205092348_60_127,60,24-JUL-2026
NISAR_S2_PR_GUNW_025_060_D_126_026_3700_SH_20260712T092616_20260712T092654_20260724T092615_20260724T092654_P00500_M_F_I_001,NISAR_S2_PR_GUNW_025_060_D_126_026_3700_SH_20260712T092616_20260712T092654_20260724T092615_20260724T092654_P00500_M_F_I_001,NISAR_SSAR_GUNW,60,D,126,060_D_126,HH,126,2026205092348,NISAR,Descending,True,5.485277849,24-JUL-2026,2026-07-24T09:26:15Z,5.993566809,2026-07-26T06:02:20,NISAR_S2_PR_GUNW_025_060_D_126_026_3700_SH_20260712T092616_20260712T092654_20260724T092615_20260724T092654_P00500_M_F_I_001,ObsId_Track_Frame,STUCGUFED,NISAR_SSAR_W,5178,116.9633537,W,41.35947418,247,F,Left,"[[""113.9153453"", ""-74.39167294""], [""122.3517338"", ""-74.93068804""], [""120.7016158"", ""-77.16443032""], [""110.9646941"", ""-76.5590276""], [""113.9153453"", ""-74.39167294""]]",-75.80183023,1.4.00,ISRO,Copernicus GLO-30,25,2026205092336,5176,SSAR,"[[""113.261539"", ""-78.16085054""], [""107.9537482"", ""-74.86473274""], [""119.7335843"", ""-73.43709901""], [""127.1527142"", ""-76.36862015""], [""113.261539"", ""-78.16085054""]]",SAT_SEN_MODE,J,Y,2026-07-26 06:20:27,2026205092348_60_126,60,24-JUL-2026
NISAR_S2_PR_GUNW_024_032_D_126_026_3700_SH_20260628T104931_20260628T105009_20260722T104930_20260722T105008_P00500_M_F_I_001,NISAR_S2_PR_GUNW_024_032_D_126_026_3700_SH_20260628T104931_20260628T105009_20260722T104930_20260722T105008_P00500_M_F_I_001,NISAR_SSAR_GUNW,32,D,126,032_D_126,HH,126,2026203104636,NISAR,Descending,True,5.485020388,22-JUL-2026,2026-07-22T10:49:30Z,5.950991774,2026-07-24T02:13:07,NISAR_S2_PR_GUNW_024_032_D_126_026_3700_SH_20260628T104931_20260628T105009_20260722T104930_20260722T105008_P00500_M_F_I_001,ObsId_Track_Frame,STUCGUFED,NISAR_SSAR_W,5149,96.44613682,W,41.79029846,247,F,Left,"[[""93.55960338"", ""-74.42864264""], [""101.592311"", ""-74.93166674""], [""99.96103685"", ""-77.16546334""], [""90.66220287"", ""-76.59938794""], [""93.55960338"", ""-74.42864264""]]",-75.81689836,1.4.00,ISRO,Copernicus GLO-30,24,2026203104632,5148,SSAR,"[[""89.45549473"", ""-77.49644123""], [""89.56740586"", ""-74.29672205""], [""101.5223776"", ""-73.97818152""], [""104.3915836"", ""-77.09517274""], [""89.45549473"", ""-77.49644123""]]",SAT_SEN_MODE,J,Y,2026-07-24 02:23:04,2026203104636_32_126,32,22-JUL-2026
NISAR_S2_PR_GUNW_024_032_D_125_026_3700_SH_20260628T104855_20260628T104934_20260722T104853_20260722T104933_P00500_M_F_I_001,NISAR_S2_PR_GUNW_024_032_D_125_026_3700_SH_20260628T104855_20260628T104934_20260722T104853_20260722T104933_P00500_M_F_I_001,NISAR_SSAR_GUNW,32,D,125,032_D_125,HH,125,2026203104636,NISAR,Descending,True,5.573763456,22-JUL-2026,2026-07-22T10:48:53Z,5.95308956,2026-07-24T02:12:27,NISAR_S2_PR_GUNW_024_032_D_125_026_3700_SH_20260628T104855_20260628T104934_20260722T104853_20260722T104933_P00500_M_F_I_001,ObsId_Track_Frame,STUCGUFED,NISAR_SSAR_W,5149,98.31096231,W,41.76641464,247,F,Left,"[[""95.65672764"", ""-72.36909536""], [""102.7905621"", ""-72.83170739""], [""101.4530112"", ""-75.11406204""], [""93.32093672"", ""-74.60514662""], [""95.65672764"", ""-72.36909536""]]",-73.75953325,1.4.00,ISRO,Copernicus GLO-30,24,2026203104632,5148,SSAR,"[[""92.45552257"", ""-75.53528006""], [""91.99985733"", ""-72.28696353""], [""102.666202"", ""-71.86300742""], [""105.4296994"", ""-75.01387707""], [""92.45552257"", ""-75.53528006""]]",SAT_SEN_MODE,J,Y,2026-07-24 02:25:19,2026203104636_32_125,32,22-JUL-2026
NISAR_S2_PR_GUNW_025_016_D_131_026_3700_SH_20260709T081409_20260709T081442_20260721T081408_20260721T081441_P00500_M_F_I_001,NISAR_S2_PR_GUNW_025_016_D_131_026_3700_SH_20260709T081409_20260709T081442_20260721T081408_20260721T081441_P00500_M_F_I_001,NISAR_SSAR_GUNW,16,D,131,016_D_131,HH,131,2026202080856,NISAR,Descending,True,5.479161847,21-JUL-2026,2026-07-21T08:14:08Z,5.992021159,2026-07-23T01:59:52,NISAR_S2_PR_GUNW_025_016_D_131_026_3700_SH_20260709T081409_20260709T081442_20260721T081408_20260721T081441_P00500_M_F_I_001,ObsId_Track_Frame,STUCGUFED,NISAR_SSAR_W,5135,110.4105058,W,41.44350433,247,F,Left,"[[""107.6941762"", ""-83.30375255""], [""126.3958573"", ""-84.49887525""], [""115.5060668"", ""-86.25259648""], [""93.96162948"", ""-84.66520619""], [""107.6941762"", ""-83.30375255""]]",-84.79132856,1.4.00,ISRO,Copernicus GLO-30,25,2026202080852,5132,SSAR,"[[""94.26261112"", ""-86.79126255""], [""92.0931273"", ""-83.47518271""], [""117.6024871"", ""-82.64415472""], [""136.83651"", ""-85.32372273""], [""94.26261112"", ""-86.79126255""]]",SAT_SEN_MODE,J,Y,2026-07-23 02:10:06,2026202080856_16_131,16,21-JUL-2026
NISAR_S2_PR_GUNW_025_016_D_130_026_3700_SH_20260709T081337_20260709T081412_20260721T081336_20260721T081411_P00500_M_F_I_001,NISAR_S2_PR_GUNW_025_016_D_130_026_3700_SH_20260709T081337_20260709T081412_20260721T081336_20260721T081411_P00500_M_F_I_001,NISAR_SSAR_GUNW,16,D,130,016_D_130,HH,130,2026202080856,NISAR,Descending,True,5.480116686,21-JUL-2026,2026-07-21T08:13:36Z,5.992494928,2026-07-23T00:23:58,NISAR_S2_PR_GUNW_025_016_D_130_026_3700_SH_20260709T081337_20260709T081412_20260721T081336_20260721T081411_P00500_M_F_I_001,ObsId_Track_Frame,STUCGUFED,NISAR_SSAR_W,5135,119.882548,W,41.43590927,247,F,Left,"[[""116.2470097"", ""-81.77624671""], [""131.8588617"", ""-82.73144749""], [""125.6555614"", ""-84.67013103""], [""106.6409545"", ""-83.44548725""], [""116.2470097"", ""-81.77624671""]]",-83.24794754,1.4.00,ISRO,Copernicus GLO-30,25,2026202080852,5132,SSAR,"[[""112.8663806"", ""-85.5001458""], [""103.0829907"", ""-82.28275386""], [""123.608516"", ""-80.97913747""], [""140.3365461"", ""-83.5075008""], [""112.8663806"", ""-85.5001458""]]",SAT_SEN_MODE,J,Y,2026-07-23 00:58:39,2026202080856_16_130,16,21-JUL-2026
NISAR_S2_PR_GUNW_025_003_D_125_026_3700_SH_20260708T103215_20260708T103255_20260720T103215_20260720T103254_P00500_M_F_I_001,NISAR_S2_PR_GUNW_025_003_D_125_026_3700_SH_20260708T103215_20260708T103255_20260720T103215_20260720T103254_P00500_M_F_I_001,NISAR_SSAR_GUNW,3,D,125,003_D_125,HH,125,2026201103012,NISAR,Descending,True,5.487852048,20-JUL-2026,2026-07-20T10:32:15Z,5.993219312,2026-07-22T05:47:51,NISAR_S2_PR_GUNW_025_003_D_125_026_3700_SH_20260708T103215_20260708T103255_20260720T103215_20260720T103254_P00500_M_F_I_001,ObsId_Track_Frame,STUCGUFED,NISAR_SSAR_W,5119,102.2278222,W,41.39886856,247,F,Left,"[[""99.42191982"", ""-72.3352173""], [""106.9062692"", ""-72.82975607""], [""105.564529"", ""-75.1120726""], [""97.03524066"", ""-74.56763353""], [""99.42191982"", ""-72.3352173""]]",-73.74422683,1.4.00,ISRO,Copernicus GLO-30,25,2026201103008,5119,SSAR,"[[""96.99068866"", ""-75.69772848""], [""95.65105182"", ""-72.36863685""], [""106.4348739"", ""-71.71745491""], [""110.0792009"", ""-74.89414148""], [""96.99068866"", ""-75.69772848""]]",SAT_SEN_MODE,J,Y,2026-07-22 06:02:17,2026201103012_3_125,3,20-JUL-2026
NISAR_S2_PR_GUNW_023_147_D_128_025_3700_SH_20260624T101725_20260624T101802_20260718T101723_20260718T101801_P00500_M_F_I_001,NISAR_S2_PR_GUNW_023_147_D_128_025_3700_SH_20260624T101725_20260624T101802_20260718T101723_20260718T101801_P00500_M_F_I_001,NISAR_SSAR_GUNW,147,D,128,147_D_128,HH,128,2026199101336,NISAR,Descending,True,5.483699707,18-JUL-2026,2026-07-18T10:17:23Z,5.984590854,2026-07-21T03:24:25,NISAR_S2_PR_GUNW_023_147_D_128_025_3700_SH_20260624T101725_20260624T101802_20260718T101723_20260718T101801_P00500_M_F_I_001,ObsId_Track_Frame,STUCGUFED,NISAR_SSAR_W,5092,98.82847483,W,41.42372131,247,F,Left,"[[""95.22986559"", ""-78.3859697""], [""106.5232347"", ""-79.07270586""], [""103.6392985"", ""-81.22988384""], [""90.06947862"", ""-80.40909157""], [""95.22986559"", ""-78.3859697""]]",-79.83360248,1.4.00,ISRO,Copernicus GLO-30,23,2026199101324,5090,SSAR,"[[""89.04968323"", ""-81.62387343""], [""89.31986724"", ""-78.31568331""], [""105.6626676"", ""-77.86910361""], [""111.3945083"", ""-81.00755302""], [""89.04968323"", ""-81.62387343""]]",SAT_SEN_MODE,J,Y,2026-07-21 04:13:09,2026199101336_147_128,147,18-JUL-2026
NISAR_S2_PR_GUNW_023_147_D_127_025_3700_SH_20260624T101649_20260624T101728_20260718T101647_20260718T101727_P00500_M_F_I_001,NISAR_S2_PR_GUNW_023_147_D_127_025_3700_SH_20260624T101649_20260624T101728_20260718T101647_20260718T101727_P00500_M_F_I_001,NISAR_SSAR_GUNW,147,D,127,147_D_127,HH,127,2026199101336,NISAR,Descending,True,5.48458931,18-JUL-2026,2026-07-18T10:16:47Z,5.985654488,2026-07-21T03:20:39,NISAR_S2_PR_GUNW_023_147_D_127_025_3700_SH_20260624T101649_20260624T101728_20260718T101647_20260718T101727_P00500_M_F_I_001,ObsId_Track_Frame,STUCGUFED,NISAR_SSAR_W,5092,102.0812907,W,41.44025421,247,F,Left,"[[""98.77944022"", ""-76.38375699""], [""108.4644219"", ""-76.9845347""], [""106.2877249"", ""-79.25286563""], [""94.83809594"", ""-78.55603693""], [""98.77944022"", ""-76.38375699""]]",-77.84234833,1.4.00,ISRO,Copernicus GLO-30,23,2026199101324,5090,SSAR,"[[""94.56948214"", ""-79.7950632""], [""93.42031467"", ""-76.39969009""], [""107.5282332"", ""-75.76899909""], [""112.8968707"", ""-78.96219714""], [""94.56948214"", ""-79.7950632""]]",SAT_SEN_MODE,J,Y,2026-07-21 04:03:34,2026199101336_147_127,147,18-JUL-2026
NISAR_S2_PR_GUNW_023_147_D_126_025_3700_SH_20260624T101613_20260624T101652_20260718T101612_20260718T101650_P00500_M_F_I_001,NISAR_S2_PR_GUNW_023_147_D_126_025_3700_SH_20260624T101613_20260624T101652_20260718T101612_20260718T101650_P00500_M_F_I_001,NISAR_SSAR_GUNW,147,D,126,147_D_126,HH,126,2026199101336,NISAR,Descending,True,5.573130232,18-JUL-2026,2026-07-18T10:16:12Z,5.985367143,2026-07-21T03:26:32,NISAR_S2_PR_GUNW_023_147_D_126_025_3700_SH_20260624T101613_20260624T101652_20260718T101612_20260718T101650_P00500_M_F_I_001,ObsId_Track_Frame,STUCGUFED,NISAR_SSAR_W,5092,104.5263324,W,41.45573425,247,F,Left,"[[""101.4389137"", ""-74.3910678""], [""109.9267382"", ""-74.93199565""], [""108.3007156"", ""-77.16600146""], [""98.49142868"", ""-76.55804595""], [""101.4389137"", ""-74.3910678""]]",-75.80184001,1.4.00,ISRO,Copernicus GLO-30,23,2026199101324,5090,SSAR,"[[""98.66588967"", ""-77.81768545""], [""96.77231081"", ""-74.46998897""], [""108.954674"", ""-73.70395561""], [""113.7873802"", ""-76.84662377""], [""98.66588967"", ""-77.81768545""]]",SAT_SEN_MODE,J,Y,2026-07-21 04:01:01,2026199101336_147_126,147,18-JUL-2026
NISAR_S2_PR_GUNW_023_147_D_125_025_3700_SH_20260624T101537_20260624T101617_20260718T101536_20260718T101615_P00500_M_F_I_001,NISAR_S2_PR_GUNW_023_147_D_125_025_3700_SH_20260624T101537_20260624T101617_20260718T101536_20260718T101615_P00500_M_F_I_001,NISAR_SSAR_GUNW,147,D,125,147_D_125,HH,125,2026199101336,NISAR,Descending,True,5.487232117,18-JUL-2026,2026-07-18T10:15:36Z,5.991183699,2026-07-21T03:33:36,NISAR_S2_PR_GUNW_023_147_D_125_025_3700_SH_20260624T101537_20260624T101617_20260718T101536_20260718T101615_P00500_M_F_I_001,ObsId_Track_Frame,STUCGUFED,NISAR_SSAR_W,5092,106.4063606,W,41.42260742,247,F,Left,"[[""103.596069"", ""-72.33575679""], [""111.0917666"", ""-72.83034229""], [""109.7495488"", ""-75.11257637""], [""101.2139618"", ""-74.56853743""], [""103.596069"", ""-72.33575679""]]",-73.74487091,1.4.00,ISRO,Copernicus GLO-30,23,2026199101324,5090,SSAR,"[[""101.6344027"", ""-75.84144108""], [""99.35272962"", ""-72.47623809""], [""110.1561522"", ""-71.59553651""], [""114.6488891"", ""-74.75402238""], [""101.6344027"", ""-75.84144108""]]",SAT_SEN_MODE,J,Y,2026-07-21 03:58:04,2026199101336_147_125,147,18-JUL-2026
NISAR_S2_PR_GUNW_023_118_D_128_025_3700_SH_20260622T100046_20260622T100124_20260716T100045_20260716T100122_P00500_M_F_I_001,NISAR_S2_PR_GUNW_023_118_D_128_025_3700_SH_20260622T100046_20260622T100124_20260716T100045_20260716T100122_P00500_M_F_I_001,NISAR_SSAR_GUNW,118,D,128,118_D_128,HH,128,2026197095652,NISAR,Descending,True,5.483242806,16-JUL-2026,2026-07-16T10:00:45Z,5.985222385,2026-07-18T09:32:02,NISAR_S2_PR_GUNW_023_118_D_128_025_3700_SH_20260622T100046_20260622T100124_20260716T100045_20260716T100122_P00500_M_F_I_001,ObsId_Track_Frame,STUCGUFED,NISAR_SSAR_W,5062,102.984681,W,41.41067505,247,F,Left,"[[""99.38627481"", ""-78.38572814""], [""110.688184"", ""-79.07302897""], [""107.8047013"", ""-81.23018797""], [""94.22587245"", ""-80.40881112""], [""99.38627481"", ""-78.38572814""]]",-79.83405743,1.4.00,ISRO,Copernicus GLO-30,23,2026197095648,5061,SSAR,"[[""93.92139889"", ""-81.77726229""], [""92.77442088"", ""-78.40141356""], [""109.1473277"", ""-77.74130519""], [""116.1569949"", ""-80.86407502""], [""93.92139889"", ""-81.77726229""]]",SAT_SEN_MODE,J,Y,2026-07-18 09:45:36,2026197095652_118_128,118,16-JUL-2026
NISAR_S2_PR_GUNW_023_118_D_127_025_3700_SH_20260622T100010_20260622T100049_20260716T100009_20260716T100048_P00500_M_F_I_001,NISAR_S2_PR_GUNW_023_118_D_127_025_3700_SH_20260622T100010_20260622T100049_20260716T100009_20260716T100048_P00500_M_F_I_001,NISAR_SSAR_GUNW,118,D,127,118_D_127,HH,127,2026197095652,NISAR,Descending,True,5.484775609,16-JUL-2026,2026-07-16T10:00:09Z,5.985681369,2026-07-18T09:36:50,NISAR_S2_PR_GUNW_023_118_D_127_025_3700_SH_20260622T100010_20260622T100049_20260716T100009_20260716T100048_P00500_M_F_I_001,ObsId_Track_Frame,STUCGUFED,NISAR_SSAR_W,5062,106.236475,W,41.41175461,247,F,Left,"[[""102.9365432"", ""-76.38325188""], [""112.6254914"", ""-76.98440375""], [""110.4504378"", ""-79.25276471""], [""98.99572611"", ""-78.5555372""], [""102.9365432"", ""-76.38325188""]]",-77.84245374,1.4.00,ISRO,Copernicus GLO-30,23,2026197095648,5061,SSAR,"[[""99.41898667"", ""-79.94235135""], [""96.99297464"", ""-76.50729551""], [""111.0923395"", ""-75.65433373""], [""117.5488978"", ""-78.81563398""], [""99.41898667"", ""-79.94235135""]]",SAT_SEN_MODE,J,Y,2026-07-18 09:52:04,2026197095652_118_127,118,16-JUL-2026
NISAR_S2_PR_GUNW_023_118_D_126_025_3700_SH_20260622T095935_20260622T100013_20260716T095933_20260716T100012_P00500_M_F_I_001,NISAR_S2_PR_GUNW_023_118_D_126_025_3700_SH_20260622T095935_20260622T100013_20260716T095933_20260716T100012_P00500_M_F_I_001,NISAR_SSAR_GUNW,118,D,126,118_D_126,HH,126,2026197095652,NISAR,Descending,True,5.485694806,16-JUL-2026,2026-07-16T09:59:33Z,5.986731124,2026-07-18T09:23:41,NISAR_S2_PR_GUNW_023_118_D_126_025_3700_SH_20260622T095935_20260622T100013_20260716T095933_20260716T100012_P00500_M_F_I_001,ObsId_Track_Frame,STUCGUFED,NISAR_SSAR_W,5062,108.6784846,W,41.42086029,247,F,Left,"[[""105.5936005"", ""-74.39051159""], [""114.0829336"", ""-74.93180361""], [""112.4535075"", ""-77.16565024""], [""102.6474256"", ""-76.55757248""], [""105.5936005"", ""-74.39051159""]]",-75.80160932,1.4.00,ISRO,Copernicus GLO-30,23,2026197095648,5061,SSAR,"[[""103.4419734"", ""-77.9559974""], [""100.4406442"", ""-74.58530464""], [""112.5827254"", ""-73.59439576""], [""118.3450353"", ""-76.70051664""], [""103.4419734"", ""-77.9559974""]]",SAT_SEN_MODE,J,Y,2026-07-18 09:37:03,2026197095652_118_126,118,16-JUL-2026
NISAR_S2_PR_GUNW_023_118_D_125_025_3700_SH_20260622T095859_20260622T095938_20260716T095857_20260716T095936_P00500_M_F_I_001,NISAR_S2_PR_GUNW_023_118_D_125_025_3700_SH_20260622T095859_20260622T095938_20260716T095857_20260716T095936_P00500_M_F_I_001,NISAR_SSAR_GUNW,118,D,125,118_D_125,HH,125,2026197095652,NISAR,Descending,True,5.487042187,16-JUL-2026,2026-07-16T09:58:57Z,5.990786582,2026-07-18T09:33:49,NISAR_S2_PR_GUNW_023_118_D_125_025_3700_SH_20260622T095859_20260622T095938_20260716T095857_20260716T095936_P00500_M_F_I_001,ObsId_Track_Frame,STUCGUFED,NISAR_SSAR_W,5062,110.5643408,W,41.40756989,247,F,Left,"[[""107.7565845"", ""-72.33680852""], [""115.254276"", ""-72.83149547""], [""113.9076397"", ""-75.11350719""], [""105.3749519"", ""-74.56960793""], [""107.7565845"", ""-72.33680852""]]",-73.74600025,1.4.00,ISRO,Copernicus GLO-30,23,2026197095648,5061,SSAR,"[[""106.356098"", ""-75.97225965""], [""103.085516"", ""-72.59753453""], [""113.8447963"", ""-71.48580995""], [""119.1641288"", ""-74.60114299""], [""106.356098"", ""-75.97225965""]]",SAT_SEN_MODE,J,Y,2026-07-18 09:51:04,2026197095652_118_125,118,16-JUL-2026
NISAR_S2_PR_GUNW_023_089_D_129_025_3700_SH_20260620T094442_20260620T094514_20260714T094440_20260714T094513_P00500_M_F_I_001,NISAR_S2_PR_GUNW_023_089_D_129_025_3700_SH_20260620T094442_20260620T094514_20260714T094440_20260714T094513_P00500_M_F_I_001,NISAR_SSAR_GUNW,89,D,129,089_D_129,HH,129,2026195094024,NISAR,Descending,True,5.481825769,14-JUL-2026,2026-07-14T09:44:40Z,5.984713924,2026-07-19T17:34:58,NISAR_S2_PR_GUNW_023_089_D_129_025_3700_SH_20260620T094442_20260620T094514_20260714T094440_20260714T094513_P00500_M_F_I_001,ObsId_Track_Frame,STUCGUFED,NISAR_SSAR_W,5033,102.9777913,W,41.47891235,247,F,Left,"[[""98.91851538"", ""-80.24559645""], [""112.2821095"", ""-81.05246062""], [""108.6388042"", ""-82.90965006""], [""92.67421961"", ""-81.93309013""], [""98.91851538"", ""-80.24559645""]]",-81.60688684,1.4.00,ISRO,Copernicus GLO-30,23,2026195094020,5032,SSAR,"[[""92.02068628"", ""-83.42920836""], [""91.35746584"", ""-80.23248124""], [""109.9799918"", ""-79.61303264""], [""118.4280413"", ""-82.53516288""], [""92.02068628"", ""-83.42920836""]]",SAT_SEN_MODE,J,Y,2026-07-19 17:52:04,2026195094024_89_129,89,14-JUL-2026
NISAR_S2_PR_GUNW_023_089_D_128_025_3700_SH_20260620T094407_20260620T094445_20260714T094406_20260714T094444_P00500_M_F_I_001,NISAR_S2_PR_GUNW_023_089_D_128_025_3700_SH_20260620T094407_20260620T094445_20260714T094406_20260714T094444_P00500_M_F_I_001,NISAR_SSAR_GUNW,89,D,128,089_D_128,HH,128,2026195094024,NISAR,Descending,True,5.48318978,14-JUL-2026,2026-07-14T09:44:06Z,5.986279485,2026-07-19T17:48:18,NISAR_S2_PR_GUNW_023_089_D_128_025_3700_SH_20260620T094407_20260620T094445_20260714T094406_20260714T094444_P00500_M_F_I_001,ObsId_Track_Frame,STUCGUFED,NISAR_SSAR_W,5033,107.1398051,W,41.39751053,247,F,Left,"[[""103.5451293"", ""-78.38565698""], [""114.8461561"", ""-79.07305162""], [""111.9608234"", ""-81.23011203""], [""98.38717213"", ""-80.40891411""], [""103.5451293"", ""-78.38565698""]]",-79.83437384,1.4.00,ISRO,Copernicus GLO-30,23,2026195094020,5032,SSAR,"[[""98.95310838"", ""-81.922571""], [""96.27107745"", ""-78.51067635""], [""112.5798523"", ""-77.63761491""], [""120.8027941"", ""-80.71532797""], [""98.95310838"", ""-81.922571""]]",SAT_SEN_MODE,J,Y,2026-07-19 18:03:05,2026195094024_89_128,89,14-JUL-2026
NISAR_S2_PR_GUNW_023_089_D_127_025_3700_SH_20260620T094331_20260620T094410_20260714T094330_20260714T094409_P00500_M_F_I_001,NISAR_S2_PR_GUNW_023_089_D_127_025_3700_SH_20260620T094331_20260620T094410_20260714T094330_20260714T094409_P00500_M_F_I_001,NISAR_SSAR_GUNW,89,D,127,089_D_127,HH,127,2026195094024,NISAR,Descending,True,5.571806609,14-JUL-2026,2026-07-14T09:43:30Z,5.986618885,2026-07-19T17:39:14,NISAR_S2_PR_GUNW_023_089_D_127_025_3700_SH_20260620T094331_20260620T094410_20260714T094330_20260714T094409_P00500_M_F_I_001,ObsId_Track_Frame,STUCGUFED,NISAR_SSAR_W,5033,105.3011599,W,34.14165878,247,F,Left,"[[""107.101893"", ""-76.38376688""], [""107.1000102"", ""-76.38364925""], [""103.1556937"", ""-78.55560739""], [""103.1578912"", ""-78.55575103""], [""107.101893"", ""-76.38376688""]]",-77.47591636,1.4.00,ISRO,Copernicus GLO-30,23,2026195094020,5032,SSAR,"[[""104.3785523"", ""-80.07038698""], [""100.6057616"", ""-76.62888661""], [""114.6235648"", ""-75.55323734""], [""122.107918"", ""-78.65296952""], [""104.3785523"", ""-80.07038698""]]",SAT_SEN_MODE,J,Y,2026-07-19 17:56:05,2026195094024_89_127,89,14-JUL-2026
NISAR_S2_PR_GUNW_023_089_D_126_025_3700_SH_20260620T094256_20260620T094334_20260714T094255_20260714T094333_P00500_M_F_I_001,NISAR_S2_PR_GUNW_023_089_D_126_025_3700_SH_20260620T094256_20260620T094334_20260714T094255_20260714T094333_P00500_M_F_I_001,NISAR_SSAR_GUNW,89,D,126,089_D_126,HH,126,2026195094024,NISAR,Descending,True,5.485523588,14-JUL-2026,2026-07-14T09:42:55Z,5.987445137,2026-07-19T17:26:05,NISAR_S2_PR_GUNW_023_089_D_126_025_3700_SH_20260620T094256_20260620T094334_20260714T094255_20260714T094333_P00500_M_F_I_001,ObsId_Track_Frame,STUCGUFED,NISAR_SSAR_W,5033,112.8357157,W,41.3976059,247,F,Left,"[[""109.7552592"", ""-74.39083279""], [""118.2421596"", ""-74.93201747""], [""116.6070783"", ""-77.16627618""], [""106.8108842"", ""-76.55872138""], [""109.7552592"", ""-74.39083279""]]",-75.80223592,1.4.00,ISRO,Copernicus GLO-30,23,2026195094020,5032,SSAR,"[[""108.2945183"", ""-78.07184843""], [""104.15008"", ""-74.71794978""], [""116.1867655"", ""-73.5023943""], [""122.8178871"", ""-76.53680639""], [""108.2945183"", ""-78.07184843""]]",SAT_SEN_MODE,J,Y,2026-07-19 17:39:03,2026195094024_89_126,89,14-JUL-2026
NISAR_S2_PR_GUNW_023_074_D_130_025_3700_SH_20260619T084655_20260619T084730_20260713T084654_20260713T084729_P00500_M_F_I_001,NISAR_S2_PR_GUNW_023_074_D_130_025_3700_SH_20260619T084655_20260619T084730_20260713T084654_20260713T084729_P00500_M_F_I_001,NISAR_SSAR_GUNW,74,D,130,074_D_130,HH,130,2026194084156,NISAR,Descending,True,5.56441,13-JUL-2026,2026-07-13T08:46:54Z,5.985746908,2026-07-19T16:56:56,NISAR_S2_PR_GUNW_023_074_D_130_025_3700_SH_20260619T084655_20260619T084730_20260713T084654_20260713T084729_P00500_M_F_I_001,ObsId_Track_Frame,STUCGUFED,NISAR_SSAR_W,5019,111.6399908,W,41.48727417,247,F,Left,"[[""107.9588646"", ""-81.77822762""], [""123.6485277"", ""-82.73464316""], [""117.4803099"", ""-84.67396474""], [""98.35398349"", ""-83.44694753""], [""107.9588646"", ""-81.77822762""]]",-83.24999783,1.4.00,ISRO,Copernicus GLO-30,23,2026194084152,5017,SSAR,"[[""100.1217935"", ""-85.36449397""], [""95.83788545"", ""-81.99909992""], [""117.6406361"", ""-81.01885603""], [""132.438818"", ""-83.8190903""], [""100.1217935"", ""-85.36449397""]]",SAT_SEN_MODE,J,Y,2026-07-19 17:12:03,2026194084156_74_130,74,13-JUL-2026
NISAR_S2_PR_GUNW_023_074_D_129_025_3700_SH_20260619T084626_20260619T084659_20260713T084625_20260713T084657_P00500_M_F_I_001,NISAR_S2_PR_GUNW_023_074_D_129_025_3700_SH_20260619T084626_20260619T084659_20260713T084625_20260713T084657_P00500_M_F_I_001,NISAR_SSAR_GUNW,74,D,129,074_D_129,HH,129,2026194084156,NISAR,Descending,True,5.481262256,13-JUL-2026,2026-07-13T08:46:25Z,5.986095352,2026-07-19T16:21:54,NISAR_S2_PR_GUNW_023_074_D_129_025_3700_SH_20260619T084626_20260619T084659_20260713T084625_20260713T084657_P00500_M_F_I_001,ObsId_Track_Frame,STUCGUFED,NISAR_SSAR_W,5019,117.5310331,W,41.41651917,247,F,Left,"[[""113.4830835"", ""-80.24693638""], [""126.8423027"", ""-81.05358939""], [""123.1996373"", ""-82.91149694""], [""107.2434978"", ""-81.93570489""], [""113.4830835"", ""-80.24693638""]]",-81.61035288,1.4.00,ISRO,Copernicus GLO-30,23,2026194084152,5017,SSAR,"[[""111.3234816"", ""-83.809825""], [""103.8987967"", ""-80.64041124""], [""121.2267196"", ""-79.38167584""], [""133.722489"", ""-82.025893""], [""111.3234816"", ""-83.809825""]]",SAT_SEN_MODE,J,Y,2026-07-19 16:33:03,2026194084156_74_129,74,13-JUL-2026
NISAR_S2_PR_GUNW_023_060_D_127_025_3700_SH_20260618T092652_20260618T092732_20260712T092651_20260712T092731_P00500_M_F_I_001,NISAR_S2_PR_GUNW_023_060_D_127_025_3700_SH_20260618T092652_20260618T092732_20260712T092651_20260712T092731_P00500_M_F_I_001,NISAR_SSAR_GUNW,60,D,127,060_D_127,HH,127,2026193092348,NISAR,Descending,True,5.484450196,12-JUL-2026,2026-07-12T09:26:51Z,5.986511614,2026-07-19T12:52:47,NISAR_S2_PR_GUNW_023_060_D_127_025_3700_SH_20260618T092652_20260618T092732_20260712T092651_20260712T092731_P00500_M_F_I_001,ObsId_Track_Frame,STUCGUFED,NISAR_SSAR_W,5005,114.5578011,W,41.41361237,247,F,Left,"[[""111.2657558"", ""-76.38446786""], [""120.9538886"", ""-76.9853006""], [""118.7779599"", ""-79.25356204""], [""107.3247782"", ""-78.55669308""], [""111.2657558"", ""-76.38446786""]]",-77.84451271,1.4.00,ISRO,Copernicus GLO-30,23,2026193092336,5003,SSAR,"[[""109.4229195"", ""-80.17899661""], [""104.2649818"", ""-76.77152338""], [""118.0893202"", ""-75.4804848""], [""126.5083112"", ""-78.48687668""], [""109.4229195"", ""-80.17899661""]]",SAT_SEN_MODE,J,Y,2026-07-19 13:07:05,2026193092348_60_127,60,12-JUL-2026
NISAR_S2_PR_GUNW_023_060_D_126_025_3700_SH_20260618T092617_20260618T092656_20260712T092616_20260712T092654_P00500_M_F_I_001,NISAR_S2_PR_GUNW_023_060_D_126_025_3700_SH_20260618T092617_20260618T092656_20260712T092616_20260712T092654_P00500_M_F_I_001,NISAR_SSAR_GUNW,60,D,126,060_D_126,HH,126,2026193092348,NISAR,Descending,True,5.485817461,12-JUL-2026,2026-07-12T09:26:16Z,5.987329116,2026-07-19T12:42:24,NISAR_S2_PR_GUNW_023_060_D_126_025_3700_SH_20260618T092617_20260618T092656_20260712T092616_20260712T092654_P00500_M_F_I_001,ObsId_Track_Frame,STUCGUFED,NISAR_SSAR_W,5005,116.9967691,W,41.47492981,247,F,Left,"[[""113.9220406"", ""-74.39152701""], [""122.4089228"", ""-74.93247724""], [""120.7683451"", ""-77.16647911""], [""110.972555"", ""-76.55895888""], [""113.9220406"", ""-74.39152701""]]",-75.80321809,1.4.00,ISRO,Copernicus GLO-30,23,2026193092336,5003,SSAR,"[[""113.261539"", ""-78.16085054""], [""107.9537482"", ""-74.86473274""], [""119.7335843"", ""-73.43709901""], [""127.1527142"", ""-76.36862015""], [""113.261539"", ""-78.16085054""]]",SAT_SEN_MODE,J,Y,2026-07-19 12:57:53,2026193092348_60_126,60,12-JUL-2026
NISAR_S2_PR_GUNW_024_003_D_125_025_3700_SH_20260626T103216_20260626T103255_20260708T103215_20260708T103255_P00500_M_F_I_001,NISAR_S2_PR_GUNW_024_003_D_125_025_3700_SH_20260626T103216_20260626T103255_20260708T103215_20260708T103255_P00500_M_F_I_001,NISAR_SSAR_GUNW,3,D,125,003_D_125,HH,125,2026189103012,NISAR,Descending,True,5.48784732,08-JUL-2026,2026-07-08T10:32:15Z,5.987274711,2026-07-18T17:46:14,NISAR_S2_PR_GUNW_024_003_D_125_025_3700_SH_20260626T103216_20260626T103255_20260708T103215_20260708T103255_P00500_M_F_I_001,ObsId_Track_Frame,STUCGUFED,NISAR_SSAR_W,4948,102.2608145,W,41.39181519,247,F,Left,"[[""99.4343773"", ""-72.33637485""], [""106.956673"", ""-72.83214656""], [""105.622307"", ""-75.11465361""], [""97.04928873"", ""-74.56891346""], [""99.4343773"", ""-72.33637485""]]",-73.74643005,1.4.00,ISRO,Copernicus GLO-30,24,2026189103008,4946,SSAR,"[[""96.99068866"", ""-75.69772848""], [""95.65105182"", ""-72.36863685""], [""106.4348739"", ""-71.71745491""], [""110.0792009"", ""-74.89414148""], [""96.99068866"", ""-75.69772848""]]",SAT_SEN_MODE,J,Y,2026-07-18 17:56:05,2026189103012_3_125,3,08-JUL-2026
NISAR_S2_PR_GUNW_025_089_D_125_026_3700_SH_20260714T094218_20260714T094258_20260726T094218_20260726T094257_P00500_M_F_I_001,NISAR_S2_PR_GUNW_025_089_D_125_026_3700_SH_20260714T094218_20260714T094258_20260726T094218_20260726T094257_P00500_M_F_I_001,NISAR_SSAR_GUNW,89,D,125,089_D_125,HH,125,2026207094024,NISAR,Descending,True,5.48673651,26-JUL-2026,2026-07-26T09:42:18Z,5.993158764,2026-07-28T03:41:09,NISAR_S2_PR_GUNW_025_089_D_125_026_3700_SH_20260714T094218_20260714T094258_20260726T094218_20260726T094257_P00500_M_F_I_001,ObsId_Track_Frame,STUCGUFED,NISAR_SSAR_W,5206,114.7122708,W,41.36197662,247,F,Left,"[[""111.9161662"", ""-72.33668056""], [""119.4023326"", ""-72.83091037""], [""118.0530308"", ""-75.11281971""], [""109.5281633"", ""-74.56891597""], [""111.9161662"", ""-72.33668056""]]",-73.74620444,1.4.00,ISRO,Copernicus GLO-30,25,2026207094020,5205,SSAR,"[[""111.1310487"", ""-76.07769041""], [""106.8602986"", ""-72.73959772""], [""117.4794605"", ""-71.40286252""], [""123.5555549"", ""-74.43546456""], [""111.1310487"", ""-76.07769041""]]",SAT_SEN_MODE,J,Y,2026-07-28 04:00:28,2026207094024_89_125,89,26-JUL-2026
NISAR_S2_PR_GUNW_025_074_D_128_026_3700_SH_20260713T084550_20260713T084628_20260725T084550_20260725T084627_P00500_M_F_I_001,NISAR_S2_PR_GUNW_025_074_D_128_026_3700_SH_20260713T084550_20260713T084628_20260725T084550_20260725T084627_P00500_M_F_I_001,NISAR_SSAR_GUNW,74,D,128,074_D_128,HH,128,2026206084156,NISAR,Descending,True,5.482087387,25-JUL-2026,2026-07-25T08:45:50Z,5.992637397,2026-07-27T04:23:02,NISAR_S2_PR_GUNW_025_074_D_128_026_3700_SH_20260713T084550_20260713T084628_20260725T084550_20260725T084627_P00500_M_F_I_001,ObsId_Track_Frame,STUCGUFED,NISAR_SSAR_W,5192,121.6594666,W,41.42040634,247,F,Left,"[[""118.1042181"", ""-78.38781995""], [""129.3518573"", ""-79.07325523""], [""126.4518417"", ""-81.22984728""], [""112.9439514"", ""-80.41095984""], [""118.1042181"", ""-78.38781995""]]",-79.83725012,1.4.00,ISRO,Copernicus GLO-30,25,2026206084152,5190,SSAR,"[[""117.6562674"", ""-82.23079133""], [""109.1210278"", ""-79.00713128""], [""124.2665148"", ""-77.44352538""], [""135.8413271"", ""-80.13082798""], [""117.6562674"", ""-82.23079133""]]",SAT_SEN_MODE,J,Y,2026-07-27 04:48:04,2026206084156_74_128,74,25-JUL-2026
NISAR_S2_PR_GUNW_025_074_D_127_026_3700_SH_20260713T084514_20260713T084553_20260725T084513_20260725T084553_P00500_M_F_I_001,NISAR_S2_PR_GUNW_025_074_D_127_026_3700_SH_20260713T084514_20260713T084553_20260725T084513_20260725T084553_P00500_M_F_I_001,NISAR_SSAR_GUNW,74,D,127,074_D_127,HH,127,2026206084156,NISAR,Descending,True,5.483362076,25-JUL-2026,2026-07-25T08:45:13Z,5.992346598,2026-07-27T04:20:23,NISAR_S2_PR_GUNW_025_074_D_127_026_3700_SH_20260713T084514_20260713T084553_20260725T084513_20260725T084553_P00500_M_F_I_001,ObsId_Track_Frame,STUCGUFED,NISAR_SSAR_W,5192,124.9202986,W,41.39072418,247,F,Left,"[[""121.6730561"", ""-76.38662273""], [""131.2931232"", ""-76.98444468""], [""129.1014971"", ""-79.25290494""], [""117.7226476"", ""-78.55883496""], [""121.6730561"", ""-76.38662273""]]",-77.84682969,1.4.00,ISRO,Copernicus GLO-30,25,2026206084152,5190,SSAR,"[[""122.4411631"", ""-80.32491234""], [""113.821809"", ""-77.17228236""], [""126.6734676"", ""-75.38652691""], [""136.9918991"", ""-78.04376892""], [""122.4411631"", ""-80.32491234""]]",SAT_SEN_MODE,J,Y,2026-07-27 04:57:06,2026206084156_74_127,74,25-JUL-2026
NISAR_S2_PR_GUNW_025_074_D_126_026_3700_SH_20260713T084439_20260713T084517_20260725T084438_20260725T084517_P00500_M_F_I_001,NISAR_S2_PR_GUNW_025_074_D_126_026_3700_SH_20260713T084439_20260713T084517_20260725T084438_20260725T084517_P00500_M_F_I_001,NISAR_SSAR_GUNW,74,D,126,074_D_126,HH,126,2026206084156,NISAR,Descending,True,5.485046298,25-JUL-2026,2026-07-25T08:44:38Z,5.992112689,2026-07-27T03:55:23,NISAR_S2_PR_GUNW_025_074_D_126_026_3700_SH_20260713T084439_20260713T084517_20260725T084438_20260725T084517_P00500_M_F_I_001,ObsId_Track_Frame,STUCGUFED,NISAR_SSAR_W,5192,127.3669731,W,41.44229889,247,F,Left,"[[""124.3353644"", ""-74.39373618""], [""132.7575907"", ""-74.93146911""], [""131.1088302"", ""-77.16527537""], [""121.3703042"", ""-76.55988534""], [""124.3353644"", ""-74.39373618""]]",-75.80587595,1.4.00,ISRO,Copernicus GLO-30,25,2026206084152,5190,SSAR,"[[""125.8754585"", ""-78.27932075""], [""117.7346584"", ""-75.26956123""], [""128.5288669"", ""-73.35808712""], [""137.6034248"", ""-75.93548078""], [""125.8754585"", ""-78.27932075""]]",SAT_SEN_MODE,J,Y,2026-07-27 04:10:03,2026206084156_74_126,74,25-JUL-2026
NISAR_S2_PR_GUNW_025_074_D_125_026_3700_SH_20260713T084403_20260713T084442_20260725T084402_20260725T084441_P00500_M_F_I_001,NISAR_S2_PR_GUNW_025_074_D_125_026_3700_SH_20260713T084403_20260713T084442_20260725T084402_20260725T084441_P00500_M_F_I_001,NISAR_SSAR_GUNW,74,D,125,074_D_125,HH,125,2026206084156,NISAR,Descending,True,5.486797825,25-JUL-2026,2026-07-25T08:44:02Z,5.993671158,2026-07-27T03:58:45,NISAR_S2_PR_GUNW_025_074_D_125_026_3700_SH_20260713T084403_20260713T084442_20260725T084402_20260725T084441_P00500_M_F_I_001,ObsId_Track_Frame,STUCGUFED,NISAR_SSAR_W,5192,129.2633826,W,41.40369415,247,F,Left,"[[""126.4840865"", ""-72.3374809""], [""133.958693"", ""-72.83111939""], [""132.6035995"", ""-75.11278862""], [""124.0890295"", ""-74.56910335""], [""126.4840865"", ""-72.3374809""]]",-73.74921135,1.4.00,ISRO,Copernicus GLO-30,25,2026206084152,5190,SSAR,"[[""128.3378529"", ""-76.25058306""], [""120.6614683"", ""-73.31256819""], [""130.0604347"", ""-71.27827126""], [""138.2831876"", ""-73.82244675""], [""128.3378529"", ""-76.25058306""]]",SAT_SEN_MODE,J,Y,2026-07-27 04:12:06,2026206084156_74_125,74,25-JUL-2026
NISAR_S2_PR_GUNW_025_060_D_125_026_3700_SH_20260712T092540_20260712T092619_20260724T092539_20260724T092618_P00500_M_F_I_001,NISAR_S2_PR_GUNW_025_060_D_125_026_3700_SH_20260712T092540_20260712T092619_20260724T092539_20260724T092618_P00500_M_F_I_001,NISAR_SSAR_GUNW,60,D,125,060_D_125,HH,125,2026205092348,NISAR,Descending,True,5.486774798,24-JUL-2026,2026-07-24T09:25:39Z,5.992914888,2026-07-26T06:07:36,NISAR_S2_PR_GUNW_025_060_D_125_026_3700_SH_20260712T092540_20260712T092619_20260724T092539_20260724T092618_P00500_M_F_I_001,ObsId_Track_Frame,STUCGUFED,NISAR_SSAR_W,5178,118.868488,W,41.36418533,247,F,Left,"[[""116.0792726"", ""-72.33681876""], [""123.5594398"", ""-72.83073189""], [""122.2091448"", ""-75.11258232""], [""113.6883293"", ""-74.56877385""], [""116.0792726"", ""-72.33681876""]]",-73.74685833,1.4.00,ISRO,Copernicus GLO-30,25,2026205092336,5176,SSAR,"[[""116.0033458"", ""-76.15946837""], [""110.7211028"", ""-72.89254739""], [""121.0986838"", ""-71.33911848""], [""127.8770868"", ""-74.26222412""], [""116.0033458"", ""-76.15946837""]]",SAT_SEN_MODE,J,Y,2026-07-26 06:23:11,2026205092348_60_125,60,24-JUL-2026
NISAR_S2_PR_GUNW_025_016_D_129_026_3700_SH_20260709T081307_20260709T081340_20260721T081307_20260721T081339_P00500_M_F_I_001,NISAR_S2_PR_GUNW_025_016_D_129_026_3700_SH_20260709T081307_20260709T081340_20260721T081307_20260721T081339_P00500_M_F_I_001,NISAR_SSAR_GUNW,16,D,129,016_D_129,HH,129,2026202080856,NISAR,Descending,True,5.480822422,21-JUL-2026,2026-07-21T08:13:07Z,5.992176816,2026-07-23T00:19:12,NISAR_S2_PR_GUNW_025_016_D_129_026_3700_SH_20260709T081307_20260709T081340_20260721T081307_20260721T081339_P00500_M_F_I_001,ObsId_Track_Frame,STUCGUFED,NISAR_SSAR_W,5135,125.7960826,W,41.43296814,247,F,Left,"[[""121.7783971"", ""-80.24570444""], [""135.0864293"", ""-81.05166375""], [""131.4328058"", ""-82.90919981""], [""115.5345631"", ""-81.93402234""], [""121.7783971"", ""-80.24570444""]]",-81.60979752,1.4.00,ISRO,Copernicus GLO-30,25,2026202080852,5132,SSAR,"[[""123.1068372"", ""-83.86673029""], [""111.6308868"", ""-80.92211438""], [""127.5251664"", ""-79.36775582""], [""141.6265251"", ""-81.73031144""], [""123.1068372"", ""-83.86673029""]]",SAT_SEN_MODE,J,Y,2026-07-23 00:30:11,2026202080856_16_129,16,21-JUL-2026
NISAR_S2_PR_GUNW_025_016_D_127_026_3700_SH_20260709T081157_20260709T081236_20260721T081156_20260721T081235_P00500_M_F_I_001,NISAR_S2_PR_GUNW_025_016_D_127_026_3700_SH_20260709T081157_20260709T081236_20260721T081156_20260721T081235_P00500_M_F_I_001,NISAR_SSAR_GUNW,16,D,127,016_D_127,HH,127,2026202080856,NISAR,Descending,True,5.483279456,21-JUL-2026,2026-07-21T08:11:56Z,5.993807299,2026-07-23T01:57:13,NISAR_S2_PR_GUNW_025_016_D_127_026_3700_SH_20260709T081157_20260709T081236_20260721T081156_20260721T081235_P00500_M_F_I_001,ObsId_Track_Frame,STUCGUFED,NISAR_SSAR_W,5135,133.2388636,W,41.42894363,247,F,Left,"[[""129.9925367"", ""-76.38596177""], [""139.6178989"", ""-76.98421773""], [""137.4235618"", ""-79.25252808""], [""126.0404121"", ""-78.55798184""], [""129.9925367"", ""-76.38596177""]]",-77.8480687,1.4.00,ISRO,Copernicus GLO-30,25,2026202080852,5132,SSAR,"[[""132.9812357"", ""-80.31202472""], [""121.9314283"", ""-77.53099145""], [""133.5527969"", ""-75.41904591""], [""144.8769837"", ""-77.69838268""], [""132.9812357"", ""-80.31202472""]]",SAT_SEN_MODE,J,Y,2026-07-23 02:13:03,2026202080856_16_127,16,21-JUL-2026
NISAR_S2_PR_GUNW_025_016_D_126_026_3700_SH_20260709T081121_20260709T081200_20260721T081121_20260721T081159_P00500_M_F_I_001,NISAR_S2_PR_GUNW_025_016_D_126_026_3700_SH_20260709T081121_20260709T081200_20260721T081121_20260721T081159_P00500_M_F_I_001,NISAR_SSAR_GUNW,16,D,126,016_D_126,HH,126,2026202080856,NISAR,Descending,True,5.484872059,21-JUL-2026,2026-07-21T08:11:21Z,5.993069862,2026-07-23T01:49:15,NISAR_S2_PR_GUNW_025_016_D_126_026_3700_SH_20260709T081121_20260709T081200_20260721T081121_20260721T081159_P00500_M_F_I_001,ObsId_Track_Frame,STUCGUFED,NISAR_SSAR_W,5135,135.6870287,W,41.38902664,247,F,Left,"[[""132.6497534"", ""-74.3928468""], [""141.08541"", ""-74.93157745""], [""139.4378947"", ""-77.16538556""], [""129.6885402"", ""-76.55928758""], [""132.6497534"", ""-74.3928468""]]",-75.80717344,1.4.00,ISRO,Copernicus GLO-30,25,2026202080852,5132,SSAR,"[[""136.0242493"", ""-78.24386411""], [""125.9713582"", ""-75.62107798""], [""135.5624931"", ""-73.40680674""], [""145.5239116"", ""-75.60386505""], [""136.0242493"", ""-78.24386411""]]",SAT_SEN_MODE,J,Y,2026-07-23 02:01:32,2026202080856_16_126,16,21-JUL-2026
NISAR_S2_PR_GUNW_023_145_D_131_025_3700_SH_20260624T065915_20260624T065948_20260718T065913_20260718T065946_P00500_M_F_I_001,NISAR_S2_PR_GUNW_023_145_D_131_025_3700_SH_20260624T065915_20260624T065948_20260718T065913_20260718T065946_P00500_M_F_I_001,NISAR_SSAR_GUNW,145,D,131,145_D_131,HH,131,2026199065440,NISAR,Descending,True,5.479453067,18-JUL-2026,2026-07-18T06:59:13Z,5.98562338,2026-07-21T12:05:06,NISAR_S2_PR_GUNW_023_145_D_131_025_3700_SH_20260624T065915_20260624T065948_20260718T065913_20260718T065946_P00500_M_F_I_001,ObsId_Track_Frame,STUCGUFED,NISAR_SSAR_W,5090,129.2252859,W,41.49623871,247,F,Left,"[[""126.4523488"", ""-83.30703595""], [""145.2645219"", ""-84.50447296""], [""134.4291584"", ""-86.26163129""], [""112.7235463"", ""-84.67102068""], [""126.4523488"", ""-83.30703595""]]",-84.80123371,1.4.00,ISRO,Copernicus GLO-30,23,2026199065436,5088,SSAR,"[[""127.8114629"", ""-86.85533237""], [""109.1498323"", ""-84.1265336""], [""129.9130047"", ""-82.76935648""], [""151.8554429"", ""-84.73537896""], [""127.8114629"", ""-86.85533237""]]",SAT_SEN_MODE,J,Y,2026-07-21 12:20:03,2026199065440_145_131,145,18-JUL-2026
NISAR_S2_PR_GUNW_023_145_D_130_025_3700_SH_20260624T065843_20260624T065918_20260718T065841_20260718T065916_P00500_M_F_I_001,NISAR_S2_PR_GUNW_023_145_D_130_025_3700_SH_20260624T065843_20260624T065918_20260718T065841_20260718T065916_P00500_M_F_I_001,NISAR_SSAR_GUNW,145,D,130,145_D_130,HH,130,2026199065440,NISAR,Descending,True,5.480069544,18-JUL-2026,2026-07-18T06:58:41Z,5.987676706,2026-07-21T12:01:14,NISAR_S2_PR_GUNW_023_145_D_130_025_3700_SH_20260624T065843_20260624T065918_20260718T065841_20260718T065916_P00500_M_F_I_001,ObsId_Track_Frame,STUCGUFED,NISAR_SSAR_W,5090,138.6834636,W,41.48057938,247,F,Left,"[[""134.9901608"", ""-81.77757365""], [""150.695248"", ""-82.73552336""], [""144.5400144"", ""-84.67608776""], [""125.4074623"", ""-83.44933207""], [""134.9901608"", ""-81.77757365""]]",-83.25559192,1.4.00,ISRO,Copernicus GLO-30,23,2026199065436,5088,SSAR,"[[""141.6696198"", ""-85.3225703""], [""121.5012942"", ""-82.98253573""], [""137.1932346"", ""-81.20098937""], [""155.8308643"", ""-82.91964754""], [""141.6696198"", ""-85.3225703""]]",SAT_SEN_MODE,J,Y,2026-07-21 12:14:04,2026199065440_145_130,145,18-JUL-2026
NISAR_S2_PR_GUNW_023_145_D_129_025_3700_SH_20260624T065813_20260624T065846_20260718T065812_20260718T065845_P00500_M_F_I_001,NISAR_S2_PR_GUNW_023_145_D_129_025_3700_SH_20260624T065813_20260624T065846_20260718T065812_20260718T065845_P00500_M_F_I_001,NISAR_SSAR_GUNW,145,D,129,145_D_129,HH,129,2026199065440,NISAR,Descending,True,5.480827511,18-JUL-2026,2026-07-18T06:58:12Z,5.988724329,2026-07-21T11:53:32,NISAR_S2_PR_GUNW_023_145_D_129_025_3700_SH_20260624T065813_20260624T065846_20260718T065812_20260718T065845_P00500_M_F_I_001,ObsId_Track_Frame,STUCGUFED,NISAR_SSAR_W,5090,144.5946061,W,41.43255997,247,F,Left,"[[""140.5441019"", ""-80.24776446""], [""153.8574732"", ""-81.05227885""], [""150.2734908"", ""-82.9124002""], [""134.3153203"", ""-81.93755159""], [""140.5441019"", ""-80.24776446""]]",-81.61667375,1.4.00,ISRO,Copernicus GLO-30,23,2026199065436,5088,SSAR,"[[""148.8946728"", ""-83.56729932""], [""130.8259254"", ""-81.58129783""], [""142.0093843"", ""-79.65965825""], [""157.84694"", ""-81.19479781""], [""148.8946728"", ""-83.56729932""]]",SAT_SEN_MODE,J,Y,2026-07-21 12:04:13,2026199065440_145_129,145,18-JUL-2026
NISAR_S2_PR_GUNW_023_103_D_125_025_3700_SH_20260621T090043_20260621T090122_20260715T090041_20260715T090120_P00500_M_F_I_001,NISAR_S2_PR_GUNW_023_103_D_125_025_3700_SH_20260621T090043_20260621T090122_20260715T090041_20260715T090120_P00500_M_F_I_001,NISAR_SSAR_GUNW,103,D,125,103_D_125,HH,125,2026196085848,NISAR,Descending,True,5.486849169,15-JUL-2026,2026-07-15T09:00:41Z,5.986628425,2026-07-17T23:34:50,NISAR_S2_PR_GUNW_023_103_D_125_025_3700_SH_20260621T090043_20260621T090122_20260715T090041_20260715T090120_P00500_M_F_I_001,ObsId_Track_Frame,STUCGUFED,NISAR_SSAR_W,5048,125.1317963,W,41.46238708,247,F,Left,"[[""122.3285956"", ""-72.33761891""], [""129.8447488"", ""-72.83293311""], [""128.4966079"", ""-75.11475228""], [""119.9354113"", ""-74.56936246""], [""122.3285956"", ""-72.33761891""]]",-73.74972701,1.4.00,ISRO,Copernicus GLO-30,23,2026196085836,5046,SSAR,"[[""123.3853866"", ""-76.238997""], [""116.6250677"", ""-73.14269069""], [""126.4917397"", ""-71.28573013""], [""134.1996454"", ""-73.99884544""], [""123.3853866"", ""-76.238997""]]",SAT_SEN_MODE,J,Y,2026-07-18 00:11:10,2026196085848_103_125,103,15-JUL-2026
NISAR_S2_PR_GUNW_023_102_D_128_025_3700_SH_20260621T072237_20260621T072315_20260715T072236_20260715T072313_P00500_M_F_I_001,NISAR_S2_PR_GUNW_023_102_D_128_025_3700_SH_20260621T072237_20260621T072315_20260715T072236_20260715T072313_P00500_M_F_I_001,NISAR_SSAR_GUNW,102,D,128,102_D_128,HH,128,2026196071924,NISAR,Descending,True,5.482419344,15-JUL-2026,2026-07-15T07:22:36Z,5.989896508,2026-07-17T23:33:49,NISAR_S2_PR_GUNW_023_102_D_128_025_3700_SH_20260621T072237_20260621T072315_20260715T072236_20260715T072313_P00500_M_F_I_001,ObsId_Track_Frame,STUCGUFED,NISAR_SSAR_W,5048,142.5004709,W,41.45338821,247,F,Left,"[[""138.9338153"", ""-78.38852222""], [""150.2091236"", ""-79.07423264""], [""147.3100836"", ""-81.23143752""], [""133.7763"", ""-80.41260919""], [""138.9338153"", ""-78.38852222""]]",-79.84268175,1.4.00,ISRO,Copernicus GLO-30,23,2026196071920,5045,SSAR,"[[""145.0510328"", ""-82.06504427""], [""129.7960178"", ""-79.84836622""], [""140.9387934"", ""-77.63741545""], [""154.7097488"", ""-79.37284466""], [""145.0510328"", ""-82.06504427""]]",SAT_SEN_MODE,J,Y,2026-07-17 23:47:14,2026196071924_102_128,102,15-JUL-2026
NISAR_S2_PR_GUNW_023_089_D_125_025_3700_SH_20260620T094220_20260620T094259_20260714T094218_20260714T094258_P00500_M_F_I_001,NISAR_S2_PR_GUNW_023_089_D_125_025_3700_SH_20260620T094220_20260620T094259_20260714T094218_20260714T094258_P00500_M_F_I_001,NISAR_SSAR_GUNW,89,D,125,089_D_125,HH,125,2026195094024,NISAR,Descending,True,5.486981112,14-JUL-2026,2026-07-14T09:42:18Z,5.990236548,2026-07-19T17:34:45,NISAR_S2_PR_GUNW_023_089_D_125_025_3700_SH_20260620T094220_20260620T094259_20260714T094218_20260714T094258_P00500_M_F_I_001,ObsId_Track_Frame,STUCGUFED,NISAR_SSAR_W,5033,114.7241508,W,41.36815262,247,F,Left,"[[""111.9243546"", ""-72.33700322""], [""119.4166668"", ""-72.83121807""], [""118.0694334"", ""-75.11316822""], [""109.5372999"", ""-74.56929454""], [""111.9243546"", ""-72.33700322""]]",-73.74660795,1.4.00,ISRO,Copernicus GLO-30,23,2026195094020,5032,SSAR,"[[""111.1310487"", ""-76.07769041""], [""106.8602986"", ""-72.73959772""], [""117.4794605"", ""-71.40286252""], [""123.5555549"", ""-74.43546456""], [""111.1310487"", ""-76.07769041""]]",SAT_SEN_MODE,J,Y,2026-07-19 17:50:23,2026195094024_89_125,89,14-JUL-2026
NISAR_S2_PR_GUNW_023_074_D_128_025_3700_SH_20260619T084551_20260619T084629_20260713T084550_20260713T084628_P00500_M_F_I_001,NISAR_S2_PR_GUNW_023_074_D_128_025_3700_SH_20260619T084551_20260619T084629_20260713T084550_20260713T084628_P00500_M_F_I_001,NISAR_SSAR_GUNW,74,D,128,074_D_128,HH,128,2026194084156,NISAR,Descending,True,5.482580026,13-JUL-2026,2026-07-13T08:45:50Z,5.986747161,2026-07-19T16:11:11,NISAR_S2_PR_GUNW_023_074_D_128_025_3700_SH_20260619T084551_20260619T084629_20260713T084550_20260713T084628_P00500_M_F_I_001,ObsId_Track_Frame,STUCGUFED,NISAR_SSAR_W,5019,121.7025007,W,41.42505264,247,F,Left,"[[""118.1247233"", ""-78.3880731""], [""129.4115213"", ""-79.07422911""], [""126.5257506"", ""-81.2312665""], [""112.9685124"", ""-80.4115346""], [""118.1247233"", ""-78.3880731""]]",-79.83843966,1.4.00,ISRO,Copernicus GLO-30,23,2026194084152,5017,SSAR,"[[""117.6562674"", ""-82.23079133""], [""109.1210278"", ""-79.00713128""], [""124.2665148"", ""-77.44352538""], [""135.8413271"", ""-80.13082798""], [""117.6562674"", ""-82.23079133""]]",SAT_SEN_MODE,J,Y,2026-07-19 16:28:03,2026194084156_74_128,74,13-JUL-2026
NISAR_S2_PR_GUNW_023_074_D_127_025_3700_SH_20260619T084515_20260619T084555_20260713T084514_20260713T084553_P00500_M_F_I_001,NISAR_S2_PR_GUNW_023_074_D_127_025_3700_SH_20260619T084515_20260619T084555_20260713T084514_20260713T084553_P00500_M_F_I_001,NISAR_SSAR_GUNW,74,D,127,074_D_127,HH,127,2026194084156,NISAR,Descending,True,5.483793252,13-JUL-2026,2026-07-13T08:45:14Z,5.986754565,2026-07-19T16:10:06,NISAR_S2_PR_GUNW_023_074_D_127_025_3700_SH_20260619T084515_20260619T084555_20260713T084514_20260713T084553_P00500_M_F_I_001,ObsId_Track_Frame,STUCGUFED,NISAR_SSAR_W,5019,124.954394,W,41.46183014,247,F,Left,"[[""121.6810987"", ""-76.38583827""], [""131.3497438"", ""-76.98539668""], [""129.1697252"", ""-79.25419501""], [""117.7324046"", ""-78.55815511""], [""121.6810987"", ""-76.38583827""]]",-77.84750976,1.4.00,ISRO,Copernicus GLO-30,23,2026194084152,5017,SSAR,"[[""122.4411631"", ""-80.32491234""], [""113.821809"", ""-77.17228236""], [""126.6734676"", ""-75.38652691""], [""136.9918991"", ""-78.04376892""], [""122.4411631"", ""-80.32491234""]]",SAT_SEN_MODE,J,Y,2026-07-19 16:27:06,2026194084156_74_127,74,13-JUL-2026
NISAR_S2_PR_GUNW_023_074_D_126_025_3700_SH_20260619T084440_20260619T084518_20260713T084439_20260713T084517_P00500_M_F_I_001,NISAR_S2_PR_GUNW_023_074_D_126_025_3700_SH_20260619T084440_20260619T084518_20260713T084439_20260713T084517_P00500_M_F_I_001,NISAR_SSAR_GUNW,74,D,126,074_D_126,HH,126,2026194084156,NISAR,Descending,True,5.485357152,13-JUL-2026,2026-07-13T08:44:39Z,5.9862895,2026-07-19T16:03:38,NISAR_S2_PR_GUNW_023_074_D_126_025_3700_SH_20260619T084440_20260619T084518_20260713T084439_20260713T084517_P00500_M_F_I_001,ObsId_Track_Frame,STUCGUFED,NISAR_SSAR_W,5019,127.3961983,W,41.44682693,247,F,Left,"[[""124.3433931"", ""-74.39332939""], [""132.8052201"", ""-74.93249736""], [""131.1646309"", ""-77.16652378""], [""121.3796808"", ""-76.55956335""], [""124.3433931"", ""-74.39332939""]]",-75.80666471,1.4.00,ISRO,Copernicus GLO-30,23,2026194084152,5017,SSAR,"[[""125.8754585"", ""-78.27932075""], [""117.7346584"", ""-75.26956123""], [""128.5288669"", ""-73.35808712""], [""137.6034248"", ""-75.93548078""], [""125.8754585"", ""-78.27932075""]]",SAT_SEN_MODE,J,Y,2026-07-19 16:21:04,2026194084156_74_126,74,13-JUL-2026
NISAR_S2_PR_GUNW_023_074_D_125_025_3700_SH_20260619T084404_20260619T084443_20260713T084403_20260713T084442_P00500_M_F_I_001,NISAR_S2_PR_GUNW_023_074_D_125_025_3700_SH_20260619T084404_20260619T084443_20260713T084403_20260713T084442_P00500_M_F_I_001,NISAR_SSAR_GUNW,74,D,125,074_D_125,HH,125,2026194084156,NISAR,Descending,True,5.4867665,13-JUL-2026,2026-07-13T08:44:03Z,5.987070793,2026-07-19T16:12:32,NISAR_S2_PR_GUNW_023_074_D_125_025_3700_SH_20260619T084404_20260619T084443_20260713T084403_20260713T084442_P00500_M_F_I_001,ObsId_Track_Frame,STUCGUFED,NISAR_SSAR_W,5019,129.2933762,W,41.44968033,247,F,Left,"[[""126.4944608"", ""-72.33783311""], [""134.0056121"", ""-72.83275425""], [""132.6574794"", ""-75.11459214""], [""124.1008045"", ""-74.56954662""], [""126.4944608"", ""-72.33783311""]]",-73.75063454,1.4.00,ISRO,Copernicus GLO-30,23,2026194084152,5017,SSAR,"[[""128.3378529"", ""-76.25058306""], [""120.6614683"", ""-73.31256819""], [""130.0604347"", ""-71.27827126""], [""138.2831876"", ""-73.82244675""], [""128.3378529"", ""-76.25058306""]]",SAT_SEN_MODE,J,Y,2026-07-19 16:30:15,2026194084156_74_125,74,13-JUL-2026
NISAR_S2_PR_GUNW_023_060_D_125_025_3700_SH_20260618T092541_20260618T092620_20260712T092540_20260712T092619_P00500_M_F_I_001,NISAR_S2_PR_GUNW_023_060_D_125_025_3700_SH_20260618T092541_20260618T092620_20260712T092540_20260712T092619_P00500_M_F_I_001,NISAR_SSAR_GUNW,60,D,125,060_D_125,HH,125,2026193092348,NISAR,Descending,True,5.487089846,12-JUL-2026,2026-07-12T09:25:40Z,5.986887831,2026-07-19T12:54:07,NISAR_S2_PR_GUNW_023_060_D_125_025_3700_SH_20260618T092541_20260618T092620_20260712T092540_20260712T092619_P00500_M_F_I_001,ObsId_Track_Frame,STUCGUFED,NISAR_SSAR_W,5005,118.8970175,W,41.44369507,247,F,Left,"[[""116.088975"", ""-72.33696242""], [""123.6042111"", ""-72.83211087""], [""122.2604881"", ""-75.11412064""], [""113.6993807"", ""-74.56900581""], [""116.088975"", ""-72.33696242""]]",-73.74801508,1.4.00,ISRO,Copernicus GLO-30,23,2026193092336,5003,SSAR,"[[""116.0033458"", ""-76.15946837""], [""110.7211028"", ""-72.89254739""], [""121.0986838"", ""-71.33911848""], [""127.8770868"", ""-74.26222412""], [""116.0033458"", ""-76.15946837""]]",SAT_SEN_MODE,J,Y,2026-07-19 13:10:05,2026193092348_60_125,60,12-JUL-2026
NISAR_S2_PR_GUNW_026_003_D_122_028_3700_SH_20260720T103027_20260720T103106_20260813T103026_20260813T103105_P00500_M_F_I_001,NISAR_S2_PR_GUNW_026_003_D_122_028_3700_SH_20260720T103027_20260720T103106_20260813T103026_20260813T103105_P00500_M_F_I_001,NISAR_SSAR_GUNW,3,D,122,003_D_122,HH,122,2026225103012,NISAR,Descending,True,5.491769271,13-AUG-2026,2026-08-13T10:30:26Z,5.992577081,2026-08-16T04:49:23,NISAR_S2_PR_GUNW_026_003_D_122_028_3700_SH_20260720T103027_20260720T103106_20260813T103026_20260813T103105_P00500_M_F_I_001,ObsId_Track_Frame,STUCGUFED,NISAR_SSAR_W,5466,103.2723048,W,34.16326141,247,F,Left,"[[""103.9212445"", ""-66.13098381""], [""103.9203674"", ""-66.13094158""], [""102.5534538"", ""-68.39718008""], [""102.5543738"", ""-68.39722343""], [""103.9212445"", ""-66.13098381""]]",-67.26348158,1.4.00,ISRO,Copernicus GLO-30,26,2026225103008,5465,SSAR,"[[""102.8360635"", ""-69.56960212""], [""100.9910583"", ""-66.2791522""], [""109.0023104"", ""-65.3982992""], [""111.9995516"", ""-68.5388122""], [""102.8360635"", ""-69.56960212""]]",SAT_SEN_MODE,J,Y,2026-08-16 05:04:04,2026225103012_3_122,3,13-AUG-2026
NISAR_S2_PR_GUNW_025_147_D_124_027_3700_SH_20260718T101501_20260718T101539_20260811T101500_20260811T101538_P00500_M_F_I_001,NISAR_S2_PR_GUNW_025_147_D_124_027_3700_SH_20260718T101501_20260718T101539_20260811T101500_20260811T101538_P00500_M_F_I_001,NISAR_SSAR_GUNW,147,D,124,147_D_124,HH,124,2026223101336,NISAR,Descending,True,5.488408871,11-AUG-2026,2026-08-11T10:15:00Z,5.994090183,2026-08-14T18:48:09,NISAR_S2_PR_GUNW_025_147_D_124_027_3700_SH_20260718T101501_20260718T101539_20260811T101500_20260811T101538_P00500_M_F_I_001,ObsId_Track_Frame,STUCGUFED,NISAR_SSAR_W,5438,107.9303233,W,41.42356873,247,F,Left,"[[""105.3087406"", ""-70.31421257""], [""112.0757675"", ""-70.77760328""], [""110.9757692"", ""-73.01418576""], [""103.3933101"", ""-72.51440957""], [""105.3087406"", ""-70.31421257""]]",-71.68363036,1.4.00,ISRO,Copernicus GLO-30,25,2026223101324,5436,SSAR,"[[""103.9684779"", ""-73.79786225""], [""101.5330782"", ""-70.4953197""], [""111.1469018"", ""-69.52883403""], [""115.2450161"", ""-72.63347256""], [""103.9684779"", ""-73.79786225""]]",SAT_SEN_MODE,J,Y,2026-08-14 18:59:03,2026223101336_147_124,147,11-AUG-2026
NISAR_S2_PR_GUNW_025_147_D_123_027_3700_SH_20260718T101424_20260718T101504_20260811T101423_20260811T101503_P00500_M_F_I_001,NISAR_S2_PR_GUNW_025_147_D_123_027_3700_SH_20260718T101424_20260718T101504_20260811T101423_20260811T101503_P00500_M_F_I_001,NISAR_SSAR_GUNW,147,D,123,147_D_123,HH,123,2026223101336,NISAR,Descending,True,5.489703168,11-AUG-2026,2026-08-11T10:14:23Z,5.992156283,2026-08-14T18:33:35,NISAR_S2_PR_GUNW_025_147_D_123_027_3700_SH_20260718T101424_20260718T101504_20260811T101423_20260811T101503_P00500_M_F_I_001,ObsId_Track_Frame,STUCGUFED,NISAR_SSAR_W,5438,109.2290511,W,41.33974075,247,F,Left,"[[""106.8189683"", ""-68.21427873""], [""112.9579386"", ""-68.65203112""], [""111.993615"", ""-70.96198609""], [""105.1676233"", ""-70.49618696""], [""106.8189683"", ""-68.21427873""]]",-69.60549949,1.4.00,ISRO,Copernicus GLO-30,25,2026223101324,5436,SSAR,"[[""105.8175355"", ""-71.79356761""], [""103.2674456"", ""-68.44717854""], [""112.0354948"", ""-67.3953841""], [""115.9338374"", ""-70.54409481""], [""105.8175355"", ""-71.79356761""]]",SAT_SEN_MODE,J,Y,2026-08-14 18:47:41,2026223101336_147_123,147,11-AUG-2026
NISAR_S2_PR_GUNW_025_147_D_122_027_3700_SH_20260718T101348_20260718T101427_20260811T101347_20260811T101426_P00500_M_F_I_001,NISAR_S2_PR_GUNW_025_147_D_122_027_3700_SH_20260718T101348_20260718T101427_20260811T101347_20260811T101426_P00500_M_F_I_001,NISAR_SSAR_GUNW,147,D,122,147_D_122,HH,122,2026223101336,NISAR,Descending,True,5.490527977,11-AUG-2026,2026-08-11T10:13:47Z,5.992906197,2026-08-14T21:34:47,NISAR_S2_PR_GUNW_025_147_D_122_027_3700_SH_20260718T101348_20260718T101427_20260811T101347_20260811T101426_P00500_M_F_I_001,ObsId_Track_Frame,STUCGUFED,NISAR_SSAR_W,5438,110.3702628,W,41.37324524,247,F,Left,"[[""108.0872222"", ""-66.13241043""], [""113.7452091"", ""-66.55316552""], [""112.905371"", ""-68.83724252""], [""106.7357832"", ""-68.40003426""], [""108.0872222"", ""-66.13241043""]]",-67.49792299,1.4.00,ISRO,Copernicus GLO-30,25,2026223101324,5436,SSAR,"[[""107.3926835"", ""-69.70044194""], [""104.844528"", ""-66.40044576""], [""112.8131007"", ""-65.28539144""], [""116.4329619"", ""-68.3962406""], [""107.3926835"", ""-69.70044194""]]",SAT_SEN_MODE,J,Y,2026-08-14 21:51:26,2026223101336_147_122,147,11-AUG-2026
NISAR_S2_PR_GUNW_025_089_D_124_026_3700_SH_20260714T094143_20260714T094222_20260726T094143_20260726T094221_P00500_M_F_I_001,NISAR_S2_PR_GUNW_025_089_D_124_026_3700_SH_20260714T094143_20260714T094222_20260726T094143_20260726T094221_P00500_M_F_I_001,NISAR_SSAR_GUNW,89,D,124,089_D_124,HH,124,2026207094024,NISAR,Descending,True,5.572900653,26-JUL-2026,2026-07-26T09:41:43Z,5.991575714,2026-07-28T03:59:12,NISAR_S2_PR_GUNW_025_089_D_124_026_3700_SH_20260714T094143_20260714T094222_20260726T094143_20260726T094221_P00500_M_F_I_001,ObsId_Track_Frame,STUCGUFED,NISAR_SSAR_W,5206,112.7418145,W,34.09597397,247,F,Left,"[[""113.6396384"", ""-70.31554349""], [""113.6386281"", ""-70.31549414""], [""111.7289423"", ""-72.51611821""], [""111.730053"", ""-72.516174""], [""113.6396384"", ""-70.31554349""]]",-71.41669548,1.4.00,ISRO,Copernicus GLO-30,25,2026207094020,5205,SSAR,"[[""113.3846353"", ""-74.02201668""], [""109.1958782"", ""-70.7669828""], [""118.566902"", ""-69.34751909""], [""124.068369"", ""-72.32081693""], [""113.3846353"", ""-74.02201668""]]",SAT_SEN_MODE,J,Y,2026-07-28 04:10:05,2026207094024_89_124,89,26-JUL-2026
NISAR_S2_PR_GUNW_025_061_D_122_026_3700_SH_20260712T110345_20260712T110424_20260724T110345_20260724T110424_P00500_M_F_I_001,NISAR_S2_PR_GUNW_025_061_D_122_026_3700_SH_20260712T110345_20260712T110424_20260724T110345_20260724T110424_P00500_M_F_I_001,NISAR_SSAR_GUNW,61,D,122,061_D_122,HH,122,2026205110316,NISAR,Descending,True,5.49135735,24-JUL-2026,2026-07-24T11:03:45Z,5.987242502,2026-07-26T03:21:46,NISAR_S2_PR_GUNW_025_061_D_122_026_3700_SH_20260712T110345_20260712T110424_20260724T110345_20260724T110424_P00500_M_F_I_001,ObsId_Track_Frame,STUCGUFED,NISAR_SSAR_W,5178,94.98543988,W,34.22160339,247,F,Left,"[[""95.62722203"", ""-66.13351987""], [""95.62609755"", ""-66.13345457""], [""94.27446395"", ""-68.40093128""], [""94.27567061"", ""-68.40100037""], [""95.62722203"", ""-66.13351987""]]",-67.26658991,1.4.00,ISRO,Copernicus GLO-30,25,2026205110312,5177,SSAR,"[[""93.9526652"", ""-69.26333161""], [""93.41518859"", ""-66.08899783""], [""101.2405416"", ""-65.67670749""], [""102.9588011"", ""-68.78262169""], [""93.9526652"", ""-69.26333161""]]",SAT_SEN_MODE,J,Y,2026-07-26 03:33:07,2026205110316_61_122,61,24-JUL-2026
NISAR_S2_PR_GUNW_024_032_D_124_026_3700_SH_20260628T104820_20260628T104858_20260722T104818_20260722T104857_P00500_M_F_I_001,NISAR_S2_PR_GUNW_024_032_D_124_026_3700_SH_20260628T104820_20260628T104858_20260722T104818_20260722T104857_P00500_M_F_I_001,NISAR_SSAR_GUNW,32,D,124,032_D_124,HH,124,2026203104636,NISAR,Descending,True,5.48797328,22-JUL-2026,2026-07-22T10:48:18Z,5.955840906,2026-07-24T01:52:09,NISAR_S2_PR_GUNW_024_032_D_124_026_3700_SH_20260628T104820_20260628T104858_20260722T104818_20260722T104857_P00500_M_F_I_001,ObsId_Track_Frame,STUCGUFED,NISAR_SSAR_W,5149,99.81715168,W,41.73466492,247,F,Left,"[[""97.33871343"", ""-70.3446471""], [""103.7665451"", ""-70.77769279""], [""102.6697964"", ""-73.01435419""], [""95.47459282"", ""-72.54848021""], [""97.33871343"", ""-70.3446471""]]",-71.69591548,1.4.00,ISRO,Copernicus GLO-30,24,2026203104632,5148,SSAR,"[[""94.85288147"", ""-73.50405829""], [""94.05025574"", ""-70.29877183""], [""103.5760463"", ""-69.79319079""], [""106.1482388"", ""-72.89664609""], [""94.85288147"", ""-73.50405829""]]",SAT_SEN_MODE,J,Y,2026-07-24 02:05:03,2026203104636_32_124,32,22-JUL-2026
NISAR_S2_PR_GUNW_024_032_D_122_026_3700_SH_20260628T104707_20260628T104746_20260722T104706_20260722T104745_P00500_M_F_I_001,NISAR_S2_PR_GUNW_024_032_D_122_026_3700_SH_20260628T104707_20260628T104746_20260722T104706_20260722T104745_P00500_M_F_I_001,NISAR_SSAR_GUNW,32,D,122,032_D_122,HH,122,2026203104636,NISAR,Descending,True,5.578936749,22-JUL-2026,2026-07-22T10:47:06Z,5.957089327,2026-07-24T02:51:23,NISAR_S2_PR_GUNW_024_032_D_122_026_3700_SH_20260628T104707_20260628T104746_20260722T104706_20260722T104745_P00500_M_F_I_001,ObsId_Track_Frame,STUCGUFED,NISAR_SSAR_W,5149,102.1961205,W,41.67626953,247,F,Left,"[[""100.0512362"", ""-66.15822063""], [""105.4035541"", ""-66.55125414""], [""104.5724944"", ""-68.83581415""], [""98.72058972"", ""-68.42676593""], [""100.0512362"", ""-66.15822063""]]",-67.50920761,1.4.00,ISRO,Copernicus GLO-30,24,2026203104632,5148,SSAR,"[[""98.35738337"", ""-69.42520287""], [""97.18544669"", ""-66.17711497""], [""105.1451513"", ""-65.53271248""], [""107.5052476"", ""-68.6718941""], [""98.35738337"", ""-69.42520287""]]",SAT_SEN_MODE,J,Y,2026-07-24 03:02:32,2026203104636_32_122,32,22-JUL-2026
NISAR_S2_PR_GUNW_025_003_D_124_026_3700_SH_20260708T103140_20260708T103219_20260720T103140_20260720T103218_P00500_M_F_I_001,NISAR_S2_PR_GUNW_025_003_D_124_026_3700_SH_20260708T103140_20260708T103219_20260720T103140_20260720T103218_P00500_M_F_I_001,NISAR_SSAR_GUNW,3,D,124,003_D_124,HH,124,2026201103012,NISAR,Descending,True,5.488957557,20-JUL-2026,2026-07-20T10:31:40Z,5.994039224,2026-07-22T05:56:02,NISAR_S2_PR_GUNW_025_003_D_124_026_3700_SH_20260708T103140_20260708T103219_20260720T103140_20260720T103218_P00500_M_F_I_001,ObsId_Track_Frame,STUCGUFED,NISAR_SSAR_W,5119,103.765284,W,41.37454224,247,F,Left,"[[""101.1423096"", ""-70.31299085""], [""107.8975094"", ""-70.77601519""], [""106.794206"", ""-73.01249033""], [""99.23730324"", ""-72.5140905""], [""101.1423096"", ""-70.31299085""]]",-71.68142264,1.4.00,ISRO,Copernicus GLO-30,25,2026201103008,5119,SSAR,"[[""99.36744917"", ""-73.65922887""], [""97.7720762"", ""-70.38928873""], [""107.389287"", ""-69.65365814""], [""110.7327491"", ""-72.77337597""], [""99.36744917"", ""-73.65922887""]]",SAT_SEN_MODE,J,Y,2026-07-22 06:10:04,2026201103012_3_124,3,20-JUL-2026
NISAR_S2_PR_GUNW_025_003_D_122_026_3700_SH_20260708T103028_20260708T103107_20260720T103027_20260720T103106_P00500_M_F_I_001,NISAR_S2_PR_GUNW_025_003_D_122_026_3700_SH_20260708T103028_20260708T103107_20260720T103027_20260720T103106_P00500_M_F_I_001,NISAR_SSAR_GUNW,3,D,122,003_D_122,HH,122,2026201103012,NISAR,Descending,True,5.491856732,20-JUL-2026,2026-07-20T10:30:27Z,5.990970197,2026-07-22T06:31:44,NISAR_S2_PR_GUNW_025_003_D_122_026_3700_SH_20260708T103028_20260708T103107_20260720T103027_20260720T103106_P00500_M_F_I_001,ObsId_Track_Frame,STUCGUFED,NISAR_SSAR_W,5119,103.2724512,W,34.16575623,247,F,Left,"[[""103.9213876"", ""-66.13102615""], [""103.9205105"", ""-66.13098392""], [""102.5536045"", ""-68.39722186""], [""102.5545179"", ""-68.39726461""], [""103.9213876"", ""-66.13102615""]]",-67.26352309,1.4.00,ISRO,Copernicus GLO-30,25,2026201103008,5119,SSAR,"[[""102.8360635"", ""-69.56960212""], [""100.9910583"", ""-66.2791522""], [""109.0023104"", ""-65.3982992""], [""111.9995516"", ""-68.5388122""], [""102.8360635"", ""-69.56960212""]]",SAT_SEN_MODE,J,Y,2026-07-22 06:50:08,2026201103012_3_122,3,20-JUL-2026
NISAR_S2_PR_GUNW_023_147_D_124_025_3700_SH_20260624T101502_20260624T101540_20260718T101501_20260718T101539_P00500_M_F_I_001,NISAR_S2_PR_GUNW_023_147_D_124_025_3700_SH_20260624T101502_20260624T101540_20260718T101501_20260718T101539_P00500_M_F_I_001,NISAR_SSAR_GUNW,147,D,124,147_D_124,HH,124,2026199101336,NISAR,Descending,True,5.488358897,18-JUL-2026,2026-07-18T10:15:01Z,5.991120715,2026-07-21T02:23:38,NISAR_S2_PR_GUNW_023_147_D_124_025_3700_SH_20260624T101502_20260624T101540_20260718T101501_20260718T101539_P00500_M_F_I_001,ObsId_Track_Frame,STUCGUFED,NISAR_SSAR_W,5092,107.943437,W,41.42475891,247,F,Left,"[[""105.3193946"", ""-70.31514159""], [""112.0899994"", ""-70.77829452""], [""110.9916551"", ""-73.01490666""], [""103.4051439"", ""-72.51541594""], [""105.3193946"", ""-70.31514159""]]",-71.68449201,1.4.00,ISRO,Copernicus GLO-30,23,2026199101324,5090,SSAR,"[[""103.9684779"", ""-73.79786225""], [""101.5330782"", ""-70.4953197""], [""111.1469018"", ""-69.52883403""], [""115.2450161"", ""-72.63347256""], [""103.9684779"", ""-73.79786225""]]",SAT_SEN_MODE,J,Y,2026-07-21 02:35:40,2026199101336_147_124,147,18-JUL-2026
NISAR_S2_PR_GUNW_023_147_D_123_025_3700_SH_20260624T101426_20260624T101505_20260718T101424_20260718T101504_P00500_M_F_I_001,NISAR_S2_PR_GUNW_023_147_D_123_025_3700_SH_20260624T101426_20260624T101505_20260718T101424_20260718T101504_P00500_M_F_I_001,NISAR_SSAR_GUNW,147,D,123,147_D_123,HH,123,2026199101336,NISAR,Descending,True,5.489939311,18-JUL-2026,2026-07-18T10:14:24Z,5.989822821,2026-07-21T03:15:08,NISAR_S2_PR_GUNW_023_147_D_123_025_3700_SH_20260624T101426_20260624T101505_20260718T101424_20260718T101504_P00500_M_F_I_001,ObsId_Track_Frame,STUCGUFED,NISAR_SSAR_W,5092,109.2379607,W,41.34085846,247,F,Left,"[[""106.8246339"", ""-68.21466567""], [""112.9693119"", ""-68.65251125""], [""112.0063302"", ""-70.96248783""], [""105.1738646"", ""-70.49660626""], [""106.8246339"", ""-68.21466567""]]",-69.60600181,1.4.00,ISRO,Copernicus GLO-30,23,2026199101324,5090,SSAR,"[[""105.8175355"", ""-71.79356761""], [""103.2674456"", ""-68.44717854""], [""112.0354948"", ""-67.3953841""], [""115.9338374"", ""-70.54409481""], [""105.8175355"", ""-71.79356761""]]",SAT_SEN_MODE,J,Y,2026-07-21 03:54:08,2026199101336_147_123,147,18-JUL-2026
NISAR_S2_PR_GUNW_023_147_D_122_025_3700_SH_20260624T101350_20260624T101429_20260718T101348_20260718T101427_P00500_M_F_I_001,NISAR_S2_PR_GUNW_023_147_D_122_025_3700_SH_20260624T101350_20260624T101429_20260718T101348_20260718T101427_P00500_M_F_I_001,NISAR_SSAR_GUNW,147,D,122,147_D_122,HH,122,2026199101336,NISAR,Descending,True,5.490624715,18-JUL-2026,2026-07-18T10:13:48Z,5.992833982,2026-07-21T04:33:53,NISAR_S2_PR_GUNW_023_147_D_122_025_3700_SH_20260624T101350_20260624T101429_20260718T101348_20260718T101427_P00500_M_F_I_001,ObsId_Track_Frame,STUCGUFED,NISAR_SSAR_W,5092,110.3721365,W,41.37427139,247,F,Left,"[[""108.1014262"", ""-66.13359302""], [""113.7342814"", ""-66.55242981""], [""112.8930759"", ""-68.83647421""], [""106.7511395"", ""-68.40127255""], [""108.1014262"", ""-66.13359302""]]",-67.49792251,1.4.00,ISRO,Copernicus GLO-30,23,2026199101324,5090,SSAR,"[[""107.3926835"", ""-69.70044194""], [""104.844528"", ""-66.40044576""], [""112.8131007"", ""-65.28539144""], [""116.4329619"", ""-68.3962406""], [""107.3926835"", ""-69.70044194""]]",SAT_SEN_MODE,J,Y,2026-07-21 04:50:31,2026199101336_147_122,147,18-JUL-2026
NISAR_S2_PR_GUNW_023_118_D_124_025_3700_SH_20260622T095823_20260622T095902_20260716T095822_20260716T095900_P00500_M_F_I_001,NISAR_S2_PR_GUNW_023_118_D_124_025_3700_SH_20260622T095823_20260622T095902_20260716T095822_20260716T095900_P00500_M_F_I_001,NISAR_SSAR_GUNW,118,D,124,118_D_124,HH,124,2026197095652,NISAR,Descending,True,5.488246544,16-JUL-2026,2026-07-16T09:58:22Z,5.988873947,2026-07-18T09:31:53,NISAR_S2_PR_GUNW_023_118_D_124_025_3700_SH_20260622T095823_20260622T095902_20260716T095822_20260716T095900_P00500_M_F_I_001,ObsId_Track_Frame,STUCGUFED,NISAR_SSAR_W,5062,112.1085552,W,41.39342499,247,F,Left,"[[""109.4969448"", ""-70.3167006""], [""116.2504556"", ""-70.77838855""], [""115.1565522"", ""-73.01517223""], [""107.5790863"", ""-72.51660136""], [""109.4969448"", ""-70.3167006""]]",-71.68615153,1.4.00,ISRO,Copernicus GLO-30,23,2026197095648,5061,SSAR,"[[""108.6353608"", ""-73.92652792""], [""105.3266405"", ""-70.62444025""], [""114.8657176"", ""-69.42855581""], [""119.69417"", ""-72.48767065""], [""108.6353608"", ""-73.92652792""]]",SAT_SEN_MODE,J,Y,2026-07-18 09:52:45,2026197095652_118_124,118,16-JUL-2026
NISAR_S2_PR_GUNW_024_118_D_122_025_3700_SH_20260704T095710_20260704T095749_20260716T095710_20260716T095749_P00500_M_F_I_001,NISAR_S2_PR_GUNW_024_118_D_122_025_3700_SH_20260704T095710_20260704T095749_20260716T095710_20260716T095749_P00500_M_F_I_001,NISAR_SSAR_GUNW,118,D,122,118_D_122,HH,122,2026197095652,NISAR,Descending,True,5.49065554,16-JUL-2026,2026-07-16T09:57:10Z,5.998859411,2026-07-18T10:03:23,NISAR_S2_PR_GUNW_024_118_D_122_025_3700_SH_20260704T095710_20260704T095749_20260716T095710_20260716T095749_P00500_M_F_I_001,ObsId_Track_Frame,STUCGUFED,NISAR_SSAR_W,5062,114.5221746,W,41.33508301,247,F,Left,"[[""112.2723889"", ""-66.13390031""], [""117.8944418"", ""-66.55182953""], [""117.0732491"", ""-68.83685939""], [""110.8850079"", ""-68.39817679""], [""112.2723889"", ""-66.13390031""]]",-67.50202301,1.4.00,ISRO,Copernicus GLO-30,24,2026197095648,5061,SSAR,"[[""111.9881414"", ""-69.81413476""], [""108.7227127"", ""-66.53777693""], [""116.5987546"", ""-65.18949882""], [""120.818824"", ""-68.24038605""], [""111.9881414"", ""-69.81413476""]]",SAT_SEN_MODE,J,Y,2026-07-18 10:23:04,2026197095652_118_122,118,16-JUL-2026
NISAR_S2_PR_GUNW_023_089_D_124_025_3700_SH_20260620T094144_20260620T094223_20260714T094143_20260714T094222_P00500_M_F_I_001,NISAR_S2_PR_GUNW_023_089_D_124_025_3700_SH_20260620T094144_20260620T094223_20260714T094143_20260714T094222_P00500_M_F_I_001,NISAR_SSAR_GUNW,89,D,124,089_D_124,HH,124,2026195094024,NISAR,Descending,True,5.488410153,14-JUL-2026,2026-07-14T09:41:43Z,5.989939713,2026-07-19T17:41:37,NISAR_S2_PR_GUNW_023_089_D_124_025_3700_SH_20260620T094144_20260620T094223_20260714T094143_20260714T094222_P00500_M_F_I_001,ObsId_Track_Frame,STUCGUFED,NISAR_SSAR_W,5033,116.2621733,W,41.41043091,247,F,Left,"[[""113.6407795"", ""-70.31470052""], [""120.4132065"", ""-70.77804651""], [""119.3184057"", ""-73.01475363""], [""111.731335"", ""-72.51532658""], [""113.6407795"", ""-70.31470052""]]",-71.6850114,1.4.00,ISRO,Copernicus GLO-30,23,2026195094020,5032,SSAR,"[[""113.3846353"", ""-74.02201668""], [""109.1958782"", ""-70.7669828""], [""118.566902"", ""-69.34751909""], [""124.068369"", ""-72.32081693""], [""113.3846353"", ""-74.02201668""]]",SAT_SEN_MODE,J,Y,2026-07-19 17:53:37,2026195094024_89_124,89,14-JUL-2026
NISAR_S2_PR_GUNW_024_061_D_122_025_3700_SH_20260630T110346_20260630T110425_20260712T110345_20260712T110424_P00500_M_F_I_001,NISAR_S2_PR_GUNW_024_061_D_122_025_3700_SH_20260630T110346_20260630T110425_20260712T110345_20260712T110424_P00500_M_F_I_001,NISAR_SSAR_GUNW,61,D,122,061_D_122,HH,122,2026193110316,NISAR,Descending,True,5.578548044,12-JUL-2026,2026-07-12T11:03:45Z,5.960065827,2026-07-14T18:11:38,NISAR_S2_PR_GUNW_024_061_D_122_025_3700_SH_20260630T110346_20260630T110425_20260712T110345_20260712T110424_P00500_M_F_I_001,ObsId_Track_Frame,STUCGUFED,NISAR_SSAR_W,5005,98.0257561,W,41.64286804,247,F,Left,"[[""95.8915259"", ""-66.15823323""], [""101.2138178"", ""-66.54952747""], [""100.3778899"", ""-68.83391975""], [""94.56444271"", ""-68.42706134""], [""95.8915259"", ""-66.15823323""]]",-67.50834559,1.4.00,ISRO,Copernicus GLO-30,24,2026193110312,5004,SSAR,"[[""93.9526652"", ""-69.26333161""], [""93.41518859"", ""-66.08899783""], [""101.2405416"", ""-65.67670749""], [""102.9588011"", ""-68.78262169""], [""93.9526652"", ""-69.26333161""]]",SAT_SEN_MODE,J,Y,2026-07-14 18:32:15,2026193110316_61_122,61,12-JUL-2026
NISAR_S2_PR_GUNW_024_003_D_124_025_3700_SH_20260626T103141_20260626T103219_20260708T103140_20260708T103219_P00500_M_F_I_001,NISAR_S2_PR_GUNW_024_003_D_124_025_3700_SH_20260626T103141_20260626T103219_20260708T103140_20260708T103219_P00500_M_F_I_001,NISAR_SSAR_GUNW,3,D,124,003_D_124,HH,124,2026189103012,NISAR,Descending,True,5.488640975,08-JUL-2026,2026-07-08T10:31:40Z,5.989226345,2026-07-18T17:41:09,NISAR_S2_PR_GUNW_024_003_D_124_025_3700_SH_20260626T103141_20260626T103219_20260708T103140_20260708T103219_P00500_M_F_I_001,ObsId_Track_Frame,STUCGUFED,NISAR_SSAR_W,4948,103.790488,W,41.39023209,247,F,Left,"[[""101.1576022"", ""-70.31528545""], [""107.930359"", ""-70.77852454""], [""106.8311167"", ""-73.01509614""], [""99.25414308"", ""-72.51649837""], [""101.1576022"", ""-70.31528545""]]",-71.68403843,1.4.00,ISRO,Copernicus GLO-30,24,2026189103008,4946,SSAR,"[[""99.36744917"", ""-73.65922887""], [""97.7720762"", ""-70.38928873""], [""107.389287"", ""-69.65365814""], [""110.7327491"", ""-72.77337597""], [""99.36744917"", ""-73.65922887""]]",SAT_SEN_MODE,J,Y,2026-07-18 17:58:25,2026189103012_3_124,3,08-JUL-2026
NISAR_S2_PR_GUNW_024_003_D_122_025_3700_SH_20260626T103029_20260626T103108_20260708T103028_20260708T103107_P00500_M_F_I_001,NISAR_S2_PR_GUNW_024_003_D_122_025_3700_SH_20260626T103029_20260626T103108_20260708T103028_20260708T103107_P00500_M_F_I_001,NISAR_SSAR_GUNW,3,D,122,003_D_122,HH,122,2026189103012,NISAR,Descending,True,5.491337508,08-JUL-2026,2026-07-08T10:30:28Z,5.989761972,2026-07-18T18:04:48,NISAR_S2_PR_GUNW_024_003_D_122_025_3700_SH_20260626T103029_20260626T103108_20260708T103028_20260708T103107_P00500_M_F_I_001,ObsId_Track_Frame,STUCGUFED,NISAR_SSAR_W,4948,106.1953079,W,41.33393097,247,F,Left,"[[""103.9342484"", ""-66.13246583""], [""109.5502122"", ""-66.55061249""], [""108.7364725"", ""-68.83613218""], [""102.5682057"", ""-68.39874549""], [""103.9342484"", ""-66.13246583""]]",-67.49958474,1.4.00,ISRO,Copernicus GLO-30,24,2026189103008,4946,SSAR,"[[""102.8360635"", ""-69.56960212""], [""100.9910583"", ""-66.2791522""], [""109.0023104"", ""-65.3982992""], [""111.9995516"", ""-68.5388122""], [""102.8360635"", ""-69.56960212""]]",SAT_SEN_MODE,J,Y,2026-07-18 18:16:04,2026189103012_3_122,3,08-JUL-2026
NISAR_S2_PR_GUNW_026_003_D_121_028_3700_SH_20260720T103009_20260720T103030_20260813T103008_20260813T103029_P00500_M_P_I_001,NISAR_S2_PR_GUNW_026_003_D_121_028_3700_SH_20260720T103009_20260720T103030_20260813T103008_20260813T103029_P00500_M_P_I_001,NISAR_SSAR_GUNW,3,D,121,003_D_121,HH,121,2026225103012,NISAR,Descending,True,5.491804669,13-AUG-2026,2026-08-13T10:30:08Z,5.994887127,2026-08-16T01:54:27,NISAR_S2_PR_GUNW_026_003_D_121_028_3700_SH_20260720T103009_20260720T103030_20260813T103008_20260813T103029_P00500_M_P_I_001,ObsId_Track_Frame,STUCGUFED,NISAR_SSAR_W,5466,106.9570508,W,41.38288879,247,P,Left,"[[""104.5381392"", ""-65.06696745""], [""109.9599306"", ""-65.47863305""], [""109.5242544"", ""-66.73629952""], [""103.8601123"", ""-66.31747528""], [""104.5381392"", ""-65.06696745""]]",-65.92068737,1.4.00,ISRO,Copernicus GLO-30,26,2026225103008,5465,SSAR,"[[""104.1979699"", ""-67.50611189""], [""102.3165147"", ""-64.23730039""], [""109.6679238"", ""-63.30359878""], [""112.4976576"", ""-66.42609222""], [""104.1979699"", ""-67.50611189""]]",SAT_SEN_MODE,J,Y,2026-08-16 02:05:04,2026225103012_3_121,3,13-AUG-2026
NISAR_S2_PR_GUNW_025_147_D_121_027_3700_SH_20260718T101333_20260718T101352_20260811T101332_20260811T101351_P00500_M_P_I_001,NISAR_S2_PR_GUNW_025_147_D_121_027_3700_SH_20260718T101333_20260718T101352_20260811T101332_20260811T101351_P00500_M_P_I_001,NISAR_SSAR_GUNW,147,D,121,147_D_121,HH,121,2026223101336,NISAR,Descending,True,5.491889215,11-AUG-2026,2026-08-11T10:13:32Z,5.994736082,2026-08-14T17:07:37,NISAR_S2_PR_GUNW_025_147_D_121_027_3700_SH_20260718T101333_20260718T101352_20260811T101332_20260811T101351_P00500_M_P_I_001,ObsId_Track_Frame,STUCGUFED,NISAR_SSAR_W,5438,111.0530171,W,41.37928772,247,P,Left,"[[""108.5908872"", ""-65.26561963""], [""114.0392035"", ""-65.67790978""], [""113.6909913"", ""-66.73705072""], [""107.9922211"", ""-66.31523791""], [""108.5908872"", ""-65.26561963""]]",-66.0246156,1.4.00,ISRO,Copernicus GLO-30,25,2026223101324,5436,SSAR,"[[""108.705335"", ""-67.63046526""], [""106.1855948"", ""-64.36424395""], [""113.5018946"", ""-63.19452111""], [""116.896849"", ""-66.27871433""], [""108.705335"", ""-67.63046526""]]",SAT_SEN_MODE,J,Y,2026-08-14 17:17:55,2026223101336_147_121,147,11-AUG-2026
NISAR_S2_PR_GUNW_025_132_D_122_027_3700_SH_20260717T091532_20260717T091612_20260810T091531_20260810T091611_P00500_M_F_I_001,NISAR_S2_PR_GUNW_025_132_D_122_027_3700_SH_20260717T091532_20260717T091612_20260810T091531_20260810T091611_P00500_M_F_I_001,NISAR_SSAR_GUNW,132,D,122,132_D_122,HH,122,2026222091528,NISAR,Descending,True,5.577036318,10-AUG-2026,2026-08-10T09:15:31Z,5.98905613,2026-08-12T02:54:53,NISAR_S2_PR_GUNW_025_132_D_122_027_3700_SH_20260717T091532_20260717T091612_20260810T091531_20260810T091611_P00500_M_F_I_001,ObsId_Track_Frame,STUCGUFED,NISAR_SSAR_W,5422,124.9151732,W,41.36590958,247,F,Left,"[[""122.6549395"", ""-66.13276656""], [""128.2925508"", ""-66.55238048""], [""127.478518"", ""-68.83773661""], [""121.2901393"", ""-68.39908809""], [""122.6549395"", ""-66.13276656""]]",-67.50236348,1.4.00,ISRO,Copernicus GLO-30,25,2026222091516,5421,SSAR,"[[""123.6483865"", ""-69.98641603""], [""118.6363942"", ""-66.93616733""], [""125.9557606"", ""-65.0491467""], [""131.4833192"", ""-67.81146164""], [""123.6483865"", ""-69.98641603""]]",SAT_SEN_MODE,J,Y,2026-08-12 03:07:22,2026222091528_132_122,132,10-AUG-2026
NISAR_S2_PR_GUNW_025_132_D_121_027_3700_SH_20260717T091525_20260717T091536_20260810T091524_20260810T091535_P00500_M_P_I_001,NISAR_S2_PR_GUNW_025_132_D_121_027_3700_SH_20260717T091525_20260717T091536_20260810T091524_20260810T091535_P00500_M_P_I_001,NISAR_SSAR_GUNW,132,D,121,132_D_121,HH,121,2026222091528,NISAR,Descending,True,5.49100751,10-AUG-2026,2026-08-10T09:15:24Z,5.994301673,2026-08-11T23:10:59,NISAR_S2_PR_GUNW_025_132_D_121_027_3700_SH_20260717T091525_20260717T091536_20260810T091524_20260810T091535_P00500_M_P_I_001,ObsId_Track_Frame,STUCGUFED,NISAR_SSAR_W,5422,125.5222356,W,41.36414719,247,P,Left,"[[""122.9038522"", ""-65.72661168""], [""128.4703173"", ""-66.14340956""], [""128.2611804"", ""-66.73809585""], [""122.5626726"", ""-66.31643144""], [""122.9038522"", ""-65.72661168""]]",-66.2576206,1.4.00,ISRO,Copernicus GLO-30,25,2026222091516,5421,SSAR,"[[""124.8432653"", ""-67.89371223""], [""120.0977562"", ""-64.90266181""], [""126.7374476"", ""-62.97314144""], [""131.8739166"", ""-65.69612269""], [""124.8432653"", ""-67.89371223""]]",SAT_SEN_MODE,J,Y,2026-08-11 23:20:04,2026222091528_132_121,132,10-AUG-2026
NISAR_S2_PR_GUNW_025_089_D_122_026_3700_SH_20260714T094031_20260714T094110_20260726T094030_20260726T094109_P00500_M_F_I_001,NISAR_S2_PR_GUNW_025_089_D_122_026_3700_SH_20260714T094031_20260714T094110_20260726T094030_20260726T094109_P00500_M_F_I_001,NISAR_SSAR_GUNW,89,D,122,089_D_122,HH,122,2026207094024,NISAR,Descending,True,5.490156257,26-JUL-2026,2026-07-26T09:40:30Z,5.997737098,2026-07-28T05:14:17,NISAR_S2_PR_GUNW_025_089_D_122_026_3700_SH_20260714T094031_20260714T094110_20260726T094030_20260726T094109_P00500_M_F_I_001,ObsId_Track_Frame,STUCGUFED,NISAR_SSAR_W,5206,118.6863338,W,41.34474564,247,F,Left,"[[""116.433445"", ""-66.13348036""], [""122.0537129"", ""-66.55132962""], [""121.2362326"", ""-68.83653132""], [""115.0628027"", ""-68.39924088""], [""116.433445"", ""-66.13348036""]]",-67.5013024,1.4.00,ISRO,Copernicus GLO-30,25,2026207094020,5205,SSAR,"[[""116.623593"", ""-69.89736439""], [""112.6458203"", ""-66.68410493""], [""120.3505224"", ""-65.11134004""], [""125.1279746"", ""-68.0686837""], [""116.623593"", ""-69.89736439""]]",SAT_SEN_MODE,J,Y,2026-07-28 05:27:17,2026207094024_89_122,89,26-JUL-2026
NISAR_S2_PR_GUNW_025_074_D_124_026_3700_SH_20260713T084327_20260713T084406_20260725T084327_20260725T084405_P00500_M_F_I_001,NISAR_S2_PR_GUNW_025_074_D_124_026_3700_SH_20260713T084327_20260713T084406_20260725T084327_20260725T084405_P00500_M_F_I_001,NISAR_SSAR_GUNW,74,D,124,074_D_124,HH,124,2026206084156,NISAR,Descending,True,5.488584032,25-JUL-2026,2026-07-25T08:43:27Z,5.993272909,2026-07-27T03:49:40,NISAR_S2_PR_GUNW_025_074_D_124_026_3700_SH_20260713T084327_20260713T084406_20260725T084327_20260725T084405_P00500_M_F_I_001,ObsId_Track_Frame,STUCGUFED,NISAR_SSAR_W,5192,130.800061,W,41.3975296,247,F,Left,"[[""128.2026225"", ""-70.315445""], [""134.9451086"", ""-70.77748036""], [""133.8430344"", ""-73.01395147""], [""126.292129"", ""-72.51598892""], [""128.2026225"", ""-70.315445""]]",-71.68711705,1.4.00,ISRO,Copernicus GLO-30,25,2026206084152,5190,SSAR,"[[""130.2419566"", ""-74.16727374""], [""123.1473405"", ""-71.33914122""], [""131.3119096"", ""-69.24158648""], [""138.7171769"", ""-71.72009106""], [""130.2419566"", ""-74.16727374""]]",SAT_SEN_MODE,J,Y,2026-07-27 04:05:09,2026206084156_74_124,74,25-JUL-2026
NISAR_S2_PR_GUNW_025_074_D_123_026_3700_SH_20260713T084251_20260713T084331_20260725T084250_20260725T084330_P00500_M_F_I_001,NISAR_S2_PR_GUNW_025_074_D_123_026_3700_SH_20260713T084251_20260713T084331_20260725T084250_20260725T084330_P00500_M_F_I_001,NISAR_SSAR_GUNW,74,D,123,074_D_123,HH,123,2026206084156,NISAR,Descending,True,5.490186553,25-JUL-2026,2026-07-25T08:42:50Z,5.992896748,2026-07-27T04:17:24,NISAR_S2_PR_GUNW_025_074_D_123_026_3700_SH_20260713T084251_20260713T084331_20260725T084250_20260725T084330_P00500_M_F_I_001,ObsId_Track_Frame,STUCGUFED,NISAR_SSAR_W,5192,132.0978067,W,41.40963745,247,F,Left,"[[""129.7009646"", ""-68.21316873""], [""135.8425701"", ""-68.65139038""], [""134.8601887"", ""-70.96109218""], [""128.0587827"", ""-70.4965142""], [""129.7009646"", ""-68.21316873""]]",-69.60616898,1.4.00,ISRO,Copernicus GLO-30,25,2026206084152,5190,SSAR,"[[""131.7647909"", ""-72.12332318""], [""125.0664747"", ""-69.32985977""], [""132.4379578"", ""-67.13026846""], [""139.3148024"", ""-69.5949622""], [""131.7647909"", ""-72.12332318""]]",SAT_SEN_MODE,J,Y,2026-07-27 04:49:11,2026206084156_74_123,74,25-JUL-2026
NISAR_S2_PR_GUNW_025_060_D_124_026_3700_SH_20260712T092505_20260712T092543_20260724T092504_20260724T092542_P00500_M_F_I_001,NISAR_S2_PR_GUNW_025_060_D_124_026_3700_SH_20260712T092505_20260712T092543_20260724T092504_20260724T092542_P00500_M_F_I_001,NISAR_SSAR_GUNW,60,D,124,060_D_124,HH,124,2026205092348,NISAR,Descending,True,5.488347569,24-JUL-2026,2026-07-24T09:25:04Z,5.993291791,2026-07-26T05:56:22,NISAR_S2_PR_GUNW_025_060_D_124_026_3700_SH_20260712T092505_20260712T092543_20260724T092504_20260724T092542_P00500_M_F_I_001,ObsId_Track_Frame,STUCGUFED,NISAR_SSAR_W,5178,120.4095523,W,41.39527893,247,F,Left,"[[""117.8036459"", ""-70.31533778""], [""124.5504744"", ""-70.77736364""], [""123.4499176"", ""-73.0138648""], [""115.8961891"", ""-72.51611801""], [""117.8036459"", ""-70.31533778""]]",-71.68499107,1.4.00,ISRO,Copernicus GLO-30,25,2026205092336,5176,SSAR,"[[""118.1673867"", ""-74.0954475""], [""113.1053594"", ""-70.9206036""], [""122.2207509"", ""-69.28985183""], [""128.3433513"", ""-72.15192521""], [""118.1673867"", ""-74.0954475""]]",SAT_SEN_MODE,J,Y,2026-07-26 06:08:50,2026205092348_60_124,60,24-JUL-2026
NISAR_S2_PR_GUNW_025_060_D_122_026_3700_SH_20260712T092352_20260712T092431_20260724T092352_20260724T092431_P00500_M_F_I_001,NISAR_S2_PR_GUNW_025_060_D_122_026_3700_SH_20260712T092352_20260712T092431_20260724T092352_20260724T092431_P00500_M_F_I_001,NISAR_SSAR_GUNW,60,D,122,060_D_122,HH,122,2026205092348,NISAR,Descending,True,5.490869048,24-JUL-2026,2026-07-24T09:23:52Z,5.98885098,2026-07-26T07:02:44,NISAR_S2_PR_GUNW_025_060_D_122_026_3700_SH_20260712T092352_20260712T092431_20260724T092352_20260724T092431_P00500_M_F_I_001,ObsId_Track_Frame,STUCGUFED,NISAR_SSAR_W,5178,122.8428123,W,41.41030502,247,F,Left,"[[""120.5917751"", ""-66.13335472""], [""126.2133151"", ""-66.55141291""], [""125.3932509"", ""-68.83646577""], [""119.2223798"", ""-68.39921164""], [""120.5917751"", ""-66.13335472""]]",-67.50152571,1.4.00,ISRO,Copernicus GLO-30,25,2026205092336,5176,SSAR,"[[""121.29524"", ""-69.96569473""], [""116.6229696"", ""-66.85396387""], [""124.0852333"", ""-65.06924515""], [""129.3730189"", ""-67.90196865""], [""121.29524"", ""-69.96569473""]]",SAT_SEN_MODE,J,Y,2026-07-26 07:20:04,2026205092348_60_122,60,24-JUL-2026
NISAR_S2_PR_GUNW_025_016_D_125_026_3700_SH_20260709T081045_20260709T081125_20260721T081045_20260721T081124_P00500_M_F_I_001,NISAR_S2_PR_GUNW_025_016_D_125_026_3700_SH_20260709T081045_20260709T081125_20260721T081045_20260721T081124_P00500_M_F_I_001,NISAR_SSAR_GUNW,16,D,125,016_D_125,HH,125,2026202080856,NISAR,Descending,True,5.486382863,21-JUL-2026,2026-07-21T08:10:45Z,5.993252166,2026-07-23T00:45:04,NISAR_S2_PR_GUNW_025_016_D_125_026_3700_SH_20260709T081045_20260709T081125_20260721T081045_20260721T081124_P00500_M_F_I_001,ObsId_Track_Frame,STUCGUFED,NISAR_SSAR_W,5135,137.5929467,W,41.39369583,247,F,Left,"[[""134.8066953"", ""-72.33733581""], [""142.2950469"", ""-72.83167949""], [""140.9485692"", ""-75.1136432""], [""132.4114457"", ""-74.56890315""], [""134.8066953"", ""-72.33733581""]]",-73.75193709,1.4.00,ISRO,Copernicus GLO-30,25,2026202080852,5132,SSAR,"[[""138.195938"", ""-76.19652976""], [""128.9773131"", ""-73.6723674""], [""137.2404316"", ""-71.34173856""], [""146.2149147"", ""-73.48683465""], [""138.195938"", ""-76.19652976""]]",SAT_SEN_MODE,J,Y,2026-07-23 01:14:03,2026202080856_16_125,16,21-JUL-2026
NISAR_S2_PR_GUNW_025_016_D_124_026_3700_SH_20260709T081010_20260709T081048_20260721T081009_20260721T081048_P00500_M_F_I_001,NISAR_S2_PR_GUNW_025_016_D_124_026_3700_SH_20260709T081010_20260709T081048_20260721T081009_20260721T081048_P00500_M_F_I_001,NISAR_SSAR_GUNW,16,D,124,016_D_124,HH,124,2026202080856,NISAR,Descending,True,5.488120047,21-JUL-2026,2026-07-21T08:10:09Z,5.993800271,2026-07-23T00:39:43,NISAR_S2_PR_GUNW_025_016_D_124_026_3700_SH_20260709T081010_20260709T081048_20260721T081009_20260721T081048_P00500_M_F_I_001,ObsId_Track_Frame,STUCGUFED,NISAR_SSAR_W,5135,139.1300009,W,41.38196945,247,F,Left,"[[""136.5289358"", ""-70.31552079""], [""143.2846178"", ""-70.77813289""], [""142.1842357"", ""-73.01459376""], [""134.6127635"", ""-72.51552901""], [""136.5289358"", ""-70.31552079""]]",-71.68982699,1.4.00,ISRO,Copernicus GLO-30,25,2026202080852,5132,SSAR,"[[""139.90578"", ""-74.09922827""], [""131.5225342"", ""-71.68817765""], [""138.610778"", ""-69.31157059""], [""146.6970981"", ""-71.39150262""], [""139.90578"", ""-74.09922827""]]",SAT_SEN_MODE,J,Y,2026-07-23 01:10:04,2026202080856_16_124,16,21-JUL-2026
NISAR_S2_PR_GUNW_024_132_D_122_025_3700_SH_20260705T091533_20260705T091612_20260717T091532_20260717T091612_P00500_M_F_I_001,NISAR_S2_PR_GUNW_024_132_D_122_025_3700_SH_20260705T091533_20260705T091612_20260717T091532_20260717T091612_P00500_M_F_I_001,NISAR_SSAR_GUNW,132,D,122,132_D_122,HH,122,2026198091528,NISAR,Descending,True,5.491159841,17-JUL-2026,2026-07-17T09:15:32Z,5.989662836,2026-07-21T12:55:17,NISAR_S2_PR_GUNW_024_132_D_122_025_3700_SH_20260705T091533_20260705T091612_20260717T091532_20260717T091612_P00500_M_F_I_001,ObsId_Track_Frame,STUCGUFED,NISAR_SSAR_W,5076,124.9109067,W,41.37046432,247,F,Left,"[[""122.654202"", ""-66.13273089""], [""128.2849819"", ""-66.55200168""], [""127.4701909"", ""-68.83733199""], [""121.2893598"", ""-68.39903583""], [""122.654202"", ""-66.13273089""]]",-67.50208059,1.4.00,ISRO,Copernicus GLO-30,24,2026198091516,5075,SSAR,"[[""123.6483865"", ""-69.98641603""], [""118.6363942"", ""-66.93616733""], [""125.9557606"", ""-65.0491467""], [""131.4833192"", ""-67.81146164""], [""123.6483865"", ""-69.98641603""]]",SAT_SEN_MODE,J,Y,2026-07-21 13:16:13,2026198091528_132_122,132,17-JUL-2026
NISAR_S2_PR_GUNW_023_103_D_124_025_3700_SH_20260621T090007_20260621T090046_20260715T090006_20260715T090044_P00500_M_F_I_001,NISAR_S2_PR_GUNW_023_103_D_124_025_3700_SH_20260621T090007_20260621T090046_20260715T090006_20260715T090044_P00500_M_F_I_001,NISAR_SSAR_GUNW,103,D,124,103_D_124,HH,124,2026196085848,NISAR,Descending,True,5.488666247,15-JUL-2026,2026-07-15T09:00:06Z,5.987971236,2026-07-18T00:42:29,NISAR_S2_PR_GUNW_023_103_D_124_025_3700_SH_20260621T090007_20260621T090046_20260715T090006_20260715T090044_P00500_M_F_I_001,ObsId_Track_Frame,STUCGUFED,NISAR_SSAR_W,5048,126.6602487,W,41.42013168,247,F,Left,"[[""124.052452"", ""-70.31560985""], [""130.8118492"", ""-70.77804603""], [""129.7134642"", ""-73.01457713""], [""122.1401936"", ""-72.51594924""], [""124.052452"", ""-70.31560985""]]",-71.68703084,1.4.00,ISRO,Copernicus GLO-30,23,2026196085836,5046,SSAR,"[[""125.401952"", ""-74.16319453""], [""119.077903"", ""-71.17077391""], [""127.6844747"", ""-69.24537272""], [""134.6322529"", ""-71.89476072""], [""125.401952"", ""-74.16319453""]]",SAT_SEN_MODE,J,Y,2026-07-18 00:57:03,2026196085848_103_124,103,15-JUL-2026
NISAR_S2_PR_GUNW_023_103_D_123_025_3700_SH_20260621T085937_20260621T090011_20260715T085930_20260715T090009_P00500_M_F_I_001,NISAR_S2_PR_GUNW_023_103_D_123_025_3700_SH_20260621T085937_20260621T090011_20260715T085930_20260715T090009_P00500_M_F_I_001,NISAR_SSAR_GUNW,103,D,123,103_D_123,HH,123,2026196085848,NISAR,Descending,True,5.575929988,15-JUL-2026,2026-07-15T08:59:30Z,5.989791467,2026-07-18T00:09:21,NISAR_S2_PR_GUNW_023_103_D_123_025_3700_SH_20260621T085937_20260621T090011_20260715T085930_20260715T090009_P00500_M_F_I_001,ObsId_Track_Frame,STUCGUFED,NISAR_SSAR_W,5048,127.8469658,W,41.42401886,247,F,Left,"[[""125.305241"", ""-68.58048684""], [""131.5515956"", ""-69.02244584""], [""130.7284084"", ""-70.96211841""], [""123.9008829"", ""-70.496401""], [""125.305241"", ""-68.58048684""]]",-69.79315151,1.4.00,ISRO,Copernicus GLO-30,23,2026196085836,5046,SSAR,"[[""126.9878941"", ""-72.12144849""], [""120.9606666"", ""-69.15051155""], [""128.7544866"", ""-67.12391418""], [""135.2233486"", ""-69.76967611""], [""126.9878941"", ""-72.12144849""]]",SAT_SEN_MODE,J,Y,2026-07-18 00:41:19,2026196085848_103_123,103,15-JUL-2026
NISAR_S2_PR_GUNW_024_089_D_122_025_3700_SH_20260702T094032_20260702T094111_20260714T094031_20260714T094110_P00500_M_F_I_001,NISAR_S2_PR_GUNW_024_089_D_122_025_3700_SH_20260702T094032_20260702T094111_20260714T094031_20260714T094110_P00500_M_F_I_001,NISAR_SSAR_GUNW,89,D,122,089_D_122,HH,122,2026195094024,NISAR,Descending,True,5.489893898,14-JUL-2026,2026-07-14T09:40:31Z,5.981543661,2026-07-19T18:21:53,NISAR_S2_PR_GUNW_024_089_D_122_025_3700_SH_20260702T094032_20260702T094111_20260714T094031_20260714T094110_P00500_M_F_I_001,ObsId_Track_Frame,STUCGUFED,NISAR_SSAR_W,5033,118.7740123,W,41.56842041,247,F,Left,"[[""116.6853441"", ""-66.15674766""], [""121.9623665"", ""-66.54609767""], [""121.1348919"", ""-68.83112552""], [""115.3382356"", ""-68.42383928""], [""116.6853441"", ""-66.15674766""]]",-67.50754835,1.4.00,ISRO,Copernicus GLO-30,24,2026195094020,5032,SSAR,"[[""116.623593"", ""-69.89736439""], [""112.6458203"", ""-66.68410493""], [""120.3505224"", ""-65.11134004""], [""125.1279746"", ""-68.0686837""], [""116.623593"", ""-69.89736439""]]",SAT_SEN_MODE,J,Y,2026-07-19 18:35:03,2026195094024_89_122,89,14-JUL-2026
NISAR_S2_PR_GUNW_023_074_D_124_025_3700_SH_20260619T084329_20260619T084407_20260713T084327_20260713T084406_P00500_M_F_I_001,NISAR_S2_PR_GUNW_023_074_D_124_025_3700_SH_20260619T084329_20260619T084407_20260713T084327_20260713T084406_P00500_M_F_I_001,NISAR_SSAR_GUNW,74,D,124,074_D_124,HH,124,2026194084156,NISAR,Descending,True,5.488377774,13-JUL-2026,2026-07-13T08:43:27Z,5.990376352,2026-07-19T16:02:23,NISAR_S2_PR_GUNW_023_074_D_124_025_3700_SH_20260619T084329_20260619T084407_20260713T084327_20260713T084406_P00500_M_F_I_001,ObsId_Track_Frame,STUCGUFED,NISAR_SSAR_W,5019,130.8114515,W,41.40189362,247,F,Left,"[[""128.2095717"", ""-70.31581463""], [""134.9598766"", ""-70.77797274""], [""133.8596242"", ""-73.01447501""], [""126.2999247"", ""-72.51640887""], [""128.2095717"", ""-70.31581463""]]",-71.68763854,1.4.00,ISRO,Copernicus GLO-30,23,2026194084152,5017,SSAR,"[[""130.2419566"", ""-74.16727374""], [""123.1473405"", ""-71.33914122""], [""131.3119096"", ""-69.24158648""], [""138.7171769"", ""-71.72009106""], [""130.2419566"", ""-74.16727374""]]",SAT_SEN_MODE,J,Y,2026-07-19 16:17:03,2026194084156_74_124,74,13-JUL-2026
NISAR_S2_PR_GUNW_023_074_D_123_025_3700_SH_20260619T084253_20260619T084332_20260713T084251_20260713T084331_P00500_M_F_I_001,NISAR_S2_PR_GUNW_023_074_D_123_025_3700_SH_20260619T084253_20260619T084332_20260713T084251_20260713T084331_P00500_M_F_I_001,NISAR_SSAR_GUNW,74,D,123,074_D_123,HH,123,2026194084156,NISAR,Descending,True,5.57742351,13-JUL-2026,2026-07-13T08:42:51Z,5.989629257,2026-07-19T16:50:02,NISAR_S2_PR_GUNW_023_074_D_123_025_3700_SH_20260619T084253_20260619T084332_20260713T084251_20260713T084331_P00500_M_F_I_001,ObsId_Track_Frame,STUCGUFED,NISAR_SSAR_W,5019,132.0911982,W,41.43525696,247,F,Left,"[[""129.6678118"", ""-68.27615432""], [""135.8320119"", ""-68.71502641""], [""134.8761243"", ""-70.96201925""], [""128.0664988"", ""-70.49734489""], [""129.6678118"", ""-68.27615432""]]",-69.63864101,1.4.00,ISRO,Copernicus GLO-30,23,2026194084152,5017,SSAR,"[[""131.7647909"", ""-72.12332318""], [""125.0664747"", ""-69.32985977""], [""132.4379578"", ""-67.13026846""], [""139.3148024"", ""-69.5949622""], [""131.7647909"", ""-72.12332318""]]",SAT_SEN_MODE,J,Y,2026-07-19 17:08:14,2026194084156_74_123,74,13-JUL-2026
NISAR_S2_PR_GUNW_023_060_D_124_025_3700_SH_20260618T092506_20260618T092544_20260712T092505_20260712T092543_P00500_M_F_I_001,NISAR_S2_PR_GUNW_023_060_D_124_025_3700_SH_20260618T092506_20260618T092544_20260712T092505_20260712T092543_P00500_M_F_I_001,NISAR_SSAR_GUNW,60,D,124,060_D_124,HH,124,2026193092348,NISAR,Descending,True,5.488115681,12-JUL-2026,2026-07-12T09:25:05Z,5.98955131,2026-07-19T12:34:31,NISAR_S2_PR_GUNW_023_060_D_124_025_3700_SH_20260618T092506_20260618T092544_20260712T092505_20260712T092543_P00500_M_F_I_001,ObsId_Track_Frame,STUCGUFED,NISAR_SSAR_W,5005,120.4253268,W,41.39636993,247,F,Left,"[[""117.809687"", ""-70.31590758""], [""124.5748467"", ""-70.77858249""], [""123.4771958"", ""-73.01513875""], [""115.9027774"", ""-72.51671738""], [""117.809687"", ""-70.31590758""]]",-71.68607961,1.4.00,ISRO,Copernicus GLO-30,23,2026193092336,5003,SSAR,"[[""118.1673867"", ""-74.0954475""], [""113.1053594"", ""-70.9206036""], [""122.2207509"", ""-69.28985183""], [""128.3433513"", ""-72.15192521""], [""118.1673867"", ""-74.0954475""]]",SAT_SEN_MODE,J,Y,2026-07-19 12:48:18,2026193092348_60_124,60,12-JUL-2026
NISAR_S2_PR_GUNW_024_060_D_122_025_3700_SH_20260630T092353_20260630T092432_20260712T092352_20260712T092431_P00500_M_F_I_001,NISAR_S2_PR_GUNW_024_060_D_122_025_3700_SH_20260630T092353_20260630T092432_20260712T092352_20260712T092431_P00500_M_F_I_001,NISAR_SSAR_GUNW,60,D,122,060_D_122,HH,122,2026193092348,NISAR,Descending,True,5.490615915,12-JUL-2026,2026-07-12T09:23:52Z,5.981405533,2026-07-19T13:19:40,NISAR_S2_PR_GUNW_024_060_D_122_025_3700_SH_20260630T092353_20260630T092432_20260712T092352_20260712T092431_P00500_M_F_I_001,ObsId_Track_Frame,STUCGUFED,NISAR_SSAR_W,5005,122.8693025,W,41.44314957,247,F,Left,"[[""120.590551"", ""-66.13338972""], [""126.2659595"", ""-66.55445433""], [""125.4518347"", ""-68.83960616""], [""119.2211987"", ""-68.39925228""], [""120.590551"", ""-66.13338972""]]",-67.50362759,1.4.00,ISRO,Copernicus GLO-30,24,2026193092336,5003,SSAR,"[[""121.29524"", ""-69.96569473""], [""116.6229696"", ""-66.85396387""], [""124.0852333"", ""-65.06924515""], [""129.3730189"", ""-67.90196865""], [""121.29524"", ""-69.96569473""]]",SAT_SEN_MODE,J,Y,2026-07-19 13:33:46,2026193092348_60_122,60,12-JUL-2026
NISAR_S2_PR_GUNW_026_015_D_128_028_3700_SH_20260721T063239_20260721T063254_20260814T063238_20260814T063253_P00500_M_P_I_001,NISAR_S2_PR_GUNW_026_015_D_128_028_3700_SH_20260721T063239_20260721T063254_20260814T063238_20260814T063253_P00500_M_P_I_001,NISAR_SSAR_GUNW,15,D,128,015_D_128,HH,128,2026226063004,NISAR,Descending,True,5.481565163,14-AUG-2026,2026-08-14T06:32:38Z,5.984043231,2026-08-16T10:24:08,NISAR_S2_PR_GUNW_026_015_D_128_028_3700_SH_20260721T063239_20260721T063254_20260814T063238_20260814T063253_P00500_M_P_I_001,ObsId_Track_Frame,STUCGUFED,NISAR_SSAR_W,5480,156.212194,W,41.44224548,247,P,Left,"[[""151.3968927"", ""-78.38734887""], [""162.7553727"", ""-79.07729229""], [""161.7797373"", ""-79.90781725""], [""149.6263686"", ""-79.1725094""], [""151.3968927"", ""-78.38734887""]]",-79.19515387,1.4.00,ISRO,Copernicus GLO-30,26,2026226063000,5477,SSAR,"[[""160.199413"", ""-81.66111302""], [""143.8006538"", ""-80.28324514""], [""151.4750751"", ""-77.99744384""], [""165.0306283"", ""-79.0773765""], [""160.199413"", ""-81.66111302""]]",SAT_SEN_MODE,J,Y,2026-08-16 10:31:03,2026226063004_15_128,15,14-AUG-2026
NISAR_S2_PR_GUNW_026_015_D_127_028_3700_SH_20260721T063203_20260721T063242_20260814T063202_20260814T063241_P00500_M_F_I_001,NISAR_S2_PR_GUNW_026_015_D_127_028_3700_SH_20260721T063203_20260721T063242_20260814T063202_20260814T063241_P00500_M_F_I_001,NISAR_SSAR_GUNW,15,D,127,015_D_127,HH,127,2026226063004,NISAR,Descending,True,5.482926369,14-AUG-2026,2026-08-14T06:32:02Z,5.986209537,2026-08-16T12:02:32,NISAR_S2_PR_GUNW_026_015_D_127_028_3700_SH_20260721T063203_20260721T063242_20260814T063202_20260814T063241_P00500_M_F_I_001,ObsId_Track_Frame,STUCGUFED,NISAR_SSAR_W,5480,158.2294821,W,41.4273262,247,F,Left,"[[""154.967613"", ""-76.38645991""], [""164.6003978"", ""-76.98487655""], [""162.4166258"", ""-79.25359748""], [""151.0200085"", ""-78.55888977""], [""154.967613"", ""-76.38645991""]]",-77.85419374,1.4.00,ISRO,Copernicus GLO-30,26,2026226063000,5477,SSAR,"[[""162.9430344"", ""-79.65747524""], [""148.9687043"", ""-78.46835661""], [""154.8736919"", ""-76.02135946""], [""166.5483152"", ""-76.97885732""], [""162.9430344"", ""-79.65747524""]]",SAT_SEN_MODE,J,Y,2026-08-16 12:11:03,2026226063004_15_127,15,14-AUG-2026
NISAR_S2_PR_GUNW_026_015_D_126_028_3700_SH_20260721T063128_20260721T063206_20260814T063126_20260814T063205_P00500_M_F_I_001,NISAR_S2_PR_GUNW_026_015_D_126_028_3700_SH_20260721T063128_20260721T063206_20260814T063126_20260814T063205_P00500_M_F_I_001,NISAR_SSAR_GUNW,15,D,126,015_D_126,HH,126,2026226063004,NISAR,Descending,True,5.569161357,14-AUG-2026,2026-08-14T06:31:26Z,5.98990852,2026-08-16T12:56:33,NISAR_S2_PR_GUNW_026_015_D_126_028_3700_SH_20260721T063128_20260721T063206_20260814T063126_20260814T063205_P00500_M_F_I_001,ObsId_Track_Frame,STUCGUFED,NISAR_SSAR_W,5480,160.7131409,W,41.44779587,247,F,Left,"[[""157.631157"", ""-74.39434011""], [""166.1367015"", ""-74.93566644""], [""164.5037272"", ""-77.16991081""], [""154.689383"", ""-76.56243986""], [""157.631157"", ""-74.39434011""]]",-75.81582982,1.4.00,ISRO,Copernicus GLO-30,26,2026226063000,5477,SSAR,"[[""164.9473014"", ""-77.5445718""], [""152.9839089"", ""-76.50757686""], [""157.4474583"", ""-74.0484263""], [""167.6448729"", ""-74.90908671""], [""164.9473014"", ""-77.5445718""]]",SAT_SEN_MODE,J,Y,2026-08-16 13:05:21,2026226063004_15_126,15,14-AUG-2026
NISAR_S2_PR_GUNW_025_072_D_130_026_3700_SH_20260713T052708_20260713T052743_20260725T052708_20260725T052743_P00500_M_F_I_001,NISAR_S2_PR_GUNW_025_072_D_130_026_3700_SH_20260713T052708_20260713T052743_20260725T052708_20260725T052743_P00500_M_F_I_001,NISAR_SSAR_GUNW,72,D,130,072_D_130,HH,130,2026206052532,NISAR,Descending,True,5.463319173,25-JUL-2026,2026-07-25T05:27:08Z,5.994965003,2026-07-27T00:12:24,NISAR_S2_PR_GUNW_025_072_D_130_026_3700_SH_20260713T052708_20260713T052743_20260725T052708_20260725T052743_P00500_M_F_I_001,ObsId_Track_Frame,STUCGUFED,NISAR_SSAR_W,5192,161.5571325,W,41.44856644,247,F,Left,"[[""157.9171923"", ""-81.78001407""], [""173.3790913"", ""-82.72698778""], [""167.2469533"", ""-84.6683887""], [""148.3406975"", ""-83.45269953""], [""157.9171923"", ""-81.78001407""]]",-83.24350575,1.4.00,ISRO,Copernicus GLO-30,25,2026206052528,5188,SSAR,"[[""172.9948491"", ""-84.89574019""], [""144.4835822"", ""-83.77775197""], [""154.9643272"", ""-81.46533784""], [""175.402703"", ""-82.23986562""], [""172.9948491"", ""-84.89574019""]]",SAT_SEN_MODE,J,Y,2026-07-27 00:25:34,2026206052532_72_130,72,25-JUL-2026
NISAR_S2_PR_GUNW_025_072_D_129_026_3700_SH_20260713T052639_20260713T052711_20260725T052638_20260725T052711_P00500_M_F_I_001,NISAR_S2_PR_GUNW_025_072_D_129_026_3700_SH_20260713T052639_20260713T052711_20260725T052638_20260725T052711_P00500_M_F_I_001,NISAR_SSAR_GUNW,72,D,129,072_D_129,HH,129,2026206052532,NISAR,Descending,True,5.478413959,25-JUL-2026,2026-07-25T05:26:38Z,5.99328246,2026-07-26T23:59:18,NISAR_S2_PR_GUNW_025_072_D_129_026_3700_SH_20260713T052639_20260713T052711_20260725T052638_20260725T052711_P00500_M_F_I_001,ObsId_Track_Frame,STUCGUFED,NISAR_SSAR_W,5192,160.6933404,W,34.21733093,247,F,Left,"[[""163.4545445"", ""-80.25005736""], [""163.4519621"", ""-80.24987983""], [""157.3456303"", ""-81.95074517""], [""157.3484363"", ""-81.95094907""], [""163.4545445"", ""-80.25005736""]]",-81.11240494,1.4.00,ISRO,Copernicus GLO-30,25,2026206052528,5188,SSAR,"[[""177.4198647"", ""-83.0894575""], [""154.4769785"", ""-82.35191253""], [""160.8240958"", ""-79.97780882""], [""178.1201569"", ""-80.52632034""], [""177.4198647"", ""-83.0894575""]]",SAT_SEN_MODE,J,Y,2026-07-27 00:13:03,2026206052532_72_129,72,25-JUL-2026
NISAR_S2_PR_GUNW_025_058_D_127_026_3700_SH_20260712T060705_20260712T060745_20260724T060705_20260724T060744_P00500_M_F_I_001,NISAR_S2_PR_GUNW_025_058_D_127_026_3700_SH_20260712T060705_20260712T060745_20260724T060705_20260724T060744_P00500_M_F_I_001,NISAR_SSAR_GUNW,58,D,127,058_D_127,HH,127,2026205060516,NISAR,Descending,True,5.480662354,24-JUL-2026,2026-07-24T06:07:05Z,6.001302673,2026-07-26T04:02:28,NISAR_S2_PR_GUNW_025_058_D_127_026_3700_SH_20260712T060705_20260712T060745_20260724T060705_20260724T060744_P00500_M_F_I_001,ObsId_Track_Frame,STUCGUFED,NISAR_SSAR_W,5177,164.5674499,W,41.37916946,247,F,Left,"[[""161.2003543"", ""-76.38617631""], [""170.9273547"", ""-76.98883667""], [""168.7607385"", ""-79.25808528""], [""157.2885192"", ""-78.56163945""], [""161.2003543"", ""-76.38617631""]]",-77.84834719,1.4.00,ISRO,Copernicus GLO-30,25,2026205060512,5174,SSAR,"[[""169.84889"", ""-79.42597771""], [""156.1591364"", ""-78.62539865""], [""160.5508424"", ""-76.21272689""], [""171.8576889"", ""-76.86144801""], [""169.84889"", ""-79.42597771""]]",SAT_SEN_MODE,J,Y,2026-07-26 04:13:15,2026205060516_58_127,58,24-JUL-2026
NISAR_S2_PR_GUNW_025_029_D_129_026_3700_SH_20260710T055137_20260710T055210_20260722T055136_20260722T055209_P00500_M_F_I_001,NISAR_S2_PR_GUNW_025_029_D_129_026_3700_SH_20260710T055137_20260710T055210_20260722T055136_20260722T055209_P00500_M_F_I_001,NISAR_SSAR_GUNW,29,D,129,029_D_129,HH,129,2026203055012,NISAR,Descending,True,5.490364725,22-JUL-2026,2026-07-22T05:51:36Z,5.992287428,2026-07-24T02:37:03,NISAR_S2_PR_GUNW_025_029_D_129_026_3700_SH_20260710T055137_20260710T055210_20260722T055136_20260722T055209_P00500_M_F_I_001,ObsId_Track_Frame,STUCGUFED,NISAR_SSAR_W,5148,154.4604357,W,34.27446365,247,F,Left,"[[""157.2778365"", ""-80.25681855""], [""157.2756561"", ""-80.25667588""], [""151.0485473"", ""-81.9470413""], [""151.0514187"", ""-81.94725164""], [""157.2778365"", ""-80.25681855""]]",-81.11443941,1.4.00,ISRO,Copernicus GLO-30,25,2026203054852,5145,SSAR,"[[""169.316108"", ""-83.10934647""], [""148.8225769"", ""-82.08864242""], [""155.7947501"", ""-80.0198502""], [""172.0214118"", ""-80.80492065""], [""169.316108"", ""-83.10934647""]]",SAT_SEN_MODE,J,Y,2026-07-24 02:43:04,2026203055012_29_129,29,22-JUL-2026
NISAR_S2_PR_GUNW_025_029_D_128_026_3700_SH_20260710T055103_20260710T055140_20260722T055102_20260722T055140_P00500_M_F_I_001,NISAR_S2_PR_GUNW_025_029_D_128_026_3700_SH_20260710T055103_20260710T055140_20260722T055102_20260722T055140_P00500_M_F_I_001,NISAR_SSAR_GUNW,29,D,128,029_D_128,HH,128,2026203055012,NISAR,Descending,True,5.47908525,22-JUL-2026,2026-07-22T05:51:02Z,5.996012054,2026-07-24T05:00:30,NISAR_S2_PR_GUNW_025_029_D_128_026_3700_SH_20260710T055103_20260710T055140_20260722T055102_20260722T055140_P00500_M_F_I_001,ObsId_Track_Frame,STUCGUFED,NISAR_SSAR_W,5148,165.5162836,W,41.4524765,247,F,Left,"[[""161.8461339"", ""-78.39196273""], [""173.1562624"", ""-79.07790116""], [""170.2790771"", ""-81.23590079""], [""156.7532627"", ""-80.42172612""], [""161.8461339"", ""-78.39196273""]]",-79.8414282,1.4.00,ISRO,Copernicus GLO-30,25,2026203054852,5145,SSAR,"[[""172.5133626"", ""-81.42029715""], [""154.9514069"", ""-80.61365371""], [""160.4021015"", ""-78.16694013""], [""174.2826856"", ""-78.79274541""], [""172.5133626"", ""-81.42029715""]]",SAT_SEN_MODE,J,Y,2026-07-24 05:10:04,2026203055012_29_128,29,22-JUL-2026
NISAR_S2_PR_GUNW_025_015_D_127_026_3700_SH_20260709T063204_20260709T063243_20260721T063203_20260721T063242_P00500_M_F_I_001,NISAR_S2_PR_GUNW_025_015_D_127_026_3700_SH_20260709T063204_20260709T063243_20260721T063203_20260721T063242_P00500_M_F_I_001,NISAR_SSAR_GUNW,15,D,127,015_D_127,HH,127,2026202063004,NISAR,Descending,True,5.482895806,21-JUL-2026,2026-07-21T06:32:03Z,5.986062378,2026-07-22T22:35:44,NISAR_S2_PR_GUNW_025_015_D_127_026_3700_SH_20260709T063204_20260709T063243_20260721T063203_20260721T063242_P00500_M_F_I_001,ObsId_Track_Frame,STUCGUFED,NISAR_SSAR_W,5134,158.2288411,W,41.42838669,247,F,Left,"[[""154.9685156"", ""-76.38670023""], [""164.598166"", ""-76.98493494""], [""162.4139555"", ""-79.25364469""], [""151.0210154"", ""-78.55914446""], [""154.9685156"", ""-76.38670023""]]",-77.85430999,1.4.00,ISRO,Copernicus GLO-30,25,2026202063000,5131,SSAR,"[[""162.9430344"", ""-79.65747524""], [""148.9687043"", ""-78.46835661""], [""154.8736919"", ""-76.02135946""], [""166.5483152"", ""-76.97885732""], [""162.9430344"", ""-79.65747524""]]",SAT_SEN_MODE,J,Y,2026-07-22 22:58:58,2026202063004_15_127,15,21-JUL-2026
NISAR_S2_PR_GUNW_025_015_D_126_026_3700_SH_20260709T063128_20260709T063207_20260721T063128_20260721T063206_P00500_M_F_I_001,NISAR_S2_PR_GUNW_025_015_D_126_026_3700_SH_20260709T063128_20260709T063207_20260721T063128_20260721T063206_P00500_M_F_I_001,NISAR_SSAR_GUNW,15,D,126,015_D_126,HH,126,2026202063004,NISAR,Descending,True,5.569504877,21-JUL-2026,2026-07-21T06:31:28Z,5.99021403,2026-07-23T01:58:44,NISAR_S2_PR_GUNW_025_015_D_126_026_3700_SH_20260709T063128_20260709T063207_20260721T063128_20260721T063206_P00500_M_F_I_001,ObsId_Track_Frame,STUCGUFED,NISAR_SSAR_W,5134,160.710544,W,41.4488945,247,F,Left,"[[""157.6296728"", ""-74.39388954""], [""166.1332392"", ""-74.93520252""], [""164.4997373"", ""-77.16943318""], [""154.687784"", ""-76.56197787""], [""157.6296728"", ""-74.39388954""]]",-75.81534563,1.4.00,ISRO,Copernicus GLO-30,25,2026202063000,5131,SSAR,"[[""164.9473014"", ""-77.5445718""], [""152.9839089"", ""-76.50757686""], [""157.4474583"", ""-74.0484263""], [""167.6448729"", ""-74.90908671""], [""164.9473014"", ""-77.5445718""]]",SAT_SEN_MODE,J,Y,2026-07-23 02:11:35,2026202063004_15_126,15,21-JUL-2026
NISAR_S2_PR_GUNW_023_145_D_128_025_3700_SH_20260624T065739_20260624T065816_20260718T065737_20260718T065815_P00500_M_F_I_001,NISAR_S2_PR_GUNW_023_145_D_128_025_3700_SH_20260624T065739_20260624T065816_20260718T065737_20260718T065815_P00500_M_F_I_001,NISAR_SSAR_GUNW,145,D,128,145_D_128,HH,128,2026199065440,NISAR,Descending,True,5.481660212,18-JUL-2026,2026-07-18T06:57:37Z,5.990062429,2026-07-21T12:05:55,NISAR_S2_PR_GUNW_023_145_D_128_025_3700_SH_20260624T065739_20260624T065816_20260718T065737_20260718T065815_P00500_M_F_I_001,ObsId_Track_Frame,STUCGUFED,NISAR_SSAR_W,5090,148.7482361,W,41.45976639,247,F,Left,"[[""145.2007842"", ""-78.39089613""], [""156.4344942"", ""-79.07386842""], [""153.5252299"", ""-81.23074414""], [""140.0376313"", ""-80.41459246""], [""145.2007842"", ""-78.39089613""]]",-79.84450348,1.4.00,ISRO,Copernicus GLO-30,23,2026199065436,5088,SSAR,"[[""152.7874484"", ""-81.88359409""], [""136.6473736"", ""-80.08128396""], [""146.1207246"", ""-77.80029702""], [""159.9120002"", ""-79.20703445""], [""152.7874484"", ""-81.88359409""]]",SAT_SEN_MODE,J,Y,2026-07-21 12:20:29,2026199065440_145_128,145,18-JUL-2026
NISAR_S2_PR_GUNW_023_145_D_127_025_3700_SH_20260624T065703_20260624T065742_20260718T065701_20260718T065741_P00500_M_F_I_001,NISAR_S2_PR_GUNW_023_145_D_127_025_3700_SH_20260624T065703_20260624T065742_20260718T065701_20260718T065741_P00500_M_F_I_001,NISAR_SSAR_GUNW,145,D,127,145_D_127,HH,127,2026199065440,NISAR,Descending,True,5.483048727,18-JUL-2026,2026-07-18T06:57:01Z,5.987345244,2026-07-21T12:05:51,NISAR_S2_PR_GUNW_023_145_D_127_025_3700_SH_20260624T065703_20260624T065742_20260718T065701_20260718T065741_P00500_M_F_I_001,ObsId_Track_Frame,STUCGUFED,NISAR_SSAR_W,5090,152.0150067,W,41.45774078,247,F,Left,"[[""148.7500922"", ""-76.3881601""], [""158.408923"", ""-76.9865691""], [""156.2137482"", ""-79.25477628""], [""144.8005931"", ""-78.5604435""], [""148.7500922"", ""-76.3881601""]]",-77.85440318,1.4.00,ISRO,Copernicus GLO-30,23,2026199065436,5088,SSAR,"[[""155.8473877"", ""-79.88697579""], [""141.8391484"", ""-78.27418174""], [""149.3603576"", ""-75.80618517""], [""161.3240804"", ""-77.09793837""], [""155.8473877"", ""-79.88697579""]]",SAT_SEN_MODE,J,Y,2026-07-21 12:21:39,2026199065440_145_127,145,18-JUL-2026
NISAR_S2_PR_GUNW_023_131_D_125_025_3700_SH_20260623T073728_20260623T073808_20260717T073727_20260717T073806_P00500_M_F_I_001,NISAR_S2_PR_GUNW_023_131_D_125_025_3700_SH_20260623T073728_20260623T073808_20260717T073727_20260717T073806_P00500_M_F_I_001,NISAR_SSAR_GUNW,131,D,125,131_D_125,HH,125,2026198073600,NISAR,Descending,True,5.486496346,17-JUL-2026,2026-07-17T07:37:27Z,5.991417813,2026-07-18T22:17:21,NISAR_S2_PR_GUNW_023_131_D_125_025_3700_SH_20260623T073728_20260623T073808_20260717T073727_20260717T073806_P00500_M_F_I_001,ObsId_Track_Frame,STUCGUFED,NISAR_SSAR_W,5076,145.9291667,W,41.43484497,247,F,Left,"[[""143.1414841"", ""-72.33816289""], [""150.629169"", ""-72.8320489""], [""149.2835407"", ""-75.1140073""], [""140.7564095"", ""-74.57056273""], [""143.1414841"", ""-72.33816289""]]",-73.75404307,1.4.00,ISRO,Copernicus GLO-30,23,2026198073556,5074,SSAR,"[[""147.9315031"", ""-76.03793357""], [""137.654858"", ""-74.01563444""], [""144.5096233"", ""-71.49404082""], [""153.8864824"", ""-73.1944305""], [""147.9315031"", ""-76.03793357""]]",SAT_SEN_MODE,J,Y,2026-07-18 22:36:14,2026198073600_131_125,131,17-JUL-2026
NISAR_S2_PR_GUNW_023_102_D_127_025_3700_SH_20260621T072201_20260621T072240_20260715T072200_20260715T072239_P00500_M_F_I_001,NISAR_S2_PR_GUNW_023_102_D_127_025_3700_SH_20260621T072201_20260621T072240_20260715T072200_20260715T072239_P00500_M_F_I_001,NISAR_SSAR_GUNW,102,D,127,102_D_127,HH,127,2026196071924,NISAR,Descending,True,5.571181018,15-JUL-2026,2026-07-15T07:22:00Z,5.988467318,2026-07-18T00:40:21,NISAR_S2_PR_GUNW_023_102_D_127_025_3700_SH_20260621T072201_20260621T072240_20260715T072200_20260715T072239_P00500_M_F_I_001,ObsId_Track_Frame,STUCGUFED,NISAR_SSAR_W,5048,145.7654704,W,41.4538765,247,F,Left,"[[""142.499386"", ""-76.38702628""], [""152.1581858"", ""-76.98579758""], [""149.9734801"", ""-79.25438807""], [""138.5479578"", ""-78.55909603""], [""142.499386"", ""-76.38702628""]]",-77.8526682,1.4.00,ISRO,Copernicus GLO-30,23,2026196071920,5045,SSAR,"[[""148.4400482"", ""-80.08495043""], [""134.9328303"", ""-78.0509351""], [""143.9977555"", ""-75.63164066""], [""155.9983231"", ""-77.26206916""], [""148.4400482"", ""-80.08495043""]]",SAT_SEN_MODE,J,Y,2026-07-18 01:03:33,2026196071924_102_127,102,15-JUL-2026
NISAR_S2_PR_GUNW_023_102_D_125_025_3700_SH_20260621T072050_20260621T072129_20260715T072048_20260715T072127_P00500_M_F_I_001,NISAR_S2_PR_GUNW_023_102_D_125_025_3700_SH_20260621T072050_20260621T072129_20260715T072048_20260715T072127_P00500_M_F_I_001,NISAR_SSAR_GUNW,102,D,125,102_D_125,HH,125,2026196071924,NISAR,Descending,True,5.485944366,15-JUL-2026,2026-07-15T07:20:48Z,5.9914616,2026-07-17T22:02:27,NISAR_S2_PR_GUNW_023_102_D_125_025_3700_SH_20260621T072050_20260621T072129_20260715T072048_20260715T072127_P00500_M_F_I_001,ObsId_Track_Frame,STUCGUFED,NISAR_SSAR_W,5048,150.0886627,W,41.44466019,247,F,Left,"[[""147.3022029"", ""-72.33856674""], [""154.7936119"", ""-72.83264782""], [""153.4388608"", ""-75.11422747""], [""144.9162325"", ""-74.57091433""], [""147.3022029"", ""-72.33856674""]]",-73.75500933,1.4.00,ISRO,Copernicus GLO-30,23,2026196071920,5045,SSAR,"[[""152.67889"", ""-75.91935154""], [""142.1145628"", ""-74.16977593""], [""148.1941319"", ""-71.59540957""], [""157.6198649"", ""-73.06334236""], [""152.67889"", ""-75.91935154""]]",SAT_SEN_MODE,J,Y,2026-07-17 22:15:03,2026196071924_102_125,102,15-JUL-2026
NISAR_S2_PR_GUNW_023_072_D_130_025_3700_SH_20260619T052709_20260619T052744_20260713T052708_20260713T052743_P00500_M_F_I_001,NISAR_S2_PR_GUNW_023_072_D_130_025_3700_SH_20260619T052709_20260619T052744_20260713T052708_20260713T052743_P00500_M_F_I_001,NISAR_SSAR_GUNW,72,D,130,072_D_130,HH,130,2026194052532,NISAR,Descending,True,5.56177561,13-JUL-2026,2026-07-13T05:27:08Z,5.986420567,2026-07-19T15:55:23,NISAR_S2_PR_GUNW_023_072_D_130_025_3700_SH_20260619T052709_20260619T052744_20260713T052708_20260713T052743_P00500_M_F_I_001,ObsId_Track_Frame,STUCGUFED,NISAR_SSAR_W,5019,161.631489,W,41.49261475,247,F,Left,"[[""157.9522725"", ""-81.78380431""], [""173.4844282"", ""-82.73154557""], [""167.3850948"", ""-84.67420927""], [""148.3794017"", ""-83.45727256""], [""157.9522725"", ""-81.78380431""]]",-83.24878149,1.4.00,ISRO,Copernicus GLO-30,23,2026194052528,5015,SSAR,"[[""172.9948491"", ""-84.89574019""], [""144.4835822"", ""-83.77775197""], [""154.9643272"", ""-81.46533784""], [""175.402703"", ""-82.23986562""], [""172.9948491"", ""-84.89574019""]]",SAT_SEN_MODE,J,Y,2026-07-19 16:06:04,2026194052532_72_130,72,13-JUL-2026
NISAR_S2_PR_GUNW_023_072_D_129_025_3700_SH_20260619T052640_20260619T052713_20260713T052639_20260713T052711_P00500_M_F_I_001,NISAR_S2_PR_GUNW_023_072_D_129_025_3700_SH_20260619T052640_20260619T052713_20260713T052639_20260713T052711_P00500_M_F_I_001,NISAR_SSAR_GUNW,72,D,129,072_D_129,HH,129,2026194052532,NISAR,Descending,True,5.478427815,13-JUL-2026,2026-07-13T05:26:39Z,5.99478592,2026-07-19T15:21:22,NISAR_S2_PR_GUNW_023_072_D_129_025_3700_SH_20260619T052640_20260619T052713_20260713T052639_20260713T052711_P00500_M_F_I_001,ObsId_Track_Frame,STUCGUFED,NISAR_SSAR_W,5019,167.6302791,W,41.46381378,247,F,Left,"[[""163.5117338"", ""-80.25523592""], [""176.7692179"", ""-81.053799""], [""173.1182785"", ""-82.91145118""], [""157.412867"", ""-81.9569733""], [""163.5117338"", ""-80.25523592""]]",-81.61346513,1.4.00,ISRO,Copernicus GLO-30,23,2026194052528,5015,SSAR,"[[""177.4198647"", ""-83.0894575""], [""154.4769785"", ""-82.35191253""], [""160.8240958"", ""-79.97780882""], [""178.1201569"", ""-80.52632034""], [""177.4198647"", ""-83.0894575""]]",SAT_SEN_MODE,J,Y,2026-07-19 15:30:51,2026194052532_72_129,72,13-JUL-2026
NISAR_S2_PR_GUNW_023_058_D_129_025_3700_SH_20260618T060817_20260618T060850_20260712T060816_20260712T060849_P00500_M_F_I_001,NISAR_S2_PR_GUNW_023_058_D_129_025_3700_SH_20260618T060817_20260618T060850_20260712T060816_20260712T060849_P00500_M_F_I_001,NISAR_SSAR_GUNW,58,D,129,058_D_129,HH,129,2026193060808,NISAR,Descending,True,5.564301432,12-JUL-2026,2026-07-12T06:08:16Z,5.981097633,2026-07-19T11:29:55,NISAR_S2_PR_GUNW_023_058_D_129_025_3700_SH_20260618T060817_20260618T060850_20260712T060816_20260712T060849_P00500_M_F_I_001,ObsId_Track_Frame,STUCGUFED,NISAR_SSAR_W,5004,157.1197505,W,41.5139389,76,F,Left,"[[""153.0649942"", ""-80.25198141""], [""166.3387702"", ""-81.05316301""], [""162.7718192"", ""-82.91392157""], [""146.8691752"", ""-81.94491173""], [""153.0649942"", ""-80.25198141""]]",-81.62045027,1.4.00,ISRO,Copernicus GLO-30,23,2026193060512,5001,SSAR,"[[""163.9865209"", ""-83.11381679""], [""145.1235031"", ""-81.9353487""], [""152.3781397"", ""-80.06189567""], [""167.8406314"", ""-80.98862741""], [""163.9865209"", ""-83.11381679""]]",SAT_SEN_MODE,S,Y,2026-07-19 11:38:15,2026193060808_58_129,58,12-JUL-2026
NISAR_S2_PR_GUNW_023_058_D_127_025_3700_SH_20260618T060706_20260618T060746_20260712T060705_20260712T060745_P00500_M_F_I_001,NISAR_S2_PR_GUNW_023_058_D_127_025_3700_SH_20260618T060706_20260618T060746_20260712T060705_20260712T060745_P00500_M_F_I_001,NISAR_SSAR_GUNW,58,D,127,058_D_127,HH,127,2026193060516,NISAR,Descending,True,5.481116887,12-JUL-2026,2026-07-12T06:07:05Z,6.003086151,2026-07-19T11:43:58,NISAR_S2_PR_GUNW_023_058_D_127_025_3700_SH_20260618T060706_20260618T060746_20260712T060705_20260712T060745_P00500_M_F_I_001,ObsId_Track_Frame,STUCGUFED,NISAR_SSAR_W,5004,164.5607904,W,41.37973785,247,F,Left,"[[""161.2281808"", ""-76.38749175""], [""170.8840618"", ""-76.98607969""], [""168.7088559"", ""-79.25506182""], [""157.3212405"", ""-78.56333913""], [""161.2281808"", ""-76.38749175""]]",-77.84695379,1.4.00,ISRO,Copernicus GLO-30,23,2026193060512,5001,SSAR,"[[""169.84889"", ""-79.42597771""], [""156.1591364"", ""-78.62539865""], [""160.5508424"", ""-76.21272689""], [""171.8576889"", ""-76.86144801""], [""169.84889"", ""-79.42597771""]]",SAT_SEN_MODE,J,Y,2026-07-19 11:53:06,2026193060516_58_127,58,12-JUL-2026
NISAR_S2_PR_GUNW_024_029_D_129_025_3700_SH_20260628T055138_20260628T055210_20260710T055137_20260710T055210_P00500_P_F_I_001,NISAR_S2_PR_GUNW_024_029_D_129_025_3700_SH_20260628T055138_20260628T055210_20260710T055137_20260710T055210_P00500_P_F_I_001,NISAR_SSAR_GUNW,29,D,129,029_D_129,HH,129,2026191055012,NISAR,Descending,True,5.462245425,10-JUL-2026,2026-07-10T05:51:37Z,6.001533991,2026-07-18T22:58:01,NISAR_S2_PR_GUNW_024_029_D_129_025_3700_SH_20260628T055138_20260628T055210_20260710T055137_20260710T055210_P00500_P_F_I_001,ObsId_Track_Frame,STUCGUFED,NISAR_SSAR_W,4975,161.305408,W,41.44159698,247,F,Left,"[[""157.2545778"", ""-80.25491575""], [""170.5104014"", ""-81.054051""], [""166.8697849"", ""-82.91208147""], [""151.0212981"", ""-81.9446493""], [""157.2545778"", ""-80.25491575""]]",-81.61150011,1.4.00,ISRO,Copernicus GLO-30,24,2026191054852,4972,SSAR,"[[""169.316108"", ""-83.10934647""], [""148.8225769"", ""-82.08864242""], [""155.7947501"", ""-80.0198502""], [""172.0214118"", ""-80.80492065""], [""169.316108"", ""-83.10934647""]]",SAT_SEN_MODE,J,Y,2026-07-18 23:07:40,2026191055012_29_129,29,10-JUL-2026
NISAR_S2_PR_GUNW_024_015_D_127_025_3700_SH_20260627T063204_20260627T063244_20260709T063204_20260709T063243_P00500_M_F_I_001,NISAR_S2_PR_GUNW_024_015_D_127_025_3700_SH_20260627T063204_20260627T063244_20260709T063204_20260709T063243_P00500_M_F_I_001,NISAR_SSAR_GUNW,15,D,127,015_D_127,HH,127,2026190063004,NISAR,Descending,True,5.483127899,09-JUL-2026,2026-07-09T06:32:04Z,5.985413361,2026-07-18T13:23:28,NISAR_S2_PR_GUNW_024_015_D_127_025_3700_SH_20260627T063204_20260627T063244_20260709T063204_20260709T063243_P00500_M_F_I_001,ObsId_Track_Frame,STUCGUFED,NISAR_SSAR_W,4959,158.2417703,W,41.42084503,247,F,Left,"[[""154.9836623"", ""-76.38754992""], [""164.6062717"", ""-76.98487433""], [""162.4237546"", ""-79.25364136""], [""151.038428"", ""-78.56018422""], [""154.9836623"", ""-76.38754992""]]",-77.85469279,1.4.00,ISRO,Copernicus GLO-30,24,2026190063000,4958,SSAR,"[[""162.9430344"", ""-79.65747524""], [""148.9687043"", ""-78.46835661""], [""154.8736919"", ""-76.02135946""], [""166.5483152"", ""-76.97885732""], [""162.9430344"", ""-79.65747524""]]",SAT_SEN_MODE,J,Y,2026-07-18 13:35:53,2026190063004_15_127,15,09-JUL-2026
NISAR_S2_PR_GUNW_024_015_D_126_025_3700_SH_20260627T063129_20260627T063207_20260709T063128_20260709T063207_P00500_M_F_I_001,NISAR_S2_PR_GUNW_024_015_D_126_025_3700_SH_20260627T063129_20260627T063207_20260709T063128_20260709T063207_P00500_M_F_I_001,NISAR_SSAR_GUNW,15,D,126,015_D_126,HH,126,2026190063004,NISAR,Descending,True,5.569422033,09-JUL-2026,2026-07-09T06:31:28Z,5.992258721,2026-07-18T13:21:30,NISAR_S2_PR_GUNW_024_015_D_126_025_3700_SH_20260627T063129_20260627T063207_20260709T063128_20260709T063207_P00500_M_F_I_001,ObsId_Track_Frame,STUCGUFED,NISAR_SSAR_W,4959,160.7079351,W,41.44126511,247,F,Left,"[[""157.6525269"", ""-74.39611755""], [""166.1035371"", ""-74.93419811""], [""164.4649804"", ""-77.16829543""], [""154.7139799"", ""-76.56447702""], [""157.6525269"", ""-74.39611755""]]",-75.81540642,1.4.00,ISRO,Copernicus GLO-30,24,2026190063000,4958,SSAR,"[[""164.9473014"", ""-77.5445718""], [""152.9839089"", ""-76.50757686""], [""157.4474583"", ""-74.0484263""], [""167.6448729"", ""-74.90908671""], [""164.9473014"", ""-77.5445718""]]",SAT_SEN_MODE,J,Y,2026-07-18 13:33:03,2026190063004_15_126,15,09-JUL-2026
NISAR_S2_PR_GUNW_026_015_D_125_028_3700_SH_20260721T063052_20260721T063131_20260814T063050_20260814T063130_P00500_M_F_I_001,NISAR_S2_PR_GUNW_026_015_D_125_028_3700_SH_20260721T063052_20260721T063131_20260814T063050_20260814T063130_P00500_M_F_I_001,NISAR_SSAR_GUNW,15,D,125,015_D_125,HH,125,2026226063004,NISAR,Descending,True,5.569921718,14-AUG-2026,2026-08-14T06:30:50Z,5.987286631,2026-08-16T12:04:41,NISAR_S2_PR_GUNW_026_015_D_125_028_3700_SH_20260721T063052_20260721T063131_20260814T063050_20260814T063130_P00500_M_F_I_001,ObsId_Track_Frame,STUCGUFED,NISAR_SSAR_W,5480,162.5991231,W,41.47475052,247,F,Left,"[[""159.8149929"", ""-72.34192877""], [""167.3531372"", ""-72.83696713""], [""165.9359049"", ""-75.11572114""], [""157.4033872"", ""-74.57208608""], [""159.8149929"", ""-72.34192877""]]",-73.7598359,1.4.00,ISRO,Copernicus GLO-30,26,2026226063000,5477,SSAR,"[[""166.4365353"", ""-75.46698165""], [""155.9804806"", ""-74.54348001""], [""159.5640921"", ""-72.01831897""], [""168.5955201"", ""-72.79898885""], [""166.4365353"", ""-75.46698165""]]",SAT_SEN_MODE,J,Y,2026-08-16 12:13:06,2026226063004_15_125,15,14-AUG-2026
NISAR_S2_PR_GUNW_025_172_D_131_027_3700_SH_20260720T035606_20260720T035639_20260813T035605_20260813T035638_P00500_M_P_I_001,NISAR_S2_PR_GUNW_025_172_D_131_027_3700_SH_20260720T035606_20260720T035639_20260813T035605_20260813T035638_P00500_M_P_I_001,NISAR_SSAR_GUNW,172,D,131,172_D_131,HH,131,2026225035420,NISAR,Descending,True,5.459801821,13-AUG-2026,2026-08-13T03:56:05Z,5.977181572,2026-08-16T03:37:49,NISAR_S2_PR_GUNW_025_172_D_131_027_3700_SH_20260720T035606_20260720T035639_20260813T035605_20260813T035638_P00500_M_P_I_001,ObsId_Track_Frame,STUCGUFED,NISAR_SSAR_W,5464,175.0929706,W,41.50617981,247,P,Left,"[[""172.3081116"", ""-83.30801646""], [""-169.2508921"", ""-84.48798377""], [""-179.9208185"", ""-86.25135728""], [""158.7769016"", ""-84.69775387""], [""172.3081116"", ""-83.30801646""]]",-84.78987054,1.4.00,ISRO,Copernicus GLO-30,25,2026225035340,5461,SSAR,"[[""-161.2806288"", ""-86.20209997""], [""149.7238848"", ""-85.83520404""], [""162.7514806"", ""-82.924247""], [""-169.7840684"", ""-83.13311493""], [""-161.2806288"", ""-86.20209997""]]",SAT_SEN_MODE,J,Y,2026-08-16 03:50:17,2026225035420_172_131,172,13-AUG-2026
NISAR_S2_PR_GUNW_025_172_D_130_027_3700_SH_20260720T035534_20260720T035609_20260813T035533_20260813T035608_P00500_M_F_I_001,NISAR_S2_PR_GUNW_025_172_D_130_027_3700_SH_20260720T035534_20260720T035609_20260813T035533_20260813T035608_P00500_M_F_I_001,NISAR_SSAR_GUNW,172,D,130,172_D_130,HH,130,2026225035420,NISAR,Descending,True,5.477496047,13-AUG-2026,2026-08-13T03:55:33Z,5.992078308,2026-08-16T06:03:02,NISAR_S2_PR_GUNW_025_172_D_130_027_3700_SH_20260720T035534_20260720T035609_20260813T035533_20260813T035608_P00500_M_F_I_001,ObsId_Track_Frame,STUCGUFED,NISAR_SSAR_W,5464,-175.4319423,W,41.461586,247,F,Left,"[[""-179.1594132"", ""-81.78190015""], [""-163.4220008"", ""-82.73755542""], [""-169.5610178"", ""-84.67801333""], [""171.2371696"", ""-83.45122427""], [""-179.1594132"", ""-81.78190015""]]",-83.25189816,1.4.00,ISRO,Copernicus GLO-30,25,2026225035340,5461,SSAR,"[[""-156.3979879"", ""-84.44311086""], [""167.2504915"", ""-84.77876922""], [""172.1497594"", ""-81.5726852""], [""-165.0911914"", ""-81.36159824""], [""-156.3979879"", ""-84.44311086""]]",SAT_SEN_MODE,J,Y,2026-08-16 06:15:31,2026225035420_172_130,172,13-AUG-2026
NISAR_S2_PR_GUNW_025_145_D_125_027_3700_SH_20260718T065550_20260718T065629_20260811T065549_20260811T065628_P00500_M_F_I_001,NISAR_S2_PR_GUNW_025_145_D_125_027_3700_SH_20260718T065550_20260718T065629_20260811T065549_20260811T065628_P00500_M_F_I_001,NISAR_SSAR_GUNW,145,D,125,145_D_125,HH,125,2026223065440,NISAR,Descending,True,5.485410511,11-AUG-2026,2026-08-11T06:55:49Z,5.994878265,2026-08-13T18:47:34,NISAR_S2_PR_GUNW_025_145_D_125_027_3700_SH_20260718T065550_20260718T065629_20260811T065549_20260811T065628_P00500_M_F_I_001,ObsId_Track_Frame,STUCGUFED,NISAR_SSAR_W,5437,156.3159726,W,41.42230988,247,F,Left,"[[""153.5446279"", ""-72.33952169""], [""161.0174347"", ""-72.83271704""], [""159.6434281"", ""-75.11356075""], [""151.1533806"", ""-74.57147203""], [""153.5446279"", ""-72.33952169""]]",-73.75609531,1.4.00,ISRO,Copernicus GLO-30,25,2026223065436,5434,SSAR,"[[""159.666762"", ""-75.71138636""], [""148.9575235"", ""-74.37750316""], [""153.8048922"", ""-71.7892779""], [""163.1486378"", ""-72.90979115""], [""159.666762"", ""-75.71138636""]]",SAT_SEN_MODE,J,Y,2026-08-13 19:14:57,2026223065440_145_125,145,11-AUG-2026
NISAR_S2_PR_GUNW_025_086_D_130_026_3700_SH_20260714T044531_20260714T044606_20260726T044530_20260726T044605_P00500_M_F_I_001,NISAR_S2_PR_GUNW_025_086_D_130_026_3700_SH_20260714T044531_20260714T044606_20260726T044530_20260726T044605_P00500_M_F_I_001,NISAR_SSAR_GUNW,86,D,130,086_D_130,HH,130,2026207044404,NISAR,Descending,True,5.477558385,26-JUL-2026,2026-07-26T04:45:30Z,6.006689383,2026-07-27T22:24:29,NISAR_S2_PR_GUNW_025_086_D_130_026_3700_SH_20260714T044531_20260714T044606_20260726T044530_20260726T044605_P00500_M_F_I_001,ObsId_Track_Frame,STUCGUFED,NISAR_SSAR_W,5204,172.0999234,W,41.38073349,247,F,Left,"[[""168.4332918"", ""-81.76187318""], [""-176.1379532"", ""-82.70527107""], [""177.6481244"", ""-84.66687364""], [""158.9061585"", ""-83.4669072""], [""168.4332918"", ""-81.76187318""]]",-83.23501293,1.4.00,ISRO,Copernicus GLO-30,25,2026207044400,5202,SSAR,"[[""-172.5060352"", ""-84.77013256""], [""153.8756769"", ""-84.22565796""], [""162.7279019"", ""-81.44491745""], [""-175.2325189"", ""-81.80114715""], [""-172.5060352"", ""-84.77013256""]]",SAT_SEN_MODE,J,Y,2026-07-27 22:37:17,2026207044404_86_130,86,26-JUL-2026
NISAR_S2_PR_GUNW_025_086_D_129_026_3700_SH_20260714T044501_20260714T044534_20260726T044501_20260726T044534_P00500_M_F_I_001,NISAR_S2_PR_GUNW_025_086_D_129_026_3700_SH_20260714T044501_20260714T044534_20260726T044501_20260726T044534_P00500_M_F_I_001,NISAR_SSAR_GUNW,86,D,129,086_D_129,HH,129,2026207044404,NISAR,Descending,True,5.478400797,26-JUL-2026,2026-07-26T04:45:01Z,5.993553653,2026-07-27T21:40:14,NISAR_S2_PR_GUNW_025_086_D_129_026_3700_SH_20260714T044501_20260714T044534_20260726T044501_20260726T044534_P00500_M_F_I_001,ObsId_Track_Frame,STUCGUFED,NISAR_SSAR_W,5204,177.960071,W,41.45001221,247,F,Left,"[[""173.8778293"", ""-80.25021936""], [""-172.752818"", ""-81.05498871""], [""-176.3860846"", ""-82.91391216""], [""167.6340566"", ""-81.93957153""], [""173.8778293"", ""-80.25021936""]]",-81.61041494,1.4.00,ISRO,Copernicus GLO-30,25,2026207044400,5202,SSAR,"[[""-169.4067544"", ""-82.94344916""], [""164.7356296"", ""-82.81039489""], [""169.0987323"", ""-80.00302115""], [""-172.4811881"", ""-80.09782912""], [""-169.4067544"", ""-82.94344916""]]",SAT_SEN_MODE,J,Y,2026-07-27 21:59:46,2026207044404_86_129,86,26-JUL-2026
NISAR_S2_PR_GUNW_025_086_D_128_026_3700_SH_20260714T044427_20260714T044505_20260726T044426_20260726T044504_P00500_M_F_I_001,NISAR_S2_PR_GUNW_025_086_D_128_026_3700_SH_20260714T044427_20260714T044505_20260726T044426_20260726T044504_P00500_M_F_I_001,NISAR_SSAR_GUNW,86,D,128,086_D_128,HH,128,2026207044404,NISAR,Descending,True,5.479052639,26-JUL-2026,2026-07-26T04:44:26Z,5.991524784,2026-07-27T21:49:47,NISAR_S2_PR_GUNW_025_086_D_128_026_3700_SH_20260714T044427_20260714T044505_20260726T044426_20260726T044504_P00500_M_F_I_001,ObsId_Track_Frame,STUCGUFED,NISAR_SSAR_W,5204,-177.8593716,W,41.47216415,247,F,Left,"[[""178.5227603"", ""-78.38776285""], [""-170.16357"", ""-79.0729186""], [""-173.0397905"", ""-81.236308""], [""173.3568786"", ""-80.41706566""], [""178.5227603"", ""-78.38776285""]]",-79.83749334,1.4.00,ISRO,Copernicus GLO-30,25,2026207044400,5202,SSAR,"[[""-166.6633422"", ""-81.19731994""], [""171.5233299"", ""-81.33958859""], [""173.7979384"", ""-78.20198858""], [""-170.192747"", ""-78.09781625""], [""-166.6633422"", ""-81.19731994""]]",SAT_SEN_MODE,J,Y,2026-07-27 22:02:05,2026207044404_86_128,86,26-JUL-2026
NISAR_S2_PR_GUNW_025_072_D_128_026_3700_SH_20260713T052604_20260713T052642_20260725T052604_20260725T052641_P00500_M_F_I_001,NISAR_S2_PR_GUNW_025_072_D_128_026_3700_SH_20260713T052604_20260713T052642_20260725T052604_20260725T052641_P00500_M_F_I_001,NISAR_SSAR_GUNW,72,D,128,072_D_128,HH,128,2026206052532,NISAR,Descending,True,5.479194013,25-JUL-2026,2026-07-25T05:26:04Z,5.992283967,2026-07-26T23:46:48,NISAR_S2_PR_GUNW_025_072_D_128_026_3700_SH_20260713T052604_20260713T052642_20260725T052604_20260725T052641_P00500_M_F_I_001,ObsId_Track_Frame,STUCGUFED,NISAR_SSAR_W,5192,171.7316043,W,41.43651962,247,F,Left,"[[""168.09967"", ""-78.39285862""], [""179.4125815"", ""-79.07839538""], [""176.5391281"", ""-81.23656073""], [""162.9426459"", ""-80.41718008""], [""168.09967"", ""-78.39285862""]]",-79.84026843,1.4.00,ISRO,Copernicus GLO-30,25,2026206052528,5188,SSAR,"[[""-179.5602866"", ""-81.38087501""], [""160.8687598"", ""-80.87926779""], [""165.4220784"", ""-78.14060858""], [""-179.6703386"", ""-78.51972968""], [""-179.5602866"", ""-81.38087501""]]",SAT_SEN_MODE,J,Y,2026-07-27 00:09:12,2026206052532_72_128,72,25-JUL-2026
NISAR_S2_PR_GUNW_025_072_D_127_026_3700_SH_20260713T052529_20260713T052607_20260725T052529_20260725T052607_P00500_M_F_I_001,NISAR_S2_PR_GUNW_025_072_D_127_026_3700_SH_20260713T052529_20260713T052607_20260725T052529_20260725T052607_P00500_M_F_I_001,NISAR_SSAR_GUNW,72,D,127,072_D_127,HH,127,2026206052532,NISAR,Descending,True,5.480770274,25-JUL-2026,2026-07-25T05:25:29Z,5.993170714,2026-07-26T23:56:37,NISAR_S2_PR_GUNW_025_072_D_127_026_3700_SH_20260713T052529_20260713T052607_20260725T052529_20260725T052607_P00500_M_F_I_001,ObsId_Track_Frame,STUCGUFED,NISAR_SSAR_W,5192,174.9291971,W,41.43066025,247,F,Left,"[[""171.5387883"", ""-76.44612668""], [""-178.6878484"", ""-77.05009741""], [""179.2001555"", ""-79.25929766""], [""167.6814853"", ""-78.56053944""], [""171.5387883"", ""-76.44612668""]]",-77.8776618,1.4.00,ISRO,Copernicus GLO-30,25,2026206052528,5188,SSAR,"[[""-177.3958185"", ""-79.38251642""], [""166.1739382"", ""-79.07874356""], [""169.1402777"", ""-76.17175825""], [""-177.96948"", ""-76.40870336""], [""-177.3958185"", ""-79.38251642""]]",SAT_SEN_MODE,J,Y,2026-07-27 00:11:04,2026206052532_72_127,72,25-JUL-2026
NISAR_S2_PR_GUNW_025_058_D_126_026_3700_SH_20260712T060630_20260712T060708_20260724T060629_20260724T060708_P00500_M_F_I_001,NISAR_S2_PR_GUNW_025_058_D_126_026_3700_SH_20260712T060630_20260712T060708_20260724T060629_20260724T060708_P00500_M_F_I_001,NISAR_SSAR_GUNW,58,D,126,058_D_126,HH,126,2026205060516,NISAR,Descending,True,5.482107306,24-JUL-2026,2026-07-24T06:06:29Z,5.995377206,2026-07-26T05:05:20,NISAR_S2_PR_GUNW_025_058_D_126_026_3700_SH_20260712T060630_20260712T060708_20260724T060629_20260724T060708_P00500_M_F_I_001,ObsId_Track_Frame,STUCGUFED,NISAR_SSAR_W,5177,167.0393222,W,41.47008133,247,F,Left,"[[""163.9641856"", ""-74.40191149""], [""172.3842173"", ""-74.93574432""], [""170.7520682"", ""-77.17001771""], [""161.0121141"", ""-76.56907773""], [""163.9641856"", ""-74.40191149""]]",-75.80927616,1.4.00,ISRO,Copernicus GLO-30,25,2026205060512,5174,SSAR,"[[""171.7896574"", ""-77.3354382""], [""159.9515122"", ""-76.66240128""], [""163.1839146"", ""-74.22276846""], [""173.1858021"", ""-74.7834868""], [""171.7896574"", ""-77.3354382""]]",SAT_SEN_MODE,J,Y,2026-07-26 05:14:04,2026205060516_58_126,58,24-JUL-2026
NISAR_S2_PR_GUNW_025_058_D_125_026_3700_SH_20260712T060554_20260712T060633_20260724T060553_20260724T060632_P00500_M_F_I_001,NISAR_S2_PR_GUNW_025_058_D_125_026_3700_SH_20260712T060554_20260712T060633_20260724T060553_20260724T060632_P00500_M_F_I_001,NISAR_SSAR_GUNW,58,D,125,058_D_125,HH,125,2026205060516,NISAR,Descending,True,5.483737231,24-JUL-2026,2026-07-24T06:05:53Z,5.994897345,2026-07-26T04:18:52,NISAR_S2_PR_GUNW_025_058_D_125_026_3700_SH_20260712T060554_20260712T060633_20260724T060553_20260724T060632_P00500_M_F_I_001,ObsId_Track_Frame,STUCGUFED,NISAR_SSAR_W,5177,168.8972403,W,41.45308685,247,F,Left,"[[""166.1589354"", ""-72.34979855""], [""173.5749733"", ""-72.83520281""], [""172.2312839"", ""-75.11713807""], [""163.6667832"", ""-74.57299914""], [""166.1589354"", ""-72.34979855""]]",-73.75157289,1.4.00,ISRO,Copernicus GLO-30,25,2026205060512,5174,SSAR,"[[""173.237711"", ""-75.27743013""], [""162.7902339"", ""-74.70110398""], [""165.3284721"", ""-72.16522778""], [""174.2764357"", ""-72.6529704""], [""173.237711"", ""-75.27743013""]]",SAT_SEN_MODE,J,Y,2026-07-26 04:27:34,2026205060516_58_125,58,24-JUL-2026
NISAR_S2_PR_GUNW_025_029_D_127_026_3700_SH_20260710T055027_20260710T055106_20260722T055026_20260722T055105_P00500_M_F_I_001,NISAR_S2_PR_GUNW_025_029_D_127_026_3700_SH_20260710T055027_20260710T055106_20260722T055026_20260722T055105_P00500_M_F_I_001,NISAR_SSAR_GUNW,29,D,127,029_D_127,HH,127,2026203055012,NISAR,Descending,True,5.480715031,22-JUL-2026,2026-07-22T05:50:26Z,5.993399018,2026-07-24T02:27:53,NISAR_S2_PR_GUNW_025_029_D_127_026_3700_SH_20260710T055027_20260710T055106_20260722T055026_20260722T055105_P00500_M_F_I_001,ObsId_Track_Frame,STUCGUFED,NISAR_SSAR_W,5148,168.7359978,W,41.43890762,247,F,Left,"[[""165.4017865"", ""-76.38940229""], [""175.0964951"", ""-76.98900763""], [""172.9312559"", ""-79.2583017""], [""161.4641891"", ""-78.56269961""], [""165.4017865"", ""-76.38940229""]]",-77.84843986,1.4.00,ISRO,Copernicus GLO-30,25,2026203054852,5145,SSAR,"[[""174.9449608"", ""-79.42481117""], [""160.0688598"", ""-78.79852357""], [""163.9869941"", ""-76.17990479""], [""175.9952609"", ""-76.67919377""], [""174.9449608"", ""-79.42481117""]]",SAT_SEN_MODE,J,Y,2026-07-24 02:37:04,2026203055012_29_127,29,22-JUL-2026
NISAR_S2_PR_GUNW_025_015_D_125_026_3700_SH_20260709T063052_20260709T063132_20260721T063052_20260721T063131_P00500_M_F_I_001,NISAR_S2_PR_GUNW_025_015_D_125_026_3700_SH_20260709T063052_20260709T063132_20260721T063052_20260721T063131_P00500_M_F_I_001,NISAR_SSAR_GUNW,15,D,125,015_D_125,HH,125,2026202063004,NISAR,Descending,True,5.571963021,21-JUL-2026,2026-07-21T06:30:52Z,5.988303068,2026-07-22T22:40:01,NISAR_S2_PR_GUNW_025_015_D_125_026_3700_SH_20260709T063052_20260709T063132_20260721T063052_20260721T063131_P00500_M_F_I_001,ObsId_Track_Frame,STUCGUFED,NISAR_SSAR_W,5134,162.5947136,W,41.475914,247,F,Left,"[[""159.8130794"", ""-72.34057193""], [""167.347163"", ""-72.83554225""], [""165.9284214"", ""-75.11424394""], [""157.4015199"", ""-74.57072605""], [""159.8130794"", ""-72.34057193""]]",-73.75836509,1.4.00,ISRO,Copernicus GLO-30,25,2026202063000,5131,SSAR,"[[""166.4365353"", ""-75.46698165""], [""155.9804806"", ""-74.54348001""], [""159.5640921"", ""-72.01831897""], [""168.5955201"", ""-72.79898885""], [""166.4365353"", ""-75.46698165""]]",SAT_SEN_MODE,J,Y,2026-07-22 22:50:04,2026202063004_15_125,15,21-JUL-2026
NISAR_S2_PR_GUNW_024_172_D_130_025_3700_SH_20260708T035535_20260708T035610_20260720T035534_20260720T035609_P00500_M_F_I_001,NISAR_S2_PR_GUNW_024_172_D_130_025_3700_SH_20260708T035535_20260708T035610_20260720T035534_20260720T035609_P00500_M_F_I_001,NISAR_SSAR_GUNW,172,D,130,172_D_130,HH,130,2026201035420,NISAR,Descending,True,5.477295137,20-JUL-2026,2026-07-20T03:55:34Z,5.991487936,2026-07-22T13:59:25,NISAR_S2_PR_GUNW_024_172_D_130_025_3700_SH_20260708T035535_20260708T035610_20260720T035534_20260720T035609_P00500_M_F_I_001,ObsId_Track_Frame,STUCGUFED,NISAR_SSAR_W,5119,-175.4320153,W,41.46401215,247,F,Left,"[[""-179.1636957"", ""-81.78215308""], [""-163.4162755"", ""-82.73832022""], [""-169.5538575"", ""-84.67885054""], [""171.2317221"", ""-83.45139624""], [""-179.1636957"", ""-81.78215308""]]",-83.25249417,1.4.00,ISRO,Copernicus GLO-30,24,2026201035340,5115,SSAR,"[[""-156.3979879"", ""-84.44311086""], [""167.2504915"", ""-84.77876922""], [""172.1497594"", ""-81.5726852""], [""-165.0911914"", ""-81.36159824""], [""-156.3979879"", ""-84.44311086""]]",SAT_SEN_MODE,J,Y,2026-07-22 14:11:37,2026201035420_172_130,172,20-JUL-2026
NISAR_S2_PR_GUNW_023_145_D_125_025_3700_SH_20260624T065551_20260624T065630_20260718T065550_20260718T065629_P00500_M_F_I_001,NISAR_S2_PR_GUNW_023_145_D_125_025_3700_SH_20260624T065551_20260624T065630_20260718T065550_20260718T065629_P00500_M_F_I_001,NISAR_SSAR_GUNW,145,D,125,145_D_125,HH,125,2026199065440,NISAR,Descending,True,5.486096823,18-JUL-2026,2026-07-18T06:55:50Z,5.990165612,2026-07-21T12:00:52,NISAR_S2_PR_GUNW_023_145_D_125_025_3700_SH_20260624T065551_20260624T065630_20260718T065550_20260718T065629_P00500_M_F_I_001,ObsId_Track_Frame,STUCGUFED,NISAR_SSAR_W,5090,156.3399607,W,41.42409897,247,F,Left,"[[""153.5561278"", ""-72.33893798""], [""161.0521836"", ""-72.83280338""], [""159.6824377"", ""-75.11373685""], [""151.1665276"", ""-74.57099191""], [""153.5561278"", ""-72.33893798""]]",-73.75610925,1.4.00,ISRO,Copernicus GLO-30,23,2026199065436,5088,SSAR,"[[""159.666762"", ""-75.71138636""], [""148.9575235"", ""-74.37750316""], [""153.8048922"", ""-71.7892779""], [""163.1486378"", ""-72.90979115""], [""159.666762"", ""-75.71138636""]]",SAT_SEN_MODE,J,Y,2026-07-21 12:12:09,2026199065440_145_125,145,18-JUL-2026
NISAR_S2_PR_GUNW_023_115_D_129_025_3700_SH_20260622T050141_20260622T050214_20260716T050140_20260716T050213_P00500_M_F_I_001,NISAR_S2_PR_GUNW_023_115_D_129_025_3700_SH_20260622T050141_20260622T050214_20260716T050140_20260716T050213_P00500_M_F_I_001,NISAR_SSAR_GUNW,115,D,129,115_D_129,HH,129,2026197050040,NISAR,Descending,True,5.478675981,16-JUL-2026,2026-07-16T05:01:40Z,5.994349352,2026-07-18T06:25:03,NISAR_S2_PR_GUNW_023_115_D_129_025_3700_SH_20260622T050141_20260622T050214_20260716T050140_20260716T050213_P00500_M_F_I_001,ObsId_Track_Frame,STUCGUFED,NISAR_SSAR_W,5060,173.8186748,W,41.435112,247,F,Left,"[[""169.8062986"", ""-80.23810943""], [""-176.9552592"", ""-81.03541874""], [""179.3691174"", ""-82.9103952""], [""163.521964"", ""-81.94351334""], [""169.8062986"", ""-80.23810943""]]",-81.60153118,1.4.00,ISRO,Copernicus GLO-30,23,2026197050036,5058,SSAR,"[[""-174.6137497"", ""-83.0194732""], [""160.4430235"", ""-82.62583142""], [""165.7528753"", ""-79.98114589""], [""-176.1445078"", ""-80.26592736""], [""-174.6137497"", ""-83.0194732""]]",SAT_SEN_MODE,J,Y,2026-07-18 06:37:03,2026197050040_115_129,115,16-JUL-2026
NISAR_S2_PR_GUNW_023_115_D_128_025_3700_SH_20260622T050107_20260622T050145_20260716T050106_20260716T050143_P00500_M_F_I_001,NISAR_S2_PR_GUNW_023_115_D_128_025_3700_SH_20260622T050107_20260622T050145_20260716T050106_20260716T050143_P00500_M_F_I_001,NISAR_SSAR_GUNW,115,D,128,115_D_128,HH,128,2026197050040,NISAR,Descending,True,5.479880272,16-JUL-2026,2026-07-16T05:01:06Z,5.995794032,2026-07-18T11:54:39,NISAR_S2_PR_GUNW_023_115_D_128_025_3700_SH_20260622T050107_20260622T050145_20260716T050106_20260716T050143_P00500_M_F_I_001,ObsId_Track_Frame,STUCGUFED,NISAR_SSAR_W,5060,177.9478582,W,41.46593094,247,F,Left,"[[""174.3905169"", ""-78.39293616""], [""-174.4327785"", ""-79.07124539""], [""-177.3291779"", ""-81.2306379""], [""169.2371052"", ""-80.41972594""], [""174.3905169"", ""-78.39293616""]]",-79.83620592,1.4.00,ISRO,Copernicus GLO-30,23,2026197050036,5058,SSAR,"[[""-171.7898843"", ""-81.29220644""], [""167.1178348"", ""-81.15943147""], [""170.4272916"", ""-78.16593718""], [""-173.9268614"", ""-78.26419491""], [""-171.7898843"", ""-81.29220644""]]",SAT_SEN_MODE,J,Y,2026-07-18 12:06:10,2026197050040_115_128,115,16-JUL-2026
NISAR_S2_PR_GUNW_023_086_D_130_025_3700_SH_20260620T044532_20260620T044607_20260714T044531_20260714T044606_P00500_M_F_I_001,NISAR_S2_PR_GUNW_023_086_D_130_025_3700_SH_20260620T044532_20260620T044607_20260714T044531_20260714T044606_P00500_M_F_I_001,NISAR_SSAR_GUNW,86,D,130,086_D_130,HH,130,2026195044404,NISAR,Descending,True,5.477360251,14-JUL-2026,2026-07-14T04:45:31Z,5.994430275,2026-07-19T20:40:25,NISAR_S2_PR_GUNW_023_086_D_130_025_3700_SH_20260620T044532_20260620T044607_20260714T044531_20260714T044606_P00500_M_F_I_001,ObsId_Track_Frame,STUCGUFED,NISAR_SSAR_W,5031,172.2226631,W,41.52350235,247,F,Left,"[[""168.4986903"", ""-81.76853326""], [""-175.9738611"", ""-82.71219334""], [""177.8589728"", ""-84.67560641""], [""158.9787136"", ""-83.47497658""], [""168.4986903"", ""-81.76853326""]]",-83.24336602,1.4.00,ISRO,Copernicus GLO-30,23,2026195044400,5029,SSAR,"[[""-172.5060352"", ""-84.77013256""], [""153.8756769"", ""-84.22565796""], [""162.7279019"", ""-81.44491745""], [""-175.2325189"", ""-81.80114715""], [""-172.5060352"", ""-84.77013256""]]",SAT_SEN_MODE,J,Y,2026-07-19 20:55:08,2026195044404_86_130,86,14-JUL-2026
NISAR_S2_PR_GUNW_023_086_D_129_025_3700_SH_20260620T044503_20260620T044535_20260714T044501_20260714T044534_P00500_M_F_I_001,NISAR_S2_PR_GUNW_023_086_D_129_025_3700_SH_20260620T044503_20260620T044535_20260714T044501_20260714T044534_P00500_M_F_I_001,NISAR_SSAR_GUNW,86,D,129,086_D_129,HH,129,2026195044404,NISAR,Descending,True,5.478577294,14-JUL-2026,2026-07-14T04:45:01Z,5.993927505,2026-07-19T18:26:41,NISAR_S2_PR_GUNW_023_086_D_129_025_3700_SH_20260620T044503_20260620T044535_20260714T044501_20260714T044534_P00500_M_F_I_001,ObsId_Track_Frame,STUCGUFED,NISAR_SSAR_W,5031,177.9595199,W,41.4563179,247,F,Left,"[[""173.9311505"", ""-80.25513855""], [""-172.8172343"", ""-81.0528884""], [""-176.4664209"", ""-82.91125387""], [""167.6947344"", ""-81.94537328""], [""173.9311505"", ""-80.25513855""]]",-81.61074903,1.4.00,ISRO,Copernicus GLO-30,23,2026195044400,5029,SSAR,"[[""-169.4067544"", ""-82.94344916""], [""164.7356296"", ""-82.81039489""], [""169.0987323"", ""-80.00302115""], [""-172.4811881"", ""-80.09782912""], [""-169.4067544"", ""-82.94344916""]]",SAT_SEN_MODE,J,Y,2026-07-19 18:37:44,2026195044404_86_129,86,14-JUL-2026
NISAR_S2_PR_GUNW_023_086_D_128_025_3700_SH_20260620T044428_20260620T044506_20260714T044427_20260714T044505_P00500_M_F_I_001,NISAR_S2_PR_GUNW_023_086_D_128_025_3700_SH_20260620T044428_20260620T044506_20260714T044427_20260714T044505_P00500_M_F_I_001,NISAR_SSAR_GUNW,86,D,128,086_D_128,HH,128,2026195044404,NISAR,Descending,True,5.56480887,14-JUL-2026,2026-07-14T04:44:27Z,5.996075206,2026-07-19T21:32:09,NISAR_S2_PR_GUNW_023_086_D_128_025_3700_SH_20260620T044428_20260620T044506_20260714T044427_20260714T044505_P00500_M_F_I_001,ObsId_Track_Frame,STUCGUFED,NISAR_SSAR_W,5031,-177.8894506,W,41.4289856,247,F,Left,"[[""178.565956"", ""-78.38997729""], [""-170.2708682"", ""-79.06740799""], [""-173.1717543"", ""-81.22997935""], [""173.4078901"", ""-80.41996339""], [""178.565956"", ""-78.38997729""]]",-79.83434643,1.4.00,ISRO,Copernicus GLO-30,23,2026195044400,5029,SSAR,"[[""-166.6633422"", ""-81.19731994""], [""171.5233299"", ""-81.33958859""], [""173.7979384"", ""-78.20198858""], [""-170.192747"", ""-78.09781625""], [""-166.6633422"", ""-81.19731994""]]",SAT_SEN_MODE,J,Y,2026-07-19 21:50:08,2026195044404_86_128,86,14-JUL-2026
NISAR_S2_PR_GUNW_023_072_D_128_025_3700_SH_20260619T052605_20260619T052643_20260713T052604_20260713T052642_P00500_M_F_I_001,NISAR_S2_PR_GUNW_023_072_D_128_025_3700_SH_20260619T052605_20260619T052643_20260713T052604_20260713T052642_P00500_M_F_I_001,NISAR_SSAR_GUNW,72,D,128,072_D_128,HH,128,2026194052532,NISAR,Descending,True,5.479648468,13-JUL-2026,2026-07-13T05:26:04Z,5.99606196,2026-07-19T17:31:06,NISAR_S2_PR_GUNW_023_072_D_128_025_3700_SH_20260619T052605_20260619T052643_20260713T052604_20260713T052642_P00500_M_F_I_001,ObsId_Track_Frame,STUCGUFED,NISAR_SSAR_W,5019,171.7101519,W,41.4407196,247,F,Left,"[[""168.1492946"", ""-78.39582781""], [""179.3149162"", ""-79.07344718""], [""176.4190268"", ""-81.23086897""], [""163.0011205"", ""-80.420942""], [""168.1492946"", ""-78.39582781""]]",-79.83785052,1.4.00,ISRO,Copernicus GLO-30,23,2026194052528,5015,SSAR,"[[""-179.5602866"", ""-81.38087501""], [""160.8687598"", ""-80.87926779""], [""165.4220784"", ""-78.14060858""], [""-179.6703386"", ""-78.51972968""], [""-179.5602866"", ""-81.38087501""]]",SAT_SEN_MODE,J,Y,2026-07-19 17:42:16,2026194052532_72_128,72,13-JUL-2026
NISAR_S2_PR_GUNW_023_072_D_127_025_3700_SH_20260619T052531_20260619T052609_20260713T052529_20260713T052607_P00500_M_F_I_001,NISAR_S2_PR_GUNW_023_072_D_127_025_3700_SH_20260619T052531_20260619T052609_20260713T052529_20260713T052607_P00500_M_F_I_001,NISAR_SSAR_GUNW,72,D,127,072_D_127,HH,127,2026194052532,NISAR,Descending,True,5.480990829,13-JUL-2026,2026-07-13T05:25:29Z,5.996153686,2026-07-19T16:10:22,NISAR_S2_PR_GUNW_023_072_D_127_025_3700_SH_20260619T052531_20260619T052609_20260713T052529_20260713T052607_P00500_M_F_I_001,ObsId_Track_Frame,STUCGUFED,NISAR_SSAR_W,5019,174.9000581,W,41.40330505,247,F,Left,"[[""171.5486647"", ""-76.46866314""], [""-178.7785717"", ""-77.06696516""], [""179.1129172"", ""-79.25435063""], [""167.7303201"", ""-78.56300728""], [""171.5486647"", ""-76.46866314""]]",-77.88580851,1.4.00,ISRO,Copernicus GLO-30,23,2026194052528,5015,SSAR,"[[""-177.3958185"", ""-79.38251642""], [""166.1739382"", ""-79.07874356""], [""169.1402777"", ""-76.17175825""], [""-177.96948"", ""-76.40870336""], [""-177.3958185"", ""-79.38251642""]]",SAT_SEN_MODE,J,Y,2026-07-19 16:25:44,2026194052532_72_127,72,13-JUL-2026
NISAR_S2_PR_GUNW_023_058_D_126_025_3700_SH_20260618T060631_20260618T060710_20260712T060630_20260712T060708_P00500_M_F_I_001,NISAR_S2_PR_GUNW_023_058_D_126_025_3700_SH_20260618T060631_20260618T060710_20260712T060630_20260712T060708_P00500_M_F_I_001,NISAR_SSAR_GUNW,58,D,126,058_D_126,HH,126,2026193060516,NISAR,Descending,True,5.482446288,12-JUL-2026,2026-07-12T06:06:30Z,5.997373853,2026-07-19T11:40:16,NISAR_S2_PR_GUNW_023_058_D_126_025_3700_SH_20260618T060631_20260618T060710_20260712T060630_20260712T060708_P00500_M_F_I_001,ObsId_Track_Frame,STUCGUFED,NISAR_SSAR_W,5004,167.026366,W,41.47063828,247,F,Left,"[[""163.988664"", ""-74.40329457""], [""172.3385227"", ""-74.93310541""], [""170.6987976"", ""-77.16716258""], [""161.0345608"", ""-76.57025696""], [""163.988664"", ""-74.40329457""]]",-75.80782725,1.4.00,ISRO,Copernicus GLO-30,23,2026193060512,5001,SSAR,"[[""171.7896574"", ""-77.3354382""], [""159.9515122"", ""-76.66240128""], [""163.1839146"", ""-74.22276846""], [""173.1858021"", ""-74.7834868""], [""171.7896574"", ""-77.3354382""]]",SAT_SEN_MODE,J,Y,2026-07-19 11:50:05,2026193060516_58_126,58,12-JUL-2026
NISAR_S2_PR_GUNW_023_058_D_125_025_3700_SH_20260618T060555_20260618T060634_20260712T060554_20260712T060633_P00500_M_F_I_001,NISAR_S2_PR_GUNW_023_058_D_125_025_3700_SH_20260618T060555_20260618T060634_20260712T060554_20260712T060633_P00500_M_F_I_001,NISAR_SSAR_GUNW,58,D,125,058_D_125,HH,125,2026193060516,NISAR,Descending,True,5.484059518,12-JUL-2026,2026-07-12T06:05:54Z,5.996339564,2026-07-19T12:30:24,NISAR_S2_PR_GUNW_023_058_D_125_025_3700_SH_20260618T060555_20260618T060634_20260712T060554_20260712T060633_P00500_M_F_I_001,ObsId_Track_Frame,STUCGUFED,NISAR_SSAR_W,5004,168.905754,W,41.45363998,247,F,Left,"[[""166.1837935"", ""-72.35128644""], [""173.5423595"", ""-72.83308225""], [""172.1939091"", ""-75.11489151""], [""163.7192489"", ""-74.57679225""], [""166.1837935"", ""-72.35128644""]]",-73.75138792,1.4.00,ISRO,Copernicus GLO-30,23,2026193060512,5001,SSAR,"[[""173.237711"", ""-75.27743013""], [""162.7902339"", ""-74.70110398""], [""165.3284721"", ""-72.16522778""], [""174.2764357"", ""-72.6529704""], [""173.237711"", ""-75.27743013""]]",SAT_SEN_MODE,J,Y,2026-07-19 12:52:04,2026193060516_58_125,58,12-JUL-2026
NISAR_S2_PR_GUNW_024_015_D_125_025_3700_SH_20260627T063053_20260627T063132_20260709T063052_20260709T063132_P00500_M_F_I_001,NISAR_S2_PR_GUNW_024_015_D_125_025_3700_SH_20260627T063053_20260627T063132_20260709T063052_20260709T063132_P00500_M_F_I_001,NISAR_SSAR_GUNW,15,D,125,015_D_125,HH,125,2026190063004,NISAR,Descending,True,5.485639202,09-JUL-2026,2026-07-09T06:30:52Z,5.99428787,2026-07-18T12:22:55,NISAR_S2_PR_GUNW_024_015_D_125_025_3700_SH_20260627T063053_20260627T063132_20260709T063052_20260709T063132_P00500_M_F_I_001,ObsId_Track_Frame,STUCGUFED,NISAR_SSAR_W,4959,162.5737686,W,41.46822739,247,F,Left,"[[""159.8335866"", ""-72.34247189""], [""167.2896918"", ""-72.83304016""], [""165.856758"", ""-75.11126578""], [""157.4242073"", ""-74.5727904""], [""159.8335866"", ""-72.34247189""]]",-73.75698509,1.4.00,ISRO,Copernicus GLO-30,24,2026190063000,4958,SSAR,"[[""166.4365353"", ""-75.46698165""], [""155.9804806"", ""-74.54348001""], [""159.5640921"", ""-72.01831897""], [""168.5955201"", ""-72.79898885""], [""166.4365353"", ""-75.46698165""]]",SAT_SEN_MODE,J,Y,2026-07-18 12:33:27,2026190063004_15_125,15,09-JUL-2026
NISAR_S2_PR_GUNW_023_172_D_130_024_3700_SH_20260626T035536_20260626T035611_20260708T035535_20260708T035610_P00500_M_F_I_001,NISAR_S2_PR_GUNW_023_172_D_130_024_3700_SH_20260626T035536_20260626T035611_20260708T035535_20260708T035610_P00500_M_F_I_001,NISAR_SSAR_GUNW,172,D,130,172_D_130,HH,130,2026189035420,NISAR,Descending,True,5.477234731,08-JUL-2026,2026-07-08T03:55:35Z,5.994347169,2026-07-18T14:13:06,NISAR_S2_PR_GUNW_023_172_D_130_024_3700_SH_20260626T035536_20260626T035611_20260708T035535_20260708T035610_P00500_M_F_I_001,ObsId_Track_Frame,STUCGUFED,NISAR_SSAR_W,4947,-175.4411877,W,41.45763016,247,F,Left,"[[""-179.0932243"", ""-81.7883438""], [""-163.5248446"", ""-82.73423151""], [""-169.6967869"", ""-84.67344789""], [""171.3097431"", ""-83.45904017""], [""-179.0932243"", ""-81.7883438""]]",-83.25190826,1.4.00,ISRO,Copernicus GLO-30,23,2026189035340,4942,SSAR,"[[""-156.3979879"", ""-84.44311086""], [""167.2504915"", ""-84.77876922""], [""172.1497594"", ""-81.5726852""], [""-165.0911914"", ""-81.36159824""], [""-156.3979879"", ""-84.44311086""]]",SAT_SEN_MODE,J,Y,2026-07-18 14:25:14,2026189035420_172_130,172,08-JUL-2026
NISAR_S2_PR_GUNW_026_016_D_122_028_3700_SH_20260721T080857_20260721T080936_20260814T080856_20260814T080935_P00500_M_F_I_001,NISAR_S2_PR_GUNW_026_016_D_122_028_3700_SH_20260721T080857_20260721T080936_20260814T080856_20260814T080935_P00500_M_F_I_001,NISAR_SSAR_GUNW,16,D,122,016_D_122,HH,122,2026226080856,NISAR,Descending,True,5.490715421,14-AUG-2026,2026-08-14T08:08:56Z,5.987306822,2026-08-16T14:24:23,NISAR_S2_PR_GUNW_026_016_D_122_028_3700_SH_20260721T080857_20260721T080936_20260814T080856_20260814T080935_P00500_M_F_I_001,ObsId_Track_Frame,STUCGUFED,NISAR_SSAR_W,5480,141.5631993,W,41.4152298,247,F,Left,"[[""139.310867"", ""-66.13295329""], [""144.952134"", ""-66.55249873""], [""144.1205024"", ""-68.83689587""], [""137.9640326"", ""-68.40084557""], [""139.310867"", ""-66.13295329""]]",-67.50324733,1.4.00,ISRO,Copernicus GLO-30,26,2026226080852,5478,SSAR,"[[""142.4302671"", ""-69.90915884""], [""135.2727785"", ""-67.63966201""], [""140.8798814"", ""-65.1336425""], [""147.7236264"", ""-67.128131""], [""142.4302671"", ""-69.90915884""]]",SAT_SEN_MODE,J,Y,2026-08-16 14:36:06,2026226080856_16_122,16,14-AUG-2026
NISAR_S2_PR_GUNW_026_015_D_124_028_3700_SH_20260721T063016_20260721T063055_20260814T063015_20260814T063054_P00500_M_F_I_001,NISAR_S2_PR_GUNW_026_015_D_124_028_3700_SH_20260721T063016_20260721T063055_20260814T063015_20260814T063054_P00500_M_F_I_001,NISAR_SSAR_GUNW,15,D,124,015_D_124,HH,124,2026226063004,NISAR,Descending,True,5.570668297,14-AUG-2026,2026-08-14T06:30:15Z,5.994937962,2026-08-16T12:15:00,NISAR_S2_PR_GUNW_026_015_D_124_028_3700_SH_20260721T063016_20260721T063055_20260814T063015_20260814T063054_P00500_M_F_I_001,ObsId_Track_Frame,STUCGUFED,NISAR_SSAR_W,5480,164.1190201,W,41.43782806,247,F,Left,"[[""161.5113381"", ""-70.31862281""], [""168.2098289"", ""-70.77792508""], [""167.1694546"", ""-73.01724688""], [""159.6774344"", ""-72.52572732""], [""161.5113381"", ""-70.31862281""]]",-71.6978696,1.4.00,ISRO,Copernicus GLO-30,26,2026226063000,5477,SSAR,"[[""167.6332663"", ""-73.34340585""], [""158.4147094"", ""-72.51502171""], [""161.267568"", ""-70.01669307""], [""169.3563565"", ""-70.73058483""], [""167.6332663"", ""-73.34340585""]]",SAT_SEN_MODE,J,Y,2026-08-16 12:25:05,2026226063004_15_124,15,14-AUG-2026
NISAR_S2_PR_GUNW_026_015_D_123_028_3700_SH_20260721T063001_20260721T063020_20260814T063000_20260814T063018_P00500_M_P_I_001,NISAR_S2_PR_GUNW_026_015_D_123_028_3700_SH_20260721T063001_20260721T063020_20260814T063000_20260814T063018_P00500_M_P_I_001,NISAR_SSAR_GUNW,15,D,123,015_D_123,HH,123,2026226063004,NISAR,Descending,True,5.486277397,14-AUG-2026,2026-08-14T06:30:00Z,5.992489314,2026-08-16T10:22:22,NISAR_S2_PR_GUNW_026_015_D_123_028_3700_SH_20260721T063001_20260721T063020_20260814T063000_20260814T063018_P00500_M_P_I_001,ObsId_Track_Frame,STUCGUFED,NISAR_SSAR_W,5480,165.0874374,W,41.42137146,247,P,Left,"[[""162.1901473"", ""-69.42659294""], [""168.7131055"", ""-69.87914522""], [""168.2330414"", ""-70.96720477""], [""161.3647704"", ""-70.4998867""], [""162.1901473"", ""-69.42659294""]]",-70.22838497,1.4.00,ISRO,Copernicus GLO-30,26,2026226063000,5477,SSAR,"[[""168.6112455"", ""-71.26844165""], [""160.3318926"", ""-70.51347286""], [""162.7484577"", ""-67.94336989""], [""170.0733225"", ""-68.6003544""], [""168.6112455"", ""-71.26844165""]]",SAT_SEN_MODE,J,Y,2026-08-16 10:30:13,2026226063004_15_123,15,14-AUG-2026
NISAR_S2_PR_GUNW_024_160_D_123_027_3700_SH_20260707T075255_20260707T075334_20260812T075253_20260812T075317_P00500_M_F_I_001,NISAR_S2_PR_GUNW_024_160_D_123_027_3700_SH_20260707T075255_20260707T075334_20260812T075253_20260812T075317_P00500_M_F_I_001,NISAR_SSAR_GUNW,160,D,123,160_D_123,HH,123,2026224075220,NISAR,Descending,True,5.488899796,12-AUG-2026,2026-08-12T07:52:53Z,5.993684271,2026-08-15T12:54:17,NISAR_S2_PR_GUNW_024_160_D_123_027_3700_SH_20260707T075255_20260707T075334_20260812T075253_20260812T075317_P00500_M_F_I_001,ObsId_Track_Frame,STUCGUFED,NISAR_SSAR_W,5451,144.5914585,W,41.4106636,247,F,Left,"[[""142.1825742"", ""-68.21333699""], [""148.3373605"", ""-68.65244441""], [""147.383758"", ""-70.96342285""], [""140.5449156"", ""-70.4970353""], [""142.1825742"", ""-68.21333699""]]",-69.61230179,1.4.00,ISRO,Copernicus GLO-30,24,2026224075216,5449,SSAR,"[[""145.9797845"", ""-71.96362852""], [""137.7991329"", ""-69.85995764""], [""143.5526981"", ""-67.28971538""], [""151.1986604"", ""-69.11173728""], [""145.9797845"", ""-71.96362852""]]",SAT_SEN_MODE,J,Y,2026-08-15 13:09:20,2026224075220_160_123,160,12-AUG-2026
NISAR_S2_PR_GUNW_024_160_D_122_027_3700_SH_20260707T075219_20260707T075258_20260812T075217_20260812T075256_P00500_M_F_I_001,NISAR_S2_PR_GUNW_024_160_D_122_027_3700_SH_20260707T075219_20260707T075258_20260812T075217_20260812T075256_P00500_M_F_I_001,NISAR_SSAR_GUNW,160,D,122,160_D_122,HH,122,2026224075220,NISAR,Descending,True,5.489548877,12-AUG-2026,2026-08-12T07:52:17Z,5.99670276,2026-08-15T14:29:23,NISAR_S2_PR_GUNW_024_160_D_122_027_3700_SH_20260707T075219_20260707T075258_20260812T075217_20260812T075256_P00500_M_F_I_001,ObsId_Track_Frame,STUCGUFED,NISAR_SSAR_W,5451,145.7325179,W,41.39956284,247,F,Left,"[[""143.478866"", ""-66.13423878""], [""149.1382032"", ""-66.55452403""], [""148.2994894"", ""-68.83845751""], [""142.1059477"", ""-68.39974488""], [""143.478866"", ""-66.13423878""]]",-67.50724794,1.4.00,ISRO,Copernicus GLO-30,24,2026224075216,5449,SSAR,"[[""147.0800323"", ""-69.82763252""], [""139.5820219"", ""-67.80559926""], [""144.6359506"", ""-65.21232548""], [""151.650724"", ""-66.98272473""], [""147.0800323"", ""-69.82763252""]]",SAT_SEN_MODE,J,Y,2026-08-15 14:44:03,2026224075220_160_122,160,12-AUG-2026
NISAR_S2_PR_GUNW_025_145_D_124_027_3700_SH_20260718T065515_20260718T065553_20260811T065514_20260811T065552_P00500_M_F_I_001,NISAR_S2_PR_GUNW_025_145_D_124_027_3700_SH_20260718T065515_20260718T065553_20260811T065514_20260811T065552_P00500_M_F_I_001,NISAR_SSAR_GUNW,145,D,124,145_D_124,HH,124,2026223065440,NISAR,Descending,True,5.487814664,11-AUG-2026,2026-08-11T06:55:14Z,5.984843852,2026-08-13T19:44:00,NISAR_S2_PR_GUNW_025_145_D_124_027_3700_SH_20260718T065515_20260718T065553_20260811T065514_20260811T065552_P00500_M_F_I_001,ObsId_Track_Frame,STUCGUFED,NISAR_SSAR_W,5437,157.8923249,W,41.42076111,247,F,Left,"[[""155.256484"", ""-70.31606047""], [""162.0358258"", ""-70.77986987""], [""160.9851902"", ""-73.01853754""], [""153.3492869"", ""-72.516892""], [""155.256484"", ""-70.31606047""]]",-71.69786011,1.4.00,ISRO,Copernicus GLO-30,25,2026223065436,5434,SSAR,"[[""160.9616539"", ""-73.59275992""], [""151.4662711"", ""-72.36407509""], [""155.431379"", ""-69.78755459""], [""163.8199193"", ""-70.83973827""], [""160.9616539"", ""-73.59275992""]]",SAT_SEN_MODE,J,Y,2026-08-13 19:55:11,2026223065440_145_124,145,11-AUG-2026
NISAR_S2_PR_GUNW_025_145_D_123_027_3700_SH_20260718T065438_20260718T065518_20260811T065437_20260811T065517_P00500_M_F_I_001,NISAR_S2_PR_GUNW_025_145_D_123_027_3700_SH_20260718T065438_20260718T065518_20260811T065437_20260811T065517_P00500_M_F_I_001,NISAR_SSAR_GUNW,145,D,123,145_D_123,HH,123,2026223065440,NISAR,Descending,True,5.57122959,11-AUG-2026,2026-08-11T06:54:37Z,5.991160961,2026-08-13T19:59:03,NISAR_S2_PR_GUNW_025_145_D_123_027_3700_SH_20260718T065438_20260718T065518_20260811T065437_20260811T065517_P00500_M_F_I_001,ObsId_Track_Frame,STUCGUFED,NISAR_SSAR_W,5437,159.1889664,W,41.4246254,247,F,Left,"[[""156.7821504"", ""-68.2174491""], [""162.9511867"", ""-68.65594476""], [""161.970919"", ""-70.96555977""], [""155.172652"", ""-70.50360215""], [""156.7821504"", ""-68.2174491""]]",-69.61748056,1.4.00,ISRO,Copernicus GLO-30,25,2026223065436,5434,SSAR,"[[""162.0031035"", ""-71.51733235""], [""153.4263819"", ""-70.36660447""], [""156.867678"", ""-67.70509099""], [""164.4928736"", ""-68.70014127""], [""162.0031035"", ""-71.51733235""]]",SAT_SEN_MODE,J,Y,2026-08-13 20:09:08,2026223065440_145_123,145,11-AUG-2026
NISAR_S2_PR_GUNW_025_145_D_122_027_3700_SH_20260718T065437_20260718T065442_20260811T065435_20260811T065441_P00500_M_P_I_001,NISAR_S2_PR_GUNW_025_145_D_122_027_3700_SH_20260718T065437_20260718T065442_20260811T065435_20260811T065441_P00500_M_P_I_001,NISAR_SSAR_GUNW,145,D,122,145_D_122,HH,122,2026223065440,NISAR,Descending,True,5.488198634,11-AUG-2026,2026-08-11T06:54:35Z,5.993564999,2026-08-13T17:04:48,NISAR_S2_PR_GUNW_025_145_D_122_027_3700_SH_20260718T065437_20260718T065442_20260811T065435_20260811T065441_P00500_M_P_I_001,ObsId_Track_Frame,STUCGUFED,NISAR_SSAR_W,5437,159.7921981,W,41.41248322,247,P,Left,"[[""156.8427388"", ""-68.11695043""], [""162.9824981"", ""-68.5544918""], [""162.8536451"", ""-68.87923923""], [""156.6260833"", ""-68.43815325""], [""156.8427388"", ""-68.11695043""]]",-68.52820758,1.4.00,ISRO,Copernicus GLO-30,25,2026223065436,5434,SSAR,"[[""162.9240448"", ""-69.36481009""], [""155.1669069"", ""-68.28926457""], [""158.0844784"", ""-65.6445582""], [""165.0479713"", ""-66.58652676""], [""162.9240448"", ""-69.36481009""]]",SAT_SEN_MODE,J,Y,2026-08-13 17:21:06,2026223065440_145_122,145,11-AUG-2026
NISAR_S2_PR_GUNW_025_131_D_123_027_3700_SH_20260717T073615_20260717T073655_20260810T073614_20260810T073645_P00500_M_F_I_001,NISAR_S2_PR_GUNW_025_131_D_123_027_3700_SH_20260717T073615_20260717T073655_20260810T073614_20260810T073645_P00500_M_F_I_001,NISAR_SSAR_GUNW,131,D,123,131_D_123,HH,123,2026222073600,NISAR,Descending,True,5.488702226,10-AUG-2026,2026-08-10T07:36:14Z,5.991973605,2026-08-12T01:16:08,NISAR_S2_PR_GUNW_025_131_D_123_027_3700_SH_20260717T073615_20260717T073655_20260810T073614_20260810T073645_P00500_M_F_I_001,ObsId_Track_Frame,STUCGUFED,NISAR_SSAR_W,5422,148.7633375,W,41.4275322,247,F,Left,"[[""146.3495918"", ""-68.21447232""], [""152.5043871"", ""-68.65335027""], [""151.5608"", ""-70.9647987""], [""144.723623"", ""-70.49920049""], [""146.3495918"", ""-68.21447232""]]",-69.6145881,1.4.00,ISRO,Copernicus GLO-30,25,2026222073556,5420,SSAR,"[[""150.6388533"", ""-71.8609621""], [""142.1778326"", ""-70.02115842""], [""147.3075994"", ""-67.3810251""], [""155.0564713"", ""-68.96986306""], [""150.6388533"", ""-71.8609621""]]",SAT_SEN_MODE,J,Y,2026-08-12 01:28:03,2026222073600_131_123,131,10-AUG-2026
NISAR_S2_PR_GUNW_025_058_D_124_026_3700_SH_20260712T060519_20260712T060557_20260724T060518_20260724T060556_P00500_M_F_I_001,NISAR_S2_PR_GUNW_025_058_D_124_026_3700_SH_20260712T060519_20260712T060557_20260724T060518_20260724T060556_P00500_M_F_I_001,NISAR_SSAR_GUNW,58,D,124,058_D_124,HH,124,2026205060516,NISAR,Descending,True,5.550125537,24-JUL-2026,2026-07-24T06:05:18Z,5.987568664,2026-07-26T03:28:15,NISAR_S2_PR_GUNW_025_058_D_124_026_3700_SH_20260712T060519_20260712T060557_20260724T060518_20260724T060556_P00500_M_F_I_001,ObsId_Track_Frame,STUCGUFED,NISAR_SSAR_W,5177,170.4522622,W,41.47990036,247,F,Left,"[[""167.7599132"", ""-70.31750247""], [""174.5592035"", ""-70.78151384""], [""173.4570439"", ""-73.01774183""], [""165.9140466"", ""-72.52355933""], [""167.7599132"", ""-70.31750247""]]",-71.69034808,1.4.00,ISRO,Copernicus GLO-30,25,2026205060512,5174,SSAR,"[[""174.4120289"", ""-73.17182419""], [""165.1036193"", ""-72.67657202""], [""167.0664343"", ""-70.14913192""], [""175.1720262"", ""-70.57580452""], [""174.4120289"", ""-73.17182419""]]",SAT_SEN_MODE,J,Y,2026-07-26 03:48:03,2026205060516_58_124,58,24-JUL-2026
NISAR_S2_PR_GUNW_025_016_D_122_026_3700_SH_20260709T080858_20260709T080937_20260721T080857_20260721T080936_P00500_M_F_I_001,NISAR_S2_PR_GUNW_025_016_D_122_026_3700_SH_20260709T080858_20260709T080937_20260721T080857_20260721T080936_P00500_M_F_I_001,NISAR_SSAR_GUNW,16,D,122,016_D_122,HH,122,2026202080856,NISAR,Descending,True,5.490484931,21-JUL-2026,2026-07-21T08:08:57Z,5.987051612,2026-07-23T00:31:22,NISAR_S2_PR_GUNW_025_016_D_122_026_3700_SH_20260709T080858_20260709T080937_20260721T080857_20260721T080936_P00500_M_F_I_001,ObsId_Track_Frame,STUCGUFED,NISAR_SSAR_W,5135,141.5636268,W,41.41627884,247,F,Left,"[[""139.3120309"", ""-66.13386646""], [""144.9517102"", ""-66.55325458""], [""144.1200735"", ""-68.83765341""], [""137.9653549"", ""-68.40177225""], [""139.3120309"", ""-66.13386646""]]",-67.50406605,1.4.00,ISRO,Copernicus GLO-30,25,2026202080852,5132,SSAR,"[[""142.4302671"", ""-69.90915884""], [""135.2727785"", ""-67.63966201""], [""140.8798814"", ""-65.1336425""], [""147.7236264"", ""-67.128131""], [""142.4302671"", ""-69.90915884""]]",SAT_SEN_MODE,J,Y,2026-07-23 00:49:07,2026202080856_16_122,16,21-JUL-2026
NISAR_S2_PR_GUNW_025_015_D_124_026_3700_SH_20260709T063017_20260709T063055_20260721T063016_20260721T063055_P00500_M_F_I_001,NISAR_S2_PR_GUNW_025_015_D_124_026_3700_SH_20260709T063017_20260709T063055_20260721T063016_20260721T063055_P00500_M_F_I_001,NISAR_SSAR_GUNW,15,D,124,015_D_124,HH,124,2026202063004,NISAR,Descending,True,5.486859995,21-JUL-2026,2026-07-21T06:30:16Z,5.996913533,2026-07-23T01:42:44,NISAR_S2_PR_GUNW_025_015_D_124_026_3700_SH_20260709T063017_20260709T063055_20260721T063016_20260721T063055_P00500_M_F_I_001,ObsId_Track_Frame,STUCGUFED,NISAR_SSAR_W,5134,164.1099341,W,41.38729095,247,F,Left,"[[""161.5088026"", ""-70.31644843""], [""168.1972397"", ""-70.77541519""], [""167.1525361"", ""-73.01458187""], [""159.6748229"", ""-72.52354297""], [""161.5088026"", ""-70.31644843""]]",-71.69529735,1.4.00,ISRO,Copernicus GLO-30,25,2026202063000,5131,SSAR,"[[""167.6332663"", ""-73.34340585""], [""158.4147094"", ""-72.51502171""], [""161.267568"", ""-70.01669307""], [""169.3563565"", ""-70.73058483""], [""167.6332663"", ""-73.34340585""]]",SAT_SEN_MODE,J,Y,2026-07-23 01:52:10,2026202063004_15_124,15,21-JUL-2026
NISAR_S2_PR_GUNW_023_145_D_124_025_3700_SH_20260624T065516_20260624T065554_20260718T065515_20260718T065553_P00500_M_F_I_001,NISAR_S2_PR_GUNW_023_145_D_124_025_3700_SH_20260624T065516_20260624T065554_20260718T065515_20260718T065553_P00500_M_F_I_001,NISAR_SSAR_GUNW,145,D,124,145_D_124,HH,124,2026199065440,NISAR,Descending,True,5.487571357,18-JUL-2026,2026-07-18T06:55:15Z,5.985233264,2026-07-21T12:02:54,NISAR_S2_PR_GUNW_023_145_D_124_025_3700_SH_20260624T065516_20260624T065554_20260718T065515_20260718T065553_P00500_M_F_I_001,ObsId_Track_Frame,STUCGUFED,NISAR_SSAR_W,5090,157.8913174,W,41.42238617,247,F,Left,"[[""155.2715103"", ""-70.31741148""], [""162.0179241"", ""-70.77903174""], [""160.9650477"", ""-73.01764938""], [""153.3659196"", ""-72.51834694""], [""155.2715103"", ""-70.31741148""]]",-71.69777778,1.4.00,ISRO,Copernicus GLO-30,23,2026199065436,5088,SSAR,"[[""160.9616539"", ""-73.59275992""], [""151.4662711"", ""-72.36407509""], [""155.431379"", ""-69.78755459""], [""163.8199193"", ""-70.83973827""], [""160.9616539"", ""-73.59275992""]]",SAT_SEN_MODE,J,Y,2026-07-21 12:13:04,2026199065440_145_124,145,18-JUL-2026
NISAR_S2_PR_GUNW_023_145_D_123_025_3700_SH_20260624T065440_20260624T065519_20260718T065438_20260718T065518_P00500_M_F_I_001,NISAR_S2_PR_GUNW_023_145_D_123_025_3700_SH_20260624T065440_20260624T065519_20260718T065438_20260718T065518_P00500_M_F_I_001,NISAR_SSAR_GUNW,145,D,123,145_D_123,HH,123,2026199065440,NISAR,Descending,True,5.487537519,18-JUL-2026,2026-07-18T06:54:38Z,5.994434789,2026-07-21T12:45:41,NISAR_S2_PR_GUNW_023_145_D_123_025_3700_SH_20260624T065440_20260624T065519_20260718T065438_20260718T065518_P00500_M_F_I_001,ObsId_Track_Frame,STUCGUFED,NISAR_SSAR_W,5090,159.1788621,W,41.42616272,247,F,Left,"[[""156.808382"", ""-68.21979335""], [""162.9040722"", ""-68.65348201""], [""161.918156"", ""-70.96297607""], [""155.2014675"", ""-70.50609655""], [""156.808382"", ""-68.21979335""]]",-69.61663522,1.4.00,ISRO,Copernicus GLO-30,23,2026199065436,5088,SSAR,"[[""162.0031035"", ""-71.51733235""], [""153.4263819"", ""-70.36660447""], [""156.867678"", ""-67.70509099""], [""164.4928736"", ""-68.70014127""], [""162.0031035"", ""-71.51733235""]]",SAT_SEN_MODE,J,Y,2026-07-21 12:56:11,2026199065440_145_123,145,18-JUL-2026
NISAR_S2_PR_GUNW_023_131_D_124_025_3700_SH_20260623T073653_20260623T073732_20260717T073652_20260717T073730_P00500_M_F_I_001,NISAR_S2_PR_GUNW_023_131_D_124_025_3700_SH_20260623T073653_20260623T073732_20260717T073652_20260717T073730_P00500_M_F_I_001,NISAR_SSAR_GUNW,131,D,124,131_D_124,HH,124,2026198073600,NISAR,Descending,True,5.487424873,17-JUL-2026,2026-07-17T07:36:52Z,5.991518983,2026-07-18T22:09:21,NISAR_S2_PR_GUNW_023_131_D_124_025_3700_SH_20260623T073653_20260623T073732_20260717T073652_20260717T073730_P00500_M_F_I_001,ObsId_Track_Frame,STUCGUFED,NISAR_SSAR_W,5076,147.4692654,W,41.40134811,247,F,Left,"[[""144.8599501"", ""-70.31708168""], [""151.6259755"", ""-70.77989616""], [""150.5324253"", ""-73.01660055""], [""142.9537207"", ""-72.51792555""], [""144.8599501"", ""-70.31708168""]]",-71.69348678,1.4.00,ISRO,Copernicus GLO-30,23,2026198073556,5074,SSAR,"[[""149.4428181"", ""-73.92637342""], [""140.2212503"", ""-72.01842544""], [""145.9950679"", ""-69.47791099""], [""154.4330011"", ""-71.11068713""], [""149.4428181"", ""-73.92637342""]]",SAT_SEN_MODE,J,Y,2026-07-18 22:24:47,2026198073600_131_124,131,17-JUL-2026
NISAR_S2_PR_GUNW_023_102_D_124_025_3700_SH_20260621T072014_20260621T072053_20260715T072013_20260715T072051_P00500_M_F_I_001,NISAR_S2_PR_GUNW_023_102_D_124_025_3700_SH_20260621T072014_20260621T072053_20260715T072013_20260715T072051_P00500_M_F_I_001,NISAR_SSAR_GUNW,102,D,124,102_D_124,HH,124,2026196071924,NISAR,Descending,True,5.487722141,15-JUL-2026,2026-07-15T07:20:13Z,5.991263404,2026-07-17T22:50:19,NISAR_S2_PR_GUNW_023_102_D_124_025_3700_SH_20260621T072014_20260621T072053_20260715T072013_20260715T072051_P00500_M_F_I_001,ObsId_Track_Frame,STUCGUFED,NISAR_SSAR_W,5048,151.632413,W,41.44247818,247,F,Left,"[[""149.0203438"", ""-70.31599736""], [""155.7918381"", ""-70.77915891""], [""154.6970692"", ""-73.01581286""], [""147.116867"", ""-72.51709293""], [""149.0203438"", ""-70.31599736""]]",-71.69341238,1.4.00,ISRO,Copernicus GLO-30,23,2026196071920,5045,SSAR,"[[""154.1120492"", ""-73.80385308""], [""144.6808855"", ""-72.16684122""], [""149.7435628"", ""-69.58845274""], [""158.2206443"", ""-70.98776016""], [""154.1120492"", ""-73.80385308""]]",SAT_SEN_MODE,J,Y,2026-07-17 23:04:03,2026196071924_102_124,102,15-JUL-2026
NISAR_S2_PR_GUNW_023_058_D_124_025_3700_SH_20260618T060520_20260618T060558_20260712T060519_20260712T060557_P00500_M_F_I_001,NISAR_S2_PR_GUNW_023_058_D_124_025_3700_SH_20260618T060520_20260618T060558_20260712T060519_20260712T060557_P00500_M_F_I_001,NISAR_SSAR_GUNW,58,D,124,058_D_124,HH,124,2026193060516,NISAR,Descending,True,5.498793754,12-JUL-2026,2026-07-12T06:05:19Z,5.988035847,2026-07-19T11:46:10,NISAR_S2_PR_GUNW_023_058_D_124_025_3700_SH_20260618T060520_20260618T060558_20260712T060519_20260712T060557_P00500_M_F_I_001,ObsId_Track_Frame,STUCGUFED,NISAR_SSAR_W,5004,170.4468861,W,41.48042297,247,F,Left,"[[""167.7933663"", ""-70.32058248""], [""174.5142892"", ""-70.77944207""], [""173.4064691"", ""-73.01553707""], [""165.9510366"", ""-72.52685996""], [""167.7933663"", ""-70.32058248""]]",-71.69012843,1.4.00,ISRO,Copernicus GLO-30,23,2026193060512,5001,SSAR,"[[""174.4120289"", ""-73.17182419""], [""165.1036193"", ""-72.67657202""], [""167.0664343"", ""-70.14913192""], [""175.1720262"", ""-70.57580452""], [""174.4120289"", ""-73.17182419""]]",SAT_SEN_MODE,J,Y,2026-07-19 11:58:03,2026193060516_58_124,58,12-JUL-2026
NISAR_S2_PR_GUNW_024_016_D_122_025_3700_SH_20260627T080858_20260627T080937_20260709T080858_20260709T080937_P00500_M_F_I_001,NISAR_S2_PR_GUNW_024_016_D_122_025_3700_SH_20260627T080858_20260627T080937_20260709T080858_20260709T080937_P00500_M_F_I_001,NISAR_SSAR_GUNW,16,D,122,016_D_122,HH,122,2026190080856,NISAR,Descending,True,5.578806975,09-JUL-2026,2026-07-09T08:08:58Z,5.959408432,2026-07-18T17:02:51,NISAR_S2_PR_GUNW_024_016_D_122_025_3700_SH_20260627T080858_20260627T080937_20260709T080858_20260709T080937_P00500_M_F_I_001,ObsId_Track_Frame,STUCGUFED,NISAR_SSAR_W,4961,141.6983151,W,41.77657318,247,F,Left,"[[""139.5777178"", ""-66.15824897""], [""144.9368094"", ""-66.55211108""], [""144.1036563"", ""-68.83649601""], [""138.2537809"", ""-68.42734304""], [""139.5777178"", ""-66.15824897""]]",-67.51349392,1.4.00,ISRO,Copernicus GLO-30,24,2026190080852,4959,SSAR,"[[""142.4302671"", ""-69.90915884""], [""135.2727785"", ""-67.63966201""], [""140.8798814"", ""-65.1336425""], [""147.7236264"", ""-67.128131""], [""142.4302671"", ""-69.90915884""]]",SAT_SEN_MODE,J,Y,2026-07-18 17:15:03,2026190080856_16_122,16,09-JUL-2026
NISAR_S2_PR_GUNW_024_015_D_124_025_3700_SH_20260627T063018_20260627T063056_20260709T063017_20260709T063055_P00500_M_F_I_001,NISAR_S2_PR_GUNW_024_015_D_124_025_3700_SH_20260627T063018_20260627T063056_20260709T063017_20260709T063055_P00500_M_F_I_001,NISAR_SSAR_GUNW,15,D,124,015_D_124,HH,124,2026190063004,NISAR,Descending,True,5.486564181,09-JUL-2026,2026-07-09T06:30:17Z,5.989679792,2026-07-18T13:39:21,NISAR_S2_PR_GUNW_024_015_D_124_025_3700_SH_20260627T063018_20260627T063056_20260709T063017_20260709T063055_P00500_M_F_I_001,ObsId_Track_Frame,STUCGUFED,NISAR_SSAR_W,4959,164.1504659,W,41.48276901,247,F,Left,"[[""161.547698"", ""-70.32028311""], [""168.2312509"", ""-70.77745768""], [""167.1948122"", ""-73.01689552""], [""159.7177846"", ""-72.52764023""], [""161.547698"", ""-70.32028311""]]",-71.69843737,1.4.00,ISRO,Copernicus GLO-30,24,2026190063000,4958,SSAR,"[[""167.6332663"", ""-73.34340585""], [""158.4147094"", ""-72.51502171""], [""161.267568"", ""-70.01669307""], [""169.3563565"", ""-70.73058483""], [""167.6332663"", ""-73.34340585""]]",SAT_SEN_MODE,J,Y,2026-07-18 13:53:03,2026190063004_15_124,15,09-JUL-2026
